{
"type": "FeatureCollection",
"name": "mst",
"crs": { "type": "name", "properties": { "name": "urn:ogc:def:crs:OGC:1.3:CRS84" } },
"features": [
{ "type": "Feature", "properties": { "Name": "Del Monte Center / Gate 1", "description": "stop_id: 0002\nagency: Monterey-Salinas Transit", "tessellate": -1, "extrude": 0, "visibility": -1 }, "geometry": { "type": "Point", "coordinates": [ -121.897395, 36.58463, 0.0 ] } },
{ "type": "Feature", "properties": { "Name": "Del Monte Center / Gate 2", "description": "stop_id: 0003\nagency: Monterey-Salinas Transit", "tessellate": -1, "extrude": 0, "visibility": -1 }, "geometry": { "type": "Point", "coordinates": [ -121.897255, 36.584722, 0.0 ] } },
{ "type": "Feature", "properties": { "Name": "Del Monte Center / Gate 3", "description": "stop_id: 0004\nagency: Monterey-Salinas Transit", "tessellate": -1, "extrude": 0, "visibility": -1 }, "geometry": { "type": "Point", "coordinates": [ -121.898955, 36.584443, 0.0 ] } },
{ "type": "Feature", "properties": { "Name": "6th Ave / Mission St", "description": "stop_id: 0006\nagency: Monterey-Salinas Transit", "tessellate": -1, "extrude": 0, "visibility": -1 }, "geometry": { "type": "Point", "coordinates": [ -121.920754, 36.555615, 0.0 ] } },
{ "type": "Feature", "properties": { "Name": "Northridge Mall", "description": "stop_id: 0011\nagency: Monterey-Salinas Transit", "tessellate": -1, "extrude": 0, "visibility": -1 }, "geometry": { "type": "Point", "coordinates": [ -121.657902, 36.715379, 0.0 ] } },
{ "type": "Feature", "properties": { "Name": "Del Monte Ave / Williams Rd", "description": "stop_id: 0013\nagency: Monterey-Salinas Transit", "tessellate": -1, "extrude": 0, "visibility": -1 }, "geometry": { "type": "Point", "coordinates": [ -121.60547, 36.682644, 0.0 ] } },
{ "type": "Feature", "properties": { "Name": "S Main St / Plaza Circle", "description": "stop_id: 0014\nagency: Monterey-Salinas Transit", "tessellate": -1, "extrude": 0, "visibility": -1 }, "geometry": { "type": "Point", "coordinates": [ -121.659605, 36.657118, 0.0 ] } },
{ "type": "Feature", "properties": { "Name": "S Main St / Nissen Rd", "description": "stop_id: 0015\nagency: Monterey-Salinas Transit", "tessellate": -1, "extrude": 0, "visibility": -1 }, "geometry": { "type": "Point", "coordinates": [ -121.659755, 36.657423, 0.0 ] } },
{ "type": "Feature", "properties": { "Name": "Watsonville Transit Center / Lane 2", "description": "stop_id: 0020\nagency: Monterey-Salinas Transit", "tessellate": -1, "extrude": 0, "visibility": -1 }, "geometry": { "type": "Point", "coordinates": [ -121.759896, 36.909574, 0.0 ] } },
{ "type": "Feature", "properties": { "Name": "Natividad Medical Center (East)", "description": "stop_id: 0031\nagency: Monterey-Salinas Transit", "tessellate": -1, "extrude": 0, "visibility": -1 }, "geometry": { "type": "Point", "coordinates": [ -121.631944, 36.695592, 0.0 ] } },
{ "type": "Feature", "properties": { "Name": "Navitidad Medical Center (West)", "description": "stop_id: 0032\nagency: Monterey-Salinas Transit", "tessellate": -1, "extrude": 0, "visibility": -1 }, "geometry": { "type": "Point", "coordinates": [ -121.632053, 36.695766, 0.0 ] } },
{ "type": "Feature", "properties": { "Name": "Medical Center Dr / NMC (North)", "description": "stop_id: 0034\nagency: Monterey-Salinas Transit", "tessellate": -1, "extrude": 0, "visibility": -1 }, "geometry": { "type": "Point", "coordinates": [ -121.634628, 36.698007, 0.0 ] } },
{ "type": "Feature", "properties": { "Name": "Medical Center Dr / NMC (South)", "description": "stop_id: 0036\nagency: Monterey-Salinas Transit", "tessellate": -1, "extrude": 0, "visibility": -1 }, "geometry": { "type": "Point", "coordinates": [ -121.635198, 36.697404, 0.0 ] } },
{ "type": "Feature", "properties": { "Name": "Rancho Cielo Campus", "description": "stop_id: 0050\nagency: Monterey-Salinas Transit", "tessellate": -1, "extrude": 0, "visibility": -1 }, "geometry": { "type": "Point", "coordinates": [ -121.587112, 36.73562, 0.0 ] } },
{ "type": "Feature", "properties": { "Name": "Asilomar - Conference Center", "description": "stop_id: 0125\nagency: Monterey-Salinas Transit", "tessellate": -1, "extrude": 0, "visibility": -1 }, "geometry": { "type": "Point", "coordinates": [ -121.935701, 36.619662, 0.0 ] } },
{ "type": "Feature", "properties": { "Name": "Asilomar Ave / Andril Fireplace Cottages", "description": "stop_id: 0127\nagency: Monterey-Salinas Transit", "tessellate": -1, "extrude": 0, "visibility": -1 }, "geometry": { "type": "Point", "coordinates": [ -121.936034, 36.621185, 0.0 ] } },
{ "type": "Feature", "properties": { "Name": "Asilomar Ave / Pico Ave", "description": "stop_id: 0128\nagency: Monterey-Salinas Transit", "tessellate": -1, "extrude": 0, "visibility": -1 }, "geometry": { "type": "Point", "coordinates": [ -121.935622, 36.624439, 0.0 ] } },
{ "type": "Feature", "properties": { "Name": "Lighthouse Ave / Granite St", "description": "stop_id: 0144\nagency: Monterey-Salinas Transit", "tessellate": -1, "extrude": 0, "visibility": -1 }, "geometry": { "type": "Point", "coordinates": [ -121.922549, 36.623189, 0.0 ] } },
{ "type": "Feature", "properties": { "Name": "Lighthouse Ave / Cedar St", "description": "stop_id: 0201\nagency: Monterey-Salinas Transit", "tessellate": -1, "extrude": 0, "visibility": -1 }, "geometry": { "type": "Point", "coordinates": [ -121.92402, 36.624042, 0.0 ] } },
{ "type": "Feature", "properties": { "Name": "Lighthouse Ave / Del Monte Blvd", "description": "stop_id: 0204\nagency: Monterey-Salinas Transit", "tessellate": -1, "extrude": 0, "visibility": -1 }, "geometry": { "type": "Point", "coordinates": [ -121.926005, 36.625019, 0.0 ] } },
{ "type": "Feature", "properties": { "Name": "Lighthouse Ave / 17 Mile Dr", "description": "stop_id: 0207\nagency: Monterey-Salinas Transit", "tessellate": -1, "extrude": 0, "visibility": -1 }, "geometry": { "type": "Point", "coordinates": [ -121.927455, 36.626048, 0.0 ] } },
{ "type": "Feature", "properties": { "Name": "Lighthouse Ave / Ridge Rd", "description": "stop_id: 0210\nagency: Monterey-Salinas Transit", "tessellate": -1, "extrude": 0, "visibility": -1 }, "geometry": { "type": "Point", "coordinates": [ -121.928744, 36.627132, 0.0 ] } },
{ "type": "Feature", "properties": { "Name": "Lighthouse Ave / Jewell Ave", "description": "stop_id: 0213\nagency: Monterey-Salinas Transit", "tessellate": -1, "extrude": 0, "visibility": -1 }, "geometry": { "type": "Point", "coordinates": [ -121.930386, 36.629197, 0.0 ] } },
{ "type": "Feature", "properties": { "Name": "Lighthouse Ave / Asilomar Ave", "description": "stop_id: 0216\nagency: Monterey-Salinas Transit", "tessellate": -1, "extrude": 0, "visibility": -1 }, "geometry": { "type": "Point", "coordinates": [ -121.931572, 36.630646, 0.0 ] } },
{ "type": "Feature", "properties": { "Name": "Asilomar Ave / PG Golf Links", "description": "stop_id: 0219\nagency: Monterey-Salinas Transit", "tessellate": -1, "extrude": 0, "visibility": -1 }, "geometry": { "type": "Point", "coordinates": [ -121.931958, 36.633445, 0.0 ] } },
{ "type": "Feature", "properties": { "Name": "Del Monte Blvd / Acropolis St", "description": "stop_id: 0220\nagency: Monterey-Salinas Transit", "tessellate": -1, "extrude": 0, "visibility": -1 }, "geometry": { "type": "Point", "coordinates": [ -121.929359, 36.633726, 0.0 ] } },
{ "type": "Feature", "properties": { "Name": "Del Monte Blvd / Companion Way", "description": "stop_id: 0222\nagency: Monterey-Salinas Transit", "tessellate": -1, "extrude": 0, "visibility": -1 }, "geometry": { "type": "Point", "coordinates": [ -121.926965, 36.632637, 0.0 ] } },
{ "type": "Feature", "properties": { "Name": "Del Monte Blvd / Quarterdeck Way", "description": "stop_id: 0225\nagency: Monterey-Salinas Transit", "tessellate": -1, "extrude": 0, "visibility": -1 }, "geometry": { "type": "Point", "coordinates": [ -121.924985, 36.631697, 0.0 ] } },
{ "type": "Feature", "properties": { "Name": "Del Monte Blvd / Sea Palm Ave", "description": "stop_id: 0228\nagency: Monterey-Salinas Transit", "tessellate": -1, "extrude": 0, "visibility": -1 }, "geometry": { "type": "Point", "coordinates": [ -121.923419, 36.628753, 0.0 ] } },
{ "type": "Feature", "properties": { "Name": "Ocean View Blvd / Moss St", "description": "stop_id: 0231\nagency: Monterey-Salinas Transit", "tessellate": -1, "extrude": 0, "visibility": -1 }, "geometry": { "type": "Point", "coordinates": [ -121.920679, 36.627608, 0.0 ] } },
{ "type": "Feature", "properties": { "Name": "Ocean View Blvd / Recreation Trail", "description": "stop_id: 0234\nagency: Monterey-Salinas Transit", "tessellate": -1, "extrude": 0, "visibility": -1 }, "geometry": { "type": "Point", "coordinates": [ -121.917386, 36.625084, 0.0 ] } },
{ "type": "Feature", "properties": { "Name": "Asilomar Ave / 101 Asilomar Ave", "description": "stop_id: 0235\nagency: Monterey-Salinas Transit", "tessellate": -1, "extrude": 0, "visibility": -1 }, "geometry": { "type": "Point", "coordinates": [ -121.932763, 36.631202, 0.0 ] } },
{ "type": "Feature", "properties": { "Name": "Briggs St / Griffin Senior Center", "description": "stop_id: 0237\nagency: Monterey-Salinas Transit", "tessellate": -1, "extrude": 0, "visibility": -1 }, "geometry": { "type": "Point", "coordinates": [ -121.918813, 36.624751, 0.0 ] } },
{ "type": "Feature", "properties": { "Name": "Iris Canyon Dr / Barnet Segal Ln", "description": "stop_id: 0331\nagency: Monterey-Salinas Transit", "tessellate": -1, "extrude": 0, "visibility": -1 }, "geometry": { "type": "Point", "coordinates": [ -121.891931, 36.58084, 0.0 ] } },
{ "type": "Feature", "properties": { "Name": "Glenwood Cir / 200 Glenwood Cir", "description": "stop_id: 0332\nagency: Monterey-Salinas Transit", "tessellate": -1, "extrude": 0, "visibility": -1 }, "geometry": { "type": "Point", "coordinates": [ -121.888998, 36.584891, 0.0 ] } },
{ "type": "Feature", "properties": { "Name": "Glenwood Cir / 300 Glenwood Cir", "description": "stop_id: 0334\nagency: Monterey-Salinas Transit", "tessellate": -1, "extrude": 0, "visibility": -1 }, "geometry": { "type": "Point", "coordinates": [ -121.88707, 36.586832, 0.0 ] } },
{ "type": "Feature", "properties": { "Name": "Glenwood Cir / 500 Glenwood Cir (West)", "description": "stop_id: 0336\nagency: Monterey-Salinas Transit", "tessellate": -1, "extrude": 0, "visibility": -1 }, "geometry": { "type": "Point", "coordinates": [ -121.885176, 36.587223, 0.0 ] } },
{ "type": "Feature", "properties": { "Name": "Aguajito Rd / Mark Thomas Dr", "description": "stop_id: 0340\nagency: Monterey-Salinas Transit", "tessellate": -1, "extrude": 0, "visibility": -1 }, "geometry": { "type": "Point", "coordinates": [ -121.879813, 36.590572, 0.0 ] } },
{ "type": "Feature", "properties": { "Name": "Monterey County Court House", "description": "stop_id: 0342\nagency: Monterey-Salinas Transit", "tessellate": -1, "extrude": 0, "visibility": -1 }, "geometry": { "type": "Point", "coordinates": [ -121.880071, 36.589106, 0.0 ] } },
{ "type": "Feature", "properties": { "Name": "Aguajito Rd / Mark Thomas Dr", "description": "stop_id: 0352\nagency: Monterey-Salinas Transit", "tessellate": -1, "extrude": 0, "visibility": -1 }, "geometry": { "type": "Point", "coordinates": [ -121.879723, 36.590642, 0.0 ] } },
{ "type": "Feature", "properties": { "Name": "Via Lavandera / Glenwood Cir", "description": "stop_id: 0354\nagency: Monterey-Salinas Transit", "tessellate": -1, "extrude": 0, "visibility": -1 }, "geometry": { "type": "Point", "coordinates": [ -121.882488, 36.592495, 0.0 ] } },
{ "type": "Feature", "properties": { "Name": "Glenwood Cir / 500 Glenwood Cir (East)", "description": "stop_id: 0356\nagency: Monterey-Salinas Transit", "tessellate": -1, "extrude": 0, "visibility": -1 }, "geometry": { "type": "Point", "coordinates": [ -121.884843, 36.587299, 0.0 ] } },
{ "type": "Feature", "properties": { "Name": "Glenwood Cir / 201 Glenwood Cir", "description": "stop_id: 0358\nagency: Monterey-Salinas Transit", "tessellate": -1, "extrude": 0, "visibility": -1 }, "geometry": { "type": "Point", "coordinates": [ -121.887422, 36.586636, 0.0 ] } },
{ "type": "Feature", "properties": { "Name": "Glenwood Cir / 14 Glenwood Cir", "description": "stop_id: 0360\nagency: Monterey-Salinas Transit", "tessellate": -1, "extrude": 0, "visibility": -1 }, "geometry": { "type": "Point", "coordinates": [ -121.888982, 36.585217, 0.0 ] } },
{ "type": "Feature", "properties": { "Name": "Iris Canyon / Barnet Segal Ln", "description": "stop_id: 0362\nagency: Monterey-Salinas Transit", "tessellate": -1, "extrude": 0, "visibility": -1 }, "geometry": { "type": "Point", "coordinates": [ -121.89182, 36.581115, 0.0 ] } },
{ "type": "Feature", "properties": { "Name": "Carpenter St / 24808 Carpenter St", "description": "stop_id: 0401\nagency: Monterey-Salinas Transit", "tessellate": -1, "extrude": 0, "visibility": -1 }, "geometry": { "type": "Point", "coordinates": [ -121.915533, 36.562685, 0.0 ] } },
{ "type": "Feature", "properties": { "Name": "Carpenter St / 2nd Ave", "description": "stop_id: 0402\nagency: Monterey-Salinas Transit", "tessellate": -1, "extrude": 0, "visibility": -1 }, "geometry": { "type": "Point", "coordinates": [ -121.915651, 36.560492, 0.0 ] } },
{ "type": "Feature", "properties": { "Name": "Carpenter St / 4th Ave", "description": "stop_id: 0403\nagency: Monterey-Salinas Transit", "tessellate": -1, "extrude": 0, "visibility": -1 }, "geometry": { "type": "Point", "coordinates": [ -121.915643, 36.558079, 0.0 ] } },
{ "type": "Feature", "properties": { "Name": "Carpenter St / 6th Ave", "description": "stop_id: 0404\nagency: Monterey-Salinas Transit", "tessellate": -1, "extrude": 0, "visibility": -1 }, "geometry": { "type": "Point", "coordinates": [ -121.915628, 36.555806, 0.0 ] } },
{ "type": "Feature", "properties": { "Name": "Ocean Ave / Santa Fe St", "description": "stop_id: 0406\nagency: Monterey-Salinas Transit", "tessellate": -1, "extrude": 0, "visibility": -1 }, "geometry": { "type": "Point", "coordinates": [ -121.918274, 36.555125, 0.0 ] } },
{ "type": "Feature", "properties": { "Name": "Rio Rd / The Crossroads Carmel", "description": "stop_id: 0408\nagency: Monterey-Salinas Transit", "tessellate": -1, "extrude": 0, "visibility": -1 }, "geometry": { "type": "Point", "coordinates": [ -121.909927, 36.53912, 0.0 ] } },
{ "type": "Feature", "properties": { "Name": "Rio Rd / Carmel Center Pl", "description": "stop_id: 0409\nagency: Monterey-Salinas Transit", "tessellate": -1, "extrude": 0, "visibility": -1 }, "geometry": { "type": "Point", "coordinates": [ -121.907131, 36.538048, 0.0 ] } },
{ "type": "Feature", "properties": { "Name": "Carmel Rancho Blvd / 26535 Carmel Rancho Blvd", "description": "stop_id: 0410\nagency: Monterey-Salinas Transit", "tessellate": -1, "extrude": 0, "visibility": -1 }, "geometry": { "type": "Point", "coordinates": [ -121.904778, 36.538776, 0.0 ] } },
{ "type": "Feature", "properties": { "Name": "Carmel Rancho Blvd / 26385 Carmel Rancho Blvd", "description": "stop_id: 0412\nagency: Monterey-Salinas Transit", "tessellate": -1, "extrude": 0, "visibility": -1 }, "geometry": { "type": "Point", "coordinates": [ -121.904782, 36.540789, 0.0 ] } },
{ "type": "Feature", "properties": { "Name": "Carmel Rancho Shopping Center / Lucky Market", "description": "stop_id: 0413\nagency: Monterey-Salinas Transit", "tessellate": -1, "extrude": 0, "visibility": -1 }, "geometry": { "type": "Point", "coordinates": [ -121.905634, 36.542093, 0.0 ] } },
{ "type": "Feature", "properties": { "Name": "Carmel Rancho Blvd /  546 Carmel Rancho Blvd", "description": "stop_id: 0414\nagency: Monterey-Salinas Transit", "tessellate": -1, "extrude": 0, "visibility": -1 }, "geometry": { "type": "Point", "coordinates": [ -121.904731, 36.542284, 0.0 ] } },
{ "type": "Feature", "properties": { "Name": "Carmel Valley Rd / Rio Vista Dr (East)", "description": "stop_id: 0416\nagency: Monterey-Salinas Transit", "tessellate": -1, "extrude": 0, "visibility": -1 }, "geometry": { "type": "Point", "coordinates": [ -121.899427, 36.543919, 0.0 ] } },
{ "type": "Feature", "properties": { "Name": "Carmel Valley Rd / Village Park Rd (East)", "description": "stop_id: 0418\nagency: Monterey-Salinas Transit", "tessellate": -1, "extrude": 0, "visibility": -1 }, "geometry": { "type": "Point", "coordinates": [ -121.891398, 36.542576, 0.0 ] } },
{ "type": "Feature", "properties": { "Name": "Carmel Valley Rd / Via Mallorca (East)", "description": "stop_id: 0420\nagency: Monterey-Salinas Transit", "tessellate": -1, "extrude": 0, "visibility": -1 }, "geometry": { "type": "Point", "coordinates": [ -121.879824, 36.541605, 0.0 ] } },
{ "type": "Feature", "properties": { "Name": "Carmel Valley Rd / Via Petra", "description": "stop_id: 0422\nagency: Monterey-Salinas Transit", "tessellate": -1, "extrude": 0, "visibility": -1 }, "geometry": { "type": "Point", "coordinates": [ -121.877604, 36.541022, 0.0 ] } },
{ "type": "Feature", "properties": { "Name": "Carmel Valley Rd / Congregation Beth Israel (East)", "description": "stop_id: 0423\nagency: Monterey-Salinas Transit", "tessellate": -1, "extrude": 0, "visibility": -1 }, "geometry": { "type": "Point", "coordinates": [ -121.874507, 36.540324, 0.0 ] } },
{ "type": "Feature", "properties": { "Name": "Carmel Valley Rd / Canada Way (East)", "description": "stop_id: 0424\nagency: Monterey-Salinas Transit", "tessellate": -1, "extrude": 0, "visibility": -1 }, "geometry": { "type": "Point", "coordinates": [ -121.864701, 36.53987, 0.0 ] } },
{ "type": "Feature", "properties": { "Name": "Carmel Valley Rd / Brookdale Dr (East)", "description": "stop_id: 0426\nagency: Monterey-Salinas Transit", "tessellate": -1, "extrude": 0, "visibility": -1 }, "geometry": { "type": "Point", "coordinates": [ -121.858126, 36.535905, 0.0 ] } },
{ "type": "Feature", "properties": { "Name": "Carmel Valley Rd / Valley Greens Dr", "description": "stop_id: 0428\nagency: Monterey-Salinas Transit", "tessellate": -1, "extrude": 0, "visibility": -1 }, "geometry": { "type": "Point", "coordinates": [ -121.849636, 36.533939, 0.0 ] } },
{ "type": "Feature", "properties": { "Name": "Carmel Valley Rd / Meadows Rd (East)", "description": "stop_id: 0430\nagency: Monterey-Salinas Transit", "tessellate": -1, "extrude": 0, "visibility": -1 }, "geometry": { "type": "Point", "coordinates": [ -121.840916, 36.531995, 0.0 ] } },
{ "type": "Feature", "properties": { "Name": "Carmel Valley Rd / All Saints School (East)", "description": "stop_id: 0432\nagency: Monterey-Salinas Transit", "tessellate": -1, "extrude": 0, "visibility": -1 }, "geometry": { "type": "Point", "coordinates": [ -121.83455, 36.530896, 0.0 ] } },
{ "type": "Feature", "properties": { "Name": "Carmel Valley Rd / Carmel Valley Manor", "description": "stop_id: 0434\nagency: Monterey-Salinas Transit", "tessellate": -1, "extrude": 0, "visibility": -1 }, "geometry": { "type": "Point", "coordinates": [ -121.825912, 36.529407, 0.0 ] } },
{ "type": "Feature", "properties": { "Name": "Carmel Valley Rd / 8960 Carmel Valley Rd", "description": "stop_id: 0435\nagency: Monterey-Salinas Transit", "tessellate": -1, "extrude": 0, "visibility": -1 }, "geometry": { "type": "Point", "coordinates": [ -121.820042, 36.52884, 0.0 ] } },
{ "type": "Feature", "properties": { "Name": "Carmel Valley Rd / Loma Del Rey (East)", "description": "stop_id: 0436\nagency: Monterey-Salinas Transit", "tessellate": -1, "extrude": 0, "visibility": -1 }, "geometry": { "type": "Point", "coordinates": [ -121.816597, 36.526668, 0.0 ] } },
{ "type": "Feature", "properties": { "Name": "Mid Valley Shopping Center", "description": "stop_id: 0438\nagency: Monterey-Salinas Transit", "tessellate": -1, "extrude": 0, "visibility": -1 }, "geometry": { "type": "Point", "coordinates": [ -121.809211, 36.522831, 0.0 ] } },
{ "type": "Feature", "properties": { "Name": "Carmel Valley Rd / Scarlett Rd (East)", "description": "stop_id: 0440\nagency: Monterey-Salinas Transit", "tessellate": -1, "extrude": 0, "visibility": -1 }, "geometry": { "type": "Point", "coordinates": [ -121.784319, 36.517965, 0.0 ] } },
{ "type": "Feature", "properties": { "Name": "Carmel Valley Rd / Pinetree Ln", "description": "stop_id: 0441\nagency: Monterey-Salinas Transit", "tessellate": -1, "extrude": 0, "visibility": -1 }, "geometry": { "type": "Point", "coordinates": [ -121.758594, 36.502524, 0.0 ] } },
{ "type": "Feature", "properties": { "Name": "Carmel Valley Rd /  Garland Ranch Park", "description": "stop_id: 0442\nagency: Monterey-Salinas Transit", "tessellate": -1, "extrude": 0, "visibility": -1 }, "geometry": { "type": "Point", "coordinates": [ -121.767462, 36.510098, 0.0 ] } },
{ "type": "Feature", "properties": { "Name": "Carmel Valley Rd / Laureles Grade (East)", "description": "stop_id: 0444\nagency: Monterey-Salinas Transit", "tessellate": -1, "extrude": 0, "visibility": -1 }, "geometry": { "type": "Point", "coordinates": [ -121.755467, 36.500134, 0.0 ] } },
{ "type": "Feature", "properties": { "Name": "Carmel Valley Rd / Boronda Rd (East)", "description": "stop_id: 0446\nagency: Monterey-Salinas Transit", "tessellate": -1, "extrude": 0, "visibility": -1 }, "geometry": { "type": "Point", "coordinates": [ -121.746292, 36.493827, 0.0 ] } },
{ "type": "Feature", "properties": { "Name": "Carmel Valley Rd / Ford Rd (East)", "description": "stop_id: 0447\nagency: Monterey-Salinas Transit", "tessellate": -1, "extrude": 0, "visibility": -1 }, "geometry": { "type": "Point", "coordinates": [ -121.73779, 36.483104, 0.0 ] } },
{ "type": "Feature", "properties": { "Name": "Carmel Valley Rd / Via Contenta", "description": "stop_id: 0448\nagency: Monterey-Salinas Transit", "tessellate": -1, "extrude": 0, "visibility": -1 }, "geometry": { "type": "Point", "coordinates": [ -121.728849, 36.477935, 0.0 ] } },
{ "type": "Feature", "properties": { "Name": "Del Fino Pl / Carmel Valley Rd", "description": "stop_id: 0451\nagency: Monterey-Salinas Transit", "tessellate": -1, "extrude": 0, "visibility": -1 }, "geometry": { "type": "Point", "coordinates": [ -121.732915, 36.480304, 0.0 ] } },
{ "type": "Feature", "properties": { "Name": "Carmel Valley Rd / Rippling River CTR", "description": "stop_id: 0452\nagency: Monterey-Salinas Transit", "tessellate": -1, "extrude": 0, "visibility": -1 }, "geometry": { "type": "Point", "coordinates": [ -121.725378, 36.476153, 0.0 ] } },
{ "type": "Feature", "properties": { "Name": "Carmel Valley Rd / Ford Rd (West)", "description": "stop_id: 0453\nagency: Monterey-Salinas Transit", "tessellate": -1, "extrude": 0, "visibility": -1 }, "geometry": { "type": "Point", "coordinates": [ -121.737719, 36.48289, 0.0 ] } },
{ "type": "Feature", "properties": { "Name": "Carmel Valley Rd /  Boronda (West)", "description": "stop_id: 0455\nagency: Monterey-Salinas Transit", "tessellate": -1, "extrude": 0, "visibility": -1 }, "geometry": { "type": "Point", "coordinates": [ -121.745849, 36.493527, 0.0 ] } },
{ "type": "Feature", "properties": { "Name": "Carmel Valley Rd / Laureles Grade (West)", "description": "stop_id: 0457\nagency: Monterey-Salinas Transit", "tessellate": -1, "extrude": 0, "visibility": -1 }, "geometry": { "type": "Point", "coordinates": [ -121.756803, 36.501164, 0.0 ] } },
{ "type": "Feature", "properties": { "Name": "Carmel Valley Rd / Paso Del Rio", "description": "stop_id: 0458\nagency: Monterey-Salinas Transit", "tessellate": -1, "extrude": 0, "visibility": -1 }, "geometry": { "type": "Point", "coordinates": [ -121.759893, 36.503771, 0.0 ] } },
{ "type": "Feature", "properties": { "Name": "Carmel Valley Rd / Scarlett Rd (West)", "description": "stop_id: 0461\nagency: Monterey-Salinas Transit", "tessellate": -1, "extrude": 0, "visibility": -1 }, "geometry": { "type": "Point", "coordinates": [ -121.783883, 36.517884, 0.0 ] } },
{ "type": "Feature", "properties": { "Name": "Carmel Valley Rd / Tierra Grande Dr", "description": "stop_id: 0463\nagency: Monterey-Salinas Transit", "tessellate": -1, "extrude": 0, "visibility": -1 }, "geometry": { "type": "Point", "coordinates": [ -121.810816, 36.524121, 0.0 ] } },
{ "type": "Feature", "properties": { "Name": "Carmel Valley Rd / Loma Del Rey (West)", "description": "stop_id: 0465\nagency: Monterey-Salinas Transit", "tessellate": -1, "extrude": 0, "visibility": -1 }, "geometry": { "type": "Point", "coordinates": [ -121.81699, 36.527251, 0.0 ] } },
{ "type": "Feature", "properties": { "Name": "Carmel Valley Rd / 8960 Carmel Valley Rd (Opp)", "description": "stop_id: 0466\nagency: Monterey-Salinas Transit", "tessellate": -1, "extrude": 0, "visibility": -1 }, "geometry": { "type": "Point", "coordinates": [ -121.819964, 36.528936, 0.0 ] } },
{ "type": "Feature", "properties": { "Name": "Carmel Valley Rd / Los Arboles Dr", "description": "stop_id: 0467\nagency: Monterey-Salinas Transit", "tessellate": -1, "extrude": 0, "visibility": -1 }, "geometry": { "type": "Point", "coordinates": [ -121.826864, 36.529761, 0.0 ] } },
{ "type": "Feature", "properties": { "Name": "Carmel Valley Rd / All Saints School (West)", "description": "stop_id: 0469\nagency: Monterey-Salinas Transit", "tessellate": -1, "extrude": 0, "visibility": -1 }, "geometry": { "type": "Point", "coordinates": [ -121.834965, 36.531121, 0.0 ] } },
{ "type": "Feature", "properties": { "Name": "Hacienda Carmel / Casa Central", "description": "stop_id: 0470\nagency: Monterey-Salinas Transit", "tessellate": -1, "extrude": 0, "visibility": -1 }, "geometry": { "type": "Point", "coordinates": [ -121.878662, 36.537728, 0.0 ] } },
{ "type": "Feature", "properties": { "Name": "Carmel Valley Rd / Meadows Rd (West)", "description": "stop_id: 0471\nagency: Monterey-Salinas Transit", "tessellate": -1, "extrude": 0, "visibility": -1 }, "geometry": { "type": "Point", "coordinates": [ -121.841401, 36.532207, 0.0 ] } },
{ "type": "Feature", "properties": { "Name": "Carmel Valley Rd / Tehama", "description": "stop_id: 0473\nagency: Monterey-Salinas Transit", "tessellate": -1, "extrude": 0, "visibility": -1 }, "geometry": { "type": "Point", "coordinates": [ -121.850131, 36.534142, 0.0 ] } },
{ "type": "Feature", "properties": { "Name": "Carmel Valley Rd / Brookdale Dr (West)", "description": "stop_id: 0475\nagency: Monterey-Salinas Transit", "tessellate": -1, "extrude": 0, "visibility": -1 }, "geometry": { "type": "Point", "coordinates": [ -121.858477, 36.536304, 0.0 ] } },
{ "type": "Feature", "properties": { "Name": "Carmel Valley Rd / Canada Way (West)", "description": "stop_id: 0477\nagency: Monterey-Salinas Transit", "tessellate": -1, "extrude": 0, "visibility": -1 }, "geometry": { "type": "Point", "coordinates": [ -121.864919, 36.540065, 0.0 ] } },
{ "type": "Feature", "properties": { "Name": "Carmel Valley Rd / Congregation Beth Israel (West)", "description": "stop_id: 0478\nagency: Monterey-Salinas Transit", "tessellate": -1, "extrude": 0, "visibility": -1 }, "geometry": { "type": "Point", "coordinates": [ -121.875256, 36.540628, 0.0 ] } },
{ "type": "Feature", "properties": { "Name": "Carmel Valley Rd / Del Mesa Dr", "description": "stop_id: 0479\nagency: Monterey-Salinas Transit", "tessellate": -1, "extrude": 0, "visibility": -1 }, "geometry": { "type": "Point", "coordinates": [ -121.87856, 36.541467, 0.0 ] } },
{ "type": "Feature", "properties": { "Name": "Pacific Meadows / 5315 Carmel Valley Rd", "description": "stop_id: 0480\nagency: Monterey-Salinas Transit", "tessellate": -1, "extrude": 0, "visibility": -1 }, "geometry": { "type": "Point", "coordinates": [ -121.877718, 36.546541, 0.0 ] } },
{ "type": "Feature", "properties": { "Name": "Carmel Valley Rd / Via Mallorca (West)", "description": "stop_id: 0481\nagency: Monterey-Salinas Transit", "tessellate": -1, "extrude": 0, "visibility": -1 }, "geometry": { "type": "Point", "coordinates": [ -121.880572, 36.54198, 0.0 ] } },
{ "type": "Feature", "properties": { "Name": "Carmel Valley Rd / Village Park Rd (West)", "description": "stop_id: 0483\nagency: Monterey-Salinas Transit", "tessellate": -1, "extrude": 0, "visibility": -1 }, "geometry": { "type": "Point", "coordinates": [ -121.892765, 36.543098, 0.0 ] } },
{ "type": "Feature", "properties": { "Name": "Carmel Valley Rd / Rio Vista Dr (West)", "description": "stop_id: 0485\nagency: Monterey-Salinas Transit", "tessellate": -1, "extrude": 0, "visibility": -1 }, "geometry": { "type": "Point", "coordinates": [ -121.899208, 36.544151, 0.0 ] } },
{ "type": "Feature", "properties": { "Name": "Carmel Rancho Blvd / Carmel Rancho Center", "description": "stop_id: 0487\nagency: Monterey-Salinas Transit", "tessellate": -1, "extrude": 0, "visibility": -1 }, "geometry": { "type": "Point", "coordinates": [ -121.904966, 36.541791, 0.0 ] } },
{ "type": "Feature", "properties": { "Name": "Carmel Rancho Blvd / 26378 Carmel Rancho Blvd", "description": "stop_id: 0489\nagency: Monterey-Salinas Transit", "tessellate": -1, "extrude": 0, "visibility": -1 }, "geometry": { "type": "Point", "coordinates": [ -121.90498, 36.540221, 0.0 ] } },
{ "type": "Feature", "properties": { "Name": "Del Mesa Carmel / 200 Del Mesa Dr", "description": "stop_id: 0490\nagency: Monterey-Salinas Transit", "tessellate": -1, "extrude": 0, "visibility": -1 }, "geometry": { "type": "Point", "coordinates": [ -121.872151, 36.544168, 0.0 ] } },
{ "type": "Feature", "properties": { "Name": "Carmel Rancho Blvd / Rio Rd", "description": "stop_id: 0491\nagency: Monterey-Salinas Transit", "tessellate": -1, "extrude": 0, "visibility": -1 }, "geometry": { "type": "Point", "coordinates": [ -121.904969, 36.538792, 0.0 ] } },
{ "type": "Feature", "properties": { "Name": "Rio Rd / The Crossroads Carmel (Opp)", "description": "stop_id: 0493\nagency: Monterey-Salinas Transit", "tessellate": -1, "extrude": 0, "visibility": -1 }, "geometry": { "type": "Point", "coordinates": [ -121.908276, 36.538514, 0.0 ] } },
{ "type": "Feature", "properties": { "Name": "Ocean Ave /  Santa Fe St", "description": "stop_id: 0495\nagency: Monterey-Salinas Transit", "tessellate": -1, "extrude": 0, "visibility": -1 }, "geometry": { "type": "Point", "coordinates": [ -121.918088, 36.555048, 0.0 ] } },
{ "type": "Feature", "properties": { "Name": "Carpenter St / 6th Ave", "description": "stop_id: 0496\nagency: Monterey-Salinas Transit", "tessellate": -1, "extrude": 0, "visibility": -1 }, "geometry": { "type": "Point", "coordinates": [ -121.915497, 36.555791, 0.0 ] } },
{ "type": "Feature", "properties": { "Name": "Carpenter St / 4th Ave", "description": "stop_id: 0497\nagency: Monterey-Salinas Transit", "tessellate": -1, "extrude": 0, "visibility": -1 }, "geometry": { "type": "Point", "coordinates": [ -121.915536, 36.55828, 0.0 ] } },
{ "type": "Feature", "properties": { "Name": "Carpenter St / 2nd Ave", "description": "stop_id: 0498\nagency: Monterey-Salinas Transit", "tessellate": -1, "extrude": 0, "visibility": -1 }, "geometry": { "type": "Point", "coordinates": [ -121.915518, 36.560529, 0.0 ] } },
{ "type": "Feature", "properties": { "Name": "Carpenter St / Valley Way", "description": "stop_id: 0499\nagency: Monterey-Salinas Transit", "tessellate": -1, "extrude": 0, "visibility": -1 }, "geometry": { "type": "Point", "coordinates": [ -121.915264, 36.563433, 0.0 ] } },
{ "type": "Feature", "properties": { "Name": "Lincoln St / The Carmel Foundation", "description": "stop_id: 0533\nagency: Monterey-Salinas Transit", "tessellate": -1, "extrude": 0, "visibility": -1 }, "geometry": { "type": "Point", "coordinates": [ -121.923512, 36.552697, 0.0 ] } },
{ "type": "Feature", "properties": { "Name": "Casanova Ave / 803 Casanova Ave", "description": "stop_id: 0615\nagency: Monterey-Salinas Transit", "tessellate": -1, "extrude": 0, "visibility": -1 }, "geometry": { "type": "Point", "coordinates": [ -121.850661, 36.595747, 0.0 ] } },
{ "type": "Feature", "properties": { "Name": "Hilby Ave / Mescal St", "description": "stop_id: 0633\nagency: Monterey-Salinas Transit", "tessellate": -1, "extrude": 0, "visibility": -1 }, "geometry": { "type": "Point", "coordinates": [ -121.827402, 36.602213, 0.0 ] } },
{ "type": "Feature", "properties": { "Name": "Casanova Ave / Fremont St", "description": "stop_id: 0654\nagency: Monterey-Salinas Transit", "tessellate": -1, "extrude": 0, "visibility": -1 }, "geometry": { "type": "Point", "coordinates": [ -121.852807, 36.597264, 0.0 ] } },
{ "type": "Feature", "properties": { "Name": "Casanova Ave / 800 Casavova Ave", "description": "stop_id: 0657\nagency: Monterey-Salinas Transit", "tessellate": -1, "extrude": 0, "visibility": -1 }, "geometry": { "type": "Point", "coordinates": [ -121.85058, 36.595534, 0.0 ] } },
{ "type": "Feature", "properties": { "Name": "Euclid Ave  / Casanova Ave", "description": "stop_id: 0660\nagency: Monterey-Salinas Transit", "tessellate": -1, "extrude": 0, "visibility": -1 }, "geometry": { "type": "Point", "coordinates": [ -121.849489, 36.59429, 0.0 ] } },
{ "type": "Feature", "properties": { "Name": "Broadway Ave / San Lucas St", "description": "stop_id: 0705\nagency: Monterey-Salinas Transit", "tessellate": -1, "extrude": 0, "visibility": -1 }, "geometry": { "type": "Point", "coordinates": [ -121.840482, 36.60919, 0.0 ] } },
{ "type": "Feature", "properties": { "Name": "Broadway Ave / Fremont Blvd", "description": "stop_id: 0707\nagency: Monterey-Salinas Transit", "tessellate": -1, "extrude": 0, "visibility": -1 }, "geometry": { "type": "Point", "coordinates": [ -121.844631, 36.609135, 0.0 ] } },
{ "type": "Feature", "properties": { "Name": "Broadway Ave / Terrace St", "description": "stop_id: 0710\nagency: Monterey-Salinas Transit", "tessellate": -1, "extrude": 0, "visibility": -1 }, "geometry": { "type": "Point", "coordinates": [ -121.842447, 36.609031, 0.0 ] } },
{ "type": "Feature", "properties": { "Name": "Broadway Ave / San Lucas St", "description": "stop_id: 0711\nagency: Monterey-Salinas Transit", "tessellate": -1, "extrude": 0, "visibility": -1 }, "geometry": { "type": "Point", "coordinates": [ -121.839991, 36.608993, 0.0 ] } },
{ "type": "Feature", "properties": { "Name": "Gen Moore Blvd / Arloncourt Rd", "description": "stop_id: 0722\nagency: Monterey-Salinas Transit", "tessellate": -1, "extrude": 0, "visibility": -1 }, "geometry": { "type": "Point", "coordinates": [ -121.814182, 36.628283, 0.0 ] } },
{ "type": "Feature", "properties": { "Name": "Gen Moore Blvd / Ardennes Cir", "description": "stop_id: 0725\nagency: Monterey-Salinas Transit", "tessellate": -1, "extrude": 0, "visibility": -1 }, "geometry": { "type": "Point", "coordinates": [ -121.811088, 36.6346, 0.0 ] } },
{ "type": "Feature", "properties": { "Name": "Gen Moore Blvd / Normandy Rd", "description": "stop_id: 0728\nagency: Monterey-Salinas Transit", "tessellate": -1, "extrude": 0, "visibility": -1 }, "geometry": { "type": "Point", "coordinates": [ -121.809623, 36.637528, 0.0 ] } },
{ "type": "Feature", "properties": { "Name": "Gen Moore Blvd / Gigling Rd", "description": "stop_id: 0755\nagency: Monterey-Salinas Transit", "tessellate": -1, "extrude": 0, "visibility": -1 }, "geometry": { "type": "Point", "coordinates": [ -121.807043, 36.643403, 0.0 ] } },
{ "type": "Feature", "properties": { "Name": "Gen Moore Blvd / Normandy Rd", "description": "stop_id: 0758\nagency: Monterey-Salinas Transit", "tessellate": -1, "extrude": 0, "visibility": -1 }, "geometry": { "type": "Point", "coordinates": [ -121.810277, 36.636761, 0.0 ] } },
{ "type": "Feature", "properties": { "Name": "Gen Moore Blvd /  Bayonet Dr", "description": "stop_id: 0761\nagency: Monterey-Salinas Transit", "tessellate": -1, "extrude": 0, "visibility": -1 }, "geometry": { "type": "Point", "coordinates": [ -121.812259, 36.632861, 0.0 ] } },
{ "type": "Feature", "properties": { "Name": "Gen Moore Blvd / McClure Way", "description": "stop_id: 0764\nagency: Monterey-Salinas Transit", "tessellate": -1, "extrude": 0, "visibility": -1 }, "geometry": { "type": "Point", "coordinates": [ -121.814671, 36.627573, 0.0 ] } },
{ "type": "Feature", "properties": { "Name": "Broadway Ave / Yosemite St", "description": "stop_id: 0775\nagency: Monterey-Salinas Transit", "tessellate": -1, "extrude": 0, "visibility": -1 }, "geometry": { "type": "Point", "coordinates": [ -121.829234, 36.608984, 0.0 ] } },
{ "type": "Feature", "properties": { "Name": "Broadway Ave / Darwin St", "description": "stop_id: 0779\nagency: Monterey-Salinas Transit", "tessellate": -1, "extrude": 0, "visibility": -1 }, "geometry": { "type": "Point", "coordinates": [ -121.832486, 36.60899, 0.0 ] } },
{ "type": "Feature", "properties": { "Name": "Broadway Ave / Flores St", "description": "stop_id: 0782\nagency: Monterey-Salinas Transit", "tessellate": -1, "extrude": 0, "visibility": -1 }, "geometry": { "type": "Point", "coordinates": [ -121.833793, 36.609073, 0.0 ] } },
{ "type": "Feature", "properties": { "Name": "Broadway Ave / Noche Buena St", "description": "stop_id: 0785\nagency: Monterey-Salinas Transit", "tessellate": -1, "extrude": 0, "visibility": -1 }, "geometry": { "type": "Point", "coordinates": [ -121.838531, 36.609162, 0.0 ] } },
{ "type": "Feature", "properties": { "Name": "Broadway Ave / Terrace St", "description": "stop_id: 0788\nagency: Monterey-Salinas Transit", "tessellate": -1, "extrude": 0, "visibility": -1 }, "geometry": { "type": "Point", "coordinates": [ -121.843327, 36.60924, 0.0 ] } },
{ "type": "Feature", "properties": { "Name": "Canyon Del Rey / Fremont", "description": "stop_id: 0816\nagency: Monterey-Salinas Transit", "tessellate": -1, "extrude": 0, "visibility": -1 }, "geometry": { "type": "Point", "coordinates": [ -121.850255, 36.598296, 0.0 ] } },
{ "type": "Feature", "properties": { "Name": "Canyon Del Rey / City Hall", "description": "stop_id: 0838\nagency: Monterey-Salinas Transit", "tessellate": -1, "extrude": 0, "visibility": -1 }, "geometry": { "type": "Point", "coordinates": [ -121.836182, 36.593752, 0.0 ] } },
{ "type": "Feature", "properties": { "Name": "Canyon Del Rey / Carlton Drive", "description": "stop_id: 0839\nagency: Monterey-Salinas Transit", "tessellate": -1, "extrude": 0, "visibility": -1 }, "geometry": { "type": "Point", "coordinates": [ -121.836476, 36.594105, 0.0 ] } },
{ "type": "Feature", "properties": { "Name": "Canyon Del Rey / The Oaks", "description": "stop_id: 0840\nagency: Monterey-Salinas Transit", "tessellate": -1, "extrude": 0, "visibility": -1 }, "geometry": { "type": "Point", "coordinates": [ -121.831923, 36.589245, 0.0 ] } },
{ "type": "Feature", "properties": { "Name": "Canyon Del Rey / Del Rey Gardens", "description": "stop_id: 0842\nagency: Monterey-Salinas Transit", "tessellate": -1, "extrude": 0, "visibility": -1 }, "geometry": { "type": "Point", "coordinates": [ -121.830531, 36.586126, 0.0 ] } },
{ "type": "Feature", "properties": { "Name": "Canyon Del Rey / Del Rey Gardens", "description": "stop_id: 0844\nagency: Monterey-Salinas Transit", "tessellate": -1, "extrude": 0, "visibility": -1 }, "geometry": { "type": "Point", "coordinates": [ -121.830315, 36.585953, 0.0 ] } },
{ "type": "Feature", "properties": { "Name": "Canyon Del Rey Blvd / Fremont", "description": "stop_id: 0858\nagency: Monterey-Salinas Transit", "tessellate": -1, "extrude": 0, "visibility": -1 }, "geometry": { "type": "Point", "coordinates": [ -121.849966, 36.598268, 0.0 ] } },
{ "type": "Feature", "properties": { "Name": "Euclid / Ramona", "description": "stop_id: 0875\nagency: Monterey-Salinas Transit", "tessellate": -1, "extrude": 0, "visibility": -1 }, "geometry": { "type": "Point", "coordinates": [ -121.851498, 36.594095, 0.0 ] } },
{ "type": "Feature", "properties": { "Name": "Hilby Ave / Fremont Blvd", "description": "stop_id: 0901\nagency: Monterey-Salinas Transit", "tessellate": -1, "extrude": 0, "visibility": -1 }, "geometry": { "type": "Point", "coordinates": [ -121.847666, 36.602554, 0.0 ] } },
{ "type": "Feature", "properties": { "Name": "Hilby / Wheeler", "description": "stop_id: 0904\nagency: Monterey-Salinas Transit", "tessellate": -1, "extrude": 0, "visibility": -1 }, "geometry": { "type": "Point", "coordinates": [ -121.84576, 36.602498, 0.0 ] } },
{ "type": "Feature", "properties": { "Name": "Hilby / Shafer", "description": "stop_id: 0905\nagency: Monterey-Salinas Transit", "tessellate": -1, "extrude": 0, "visibility": -1 }, "geometry": { "type": "Point", "coordinates": [ -121.842759, 36.602435, 0.0 ] } },
{ "type": "Feature", "properties": { "Name": "Noche Buena / Broadway", "description": "stop_id: 0907\nagency: Monterey-Salinas Transit", "tessellate": -1, "extrude": 0, "visibility": -1 }, "geometry": { "type": "Point", "coordinates": [ -121.837675, 36.609273, 0.0 ] } },
{ "type": "Feature", "properties": { "Name": "Noche Buena / Mingo", "description": "stop_id: 0910\nagency: Monterey-Salinas Transit", "tessellate": -1, "extrude": 0, "visibility": -1 }, "geometry": { "type": "Point", "coordinates": [ -121.837591, 36.612031, 0.0 ] } },
{ "type": "Feature", "properties": { "Name": "Yosemite / La Salle", "description": "stop_id: 0925\nagency: Monterey-Salinas Transit", "tessellate": -1, "extrude": 0, "visibility": -1 }, "geometry": { "type": "Point", "coordinates": [ -121.827921, 36.616448, 0.0 ] } },
{ "type": "Feature", "properties": { "Name": "Yosemite / Ord Grove", "description": "stop_id: 0928\nagency: Monterey-Salinas Transit", "tessellate": -1, "extrude": 0, "visibility": -1 }, "geometry": { "type": "Point", "coordinates": [ -121.828065, 36.61886, 0.0 ] } },
{ "type": "Feature", "properties": { "Name": "Ord Grove / Mendocino", "description": "stop_id: 0931\nagency: Monterey-Salinas Transit", "tessellate": -1, "extrude": 0, "visibility": -1 }, "geometry": { "type": "Point", "coordinates": [ -121.829291, 36.619205, 0.0 ] } },
{ "type": "Feature", "properties": { "Name": "Ord Grove / 1535 Ord Grove", "description": "stop_id: 0934\nagency: Monterey-Salinas Transit", "tessellate": -1, "extrude": 0, "visibility": -1 }, "geometry": { "type": "Point", "coordinates": [ -121.831696, 36.619234, 0.0 ] } },
{ "type": "Feature", "properties": { "Name": "Ord Grove / Waring", "description": "stop_id: 0937\nagency: Monterey-Salinas Transit", "tessellate": -1, "extrude": 0, "visibility": -1 }, "geometry": { "type": "Point", "coordinates": [ -121.834925, 36.619393, 0.0 ] } },
{ "type": "Feature", "properties": { "Name": "Ord Grove / Noche Buena", "description": "stop_id: 0940\nagency: Monterey-Salinas Transit", "tessellate": -1, "extrude": 0, "visibility": -1 }, "geometry": { "type": "Point", "coordinates": [ -121.838592, 36.619439, 0.0 ] } },
{ "type": "Feature", "properties": { "Name": "Fremont / Echo", "description": "stop_id: 0949\nagency: Monterey-Salinas Transit", "tessellate": -1, "extrude": 0, "visibility": -1 }, "geometry": { "type": "Point", "coordinates": [ -121.843471, 36.613677, 0.0 ] } },
{ "type": "Feature", "properties": { "Name": "Fremont / Broadway", "description": "stop_id: 0955\nagency: Monterey-Salinas Transit", "tessellate": -1, "extrude": 0, "visibility": -1 }, "geometry": { "type": "Point", "coordinates": [ -121.845825, 36.608981, 0.0 ] } },
{ "type": "Feature", "properties": { "Name": "Fremont / Francis Avenue", "description": "stop_id: 0957\nagency: Monterey-Salinas Transit", "tessellate": -1, "extrude": 0, "visibility": -1 }, "geometry": { "type": "Point", "coordinates": [ -121.849309, 36.601644, 0.0 ] } },
{ "type": "Feature", "properties": { "Name": "Fremont / Trinity Avenue", "description": "stop_id: 0959\nagency: Monterey-Salinas Transit", "tessellate": -1, "extrude": 0, "visibility": -1 }, "geometry": { "type": "Point", "coordinates": [ -121.847847, 36.604849, 0.0 ] } },
{ "type": "Feature", "properties": { "Name": "Fremont / Trinity Avenue", "description": "stop_id: 1004\nagency: Monterey-Salinas Transit", "tessellate": -1, "extrude": 0, "visibility": -1 }, "geometry": { "type": "Point", "coordinates": [ -121.847603, 36.604711, 0.0 ] } },
{ "type": "Feature", "properties": { "Name": "Fremont / Broadway", "description": "stop_id: 1010\nagency: Monterey-Salinas Transit", "tessellate": -1, "extrude": 0, "visibility": -1 }, "geometry": { "type": "Point", "coordinates": [ -121.845308, 36.609437, 0.0 ] } },
{ "type": "Feature", "properties": { "Name": "Fremont / Echo", "description": "stop_id: 1016\nagency: Monterey-Salinas Transit", "tessellate": -1, "extrude": 0, "visibility": -1 }, "geometry": { "type": "Point", "coordinates": [ -121.842936, 36.613546, 0.0 ] } },
{ "type": "Feature", "properties": { "Name": "Ord Grove / Noche Buena", "description": "stop_id: 1022\nagency: Monterey-Salinas Transit", "tessellate": -1, "extrude": 0, "visibility": -1 }, "geometry": { "type": "Point", "coordinates": [ -121.837784, 36.619292, 0.0 ] } },
{ "type": "Feature", "properties": { "Name": "Ord Grove / Waring", "description": "stop_id: 1025\nagency: Monterey-Salinas Transit", "tessellate": -1, "extrude": 0, "visibility": -1 }, "geometry": { "type": "Point", "coordinates": [ -121.834453, 36.619198, 0.0 ] } },
{ "type": "Feature", "properties": { "Name": "Ord Grove / Luzern", "description": "stop_id: 1028\nagency: Monterey-Salinas Transit", "tessellate": -1, "extrude": 0, "visibility": -1 }, "geometry": { "type": "Point", "coordinates": [ -121.83058, 36.619114, 0.0 ] } },
{ "type": "Feature", "properties": { "Name": "Ord Grove / Mendocino", "description": "stop_id: 1031\nagency: Monterey-Salinas Transit", "tessellate": -1, "extrude": 0, "visibility": -1 }, "geometry": { "type": "Point", "coordinates": [ -121.828684, 36.619106, 0.0 ] } },
{ "type": "Feature", "properties": { "Name": "Yosemite / La Salle", "description": "stop_id: 1034\nagency: Monterey-Salinas Transit", "tessellate": -1, "extrude": 0, "visibility": -1 }, "geometry": { "type": "Point", "coordinates": [ -121.828054, 36.616477, 0.0 ] } },
{ "type": "Feature", "properties": { "Name": "Yosemite / San Pablo Avenue", "description": "stop_id: 1037\nagency: Monterey-Salinas Transit", "tessellate": -1, "extrude": 0, "visibility": -1 }, "geometry": { "type": "Point", "coordinates": [ -121.828098, 36.614851, 0.0 ] } },
{ "type": "Feature", "properties": { "Name": "Noche Buena / San Pablo", "description": "stop_id: 1046\nagency: Monterey-Salinas Transit", "tessellate": -1, "extrude": 0, "visibility": -1 }, "geometry": { "type": "Point", "coordinates": [ -121.837652, 36.614922, 0.0 ] } },
{ "type": "Feature", "properties": { "Name": "Noche Buena / Mingo", "description": "stop_id: 1049\nagency: Monterey-Salinas Transit", "tessellate": -1, "extrude": 0, "visibility": -1 }, "geometry": { "type": "Point", "coordinates": [ -121.837697, 36.611688, 0.0 ] } },
{ "type": "Feature", "properties": { "Name": "Noche Buena / Broadway", "description": "stop_id: 1052\nagency: Monterey-Salinas Transit", "tessellate": -1, "extrude": 0, "visibility": -1 }, "geometry": { "type": "Point", "coordinates": [ -121.837766, 36.609278, 0.0 ] } },
{ "type": "Feature", "properties": { "Name": "Noche Buena / Sonoma Avenue", "description": "stop_id: 1055\nagency: Monterey-Salinas Transit", "tessellate": -1, "extrude": 0, "visibility": -1 }, "geometry": { "type": "Point", "coordinates": [ -121.837859, 36.606178, 0.0 ] } },
{ "type": "Feature", "properties": { "Name": "Noche Buena / Wanda", "description": "stop_id: 1058\nagency: Monterey-Salinas Transit", "tessellate": -1, "extrude": 0, "visibility": -1 }, "geometry": { "type": "Point", "coordinates": [ -121.83792, 36.60398, 0.0 ] } },
{ "type": "Feature", "properties": { "Name": "Noche Buena / Hilby Avenue", "description": "stop_id: 1061\nagency: Monterey-Salinas Transit", "tessellate": -1, "extrude": 0, "visibility": -1 }, "geometry": { "type": "Point", "coordinates": [ -121.837957, 36.602568, 0.0 ] } },
{ "type": "Feature", "properties": { "Name": "Hilby / San Lucas Street", "description": "stop_id: 1064\nagency: Monterey-Salinas Transit", "tessellate": -1, "extrude": 0, "visibility": -1 }, "geometry": { "type": "Point", "coordinates": [ -121.840694, 36.602507, 0.0 ] } },
{ "type": "Feature", "properties": { "Name": "Hilby / Siddall", "description": "stop_id: 1067\nagency: Monterey-Salinas Transit", "tessellate": -1, "extrude": 0, "visibility": -1 }, "geometry": { "type": "Point", "coordinates": [ -121.845845, 36.602561, 0.0 ] } },
{ "type": "Feature", "properties": { "Name": "Hilby /  Virginia", "description": "stop_id: 1070\nagency: Monterey-Salinas Transit", "tessellate": -1, "extrude": 0, "visibility": -1 }, "geometry": { "type": "Point", "coordinates": [ -121.847894, 36.602626, 0.0 ] } },
{ "type": "Feature", "properties": { "Name": "Inter-Garrison / Building 86", "description": "stop_id: 1101\nagency: Monterey-Salinas Transit", "tessellate": -1, "extrude": 0, "visibility": -1 }, "geometry": { "type": "Point", "coordinates": [ -121.808045, 36.654862, 0.0 ] } },
{ "type": "Feature", "properties": { "Name": "4th Avenue / Alumni & Visitor Center", "description": "stop_id: 1133\nagency: Monterey-Salinas Transit", "tessellate": -1, "extrude": 0, "visibility": -1 }, "geometry": { "type": "Point", "coordinates": [ -121.801391, 36.653511, 0.0 ] } },
{ "type": "Feature", "properties": { "Name": "Inter-Garrison / 5th Ave", "description": "stop_id: 1145\nagency: Monterey-Salinas Transit", "tessellate": -1, "extrude": 0, "visibility": -1 }, "geometry": { "type": "Point", "coordinates": [ -121.796618, 36.654797, 0.0 ] } },
{ "type": "Feature", "properties": { "Name": "8th St / Imjin Rd", "description": "stop_id: 1147\nagency: Monterey-Salinas Transit", "tessellate": -1, "extrude": 0, "visibility": -1 }, "geometry": { "type": "Point", "coordinates": [ -121.795237, 36.658691, 0.0 ] } },
{ "type": "Feature", "properties": { "Name": "Inter-Garrison / Student Center", "description": "stop_id: 1150\nagency: Monterey-Salinas Transit", "tessellate": -1, "extrude": 0, "visibility": -1 }, "geometry": { "type": "Point", "coordinates": [ -121.798225, 36.654725, 0.0 ] } },
{ "type": "Feature", "properties": { "Name": "Gen Moore Blvd / Eucalyptus Road", "description": "stop_id: 1205\nagency: Monterey-Salinas Transit", "tessellate": -1, "extrude": 0, "visibility": -1 }, "geometry": { "type": "Point", "coordinates": [ -121.816839, 36.622254, 0.0 ] } },
{ "type": "Feature", "properties": { "Name": "Reindollar Ave / Sunset Ave", "description": "stop_id: 1263\nagency: Monterey-Salinas Transit", "tessellate": -1, "extrude": 0, "visibility": -1 }, "geometry": { "type": "Point", "coordinates": [ -121.802657, 36.679469, 0.0 ] } },
{ "type": "Feature", "properties": { "Name": "Carmel Ave / Carmelo Cir", "description": "stop_id: 1292\nagency: Monterey-Salinas Transit", "tessellate": -1, "extrude": 0, "visibility": -1 }, "geometry": { "type": "Point", "coordinates": [ -121.785802, 36.676085, 0.0 ] } },
{ "type": "Feature", "properties": { "Name": "Gen Stilwell / The Dunes", "description": "stop_id: 1299\nagency: Monterey-Salinas Transit", "tessellate": -1, "extrude": 0, "visibility": -1 }, "geometry": { "type": "Point", "coordinates": [ -121.81169, 36.665475, 0.0 ] } },
{ "type": "Feature", "properties": { "Name": "De Forest /  Park Circle", "description": "stop_id: 1321\nagency: Monterey-Salinas Transit", "tessellate": -1, "extrude": 0, "visibility": -1 }, "geometry": { "type": "Point", "coordinates": [ -121.791322, 36.687433, 0.0 ] } },
{ "type": "Feature", "properties": { "Name": "De Forest /  Costa Del Mar", "description": "stop_id: 1323\nagency: Monterey-Salinas Transit", "tessellate": -1, "extrude": 0, "visibility": -1 }, "geometry": { "type": "Point", "coordinates": [ -121.78969, 36.68962, 0.0 ] } },
{ "type": "Feature", "properties": { "Name": "De Forest /  Beach", "description": "stop_id: 1325\nagency: Monterey-Salinas Transit", "tessellate": -1, "extrude": 0, "visibility": -1 }, "geometry": { "type": "Point", "coordinates": [ -121.788501, 36.691265, 0.0 ] } },
{ "type": "Feature", "properties": { "Name": "Abbott /  Chamberlain", "description": "stop_id: 1388\nagency: Monterey-Salinas Transit", "tessellate": -1, "extrude": 0, "visibility": -1 }, "geometry": { "type": "Point", "coordinates": [ -121.643591, 36.665136, 0.0 ] } },
{ "type": "Feature", "properties": { "Name": "Schilling / County Government Center", "description": "stop_id: 1394\nagency: Monterey-Salinas Transit", "tessellate": -1, "extrude": 0, "visibility": -1 }, "geometry": { "type": "Point", "coordinates": [ -121.619824, 36.652512, 0.0 ] } },
{ "type": "Feature", "properties": { "Name": "Sinex /  17th", "description": "stop_id: 1428\nagency: Monterey-Salinas Transit", "tessellate": -1, "extrude": 0, "visibility": -1 }, "geometry": { "type": "Point", "coordinates": [ -121.921731, 36.615424, 0.0 ] } },
{ "type": "Feature", "properties": { "Name": "Pine Ave / 321 Pine Ave", "description": "stop_id: 1429\nagency: Monterey-Salinas Transit", "tessellate": -1, "extrude": 0, "visibility": -1 }, "geometry": { "type": "Point", "coordinates": [ -121.912153, 36.616915, 0.0 ] } },
{ "type": "Feature", "properties": { "Name": "Pine Ave / 189 Pine Ave", "description": "stop_id: 1430\nagency: Monterey-Salinas Transit", "tessellate": -1, "extrude": 0, "visibility": -1 }, "geometry": { "type": "Point", "coordinates": [ -121.908903, 36.615915, 0.0 ] } },
{ "type": "Feature", "properties": { "Name": "Pine Ave / Monterey Ave", "description": "stop_id: 1432\nagency: Monterey-Salinas Transit", "tessellate": -1, "extrude": 0, "visibility": -1 }, "geometry": { "type": "Point", "coordinates": [ -121.914064, 36.617468, 0.0 ] } },
{ "type": "Feature", "properties": { "Name": "Sinex Ave / Lobos Ave", "description": "stop_id: 1435\nagency: Monterey-Salinas Transit", "tessellate": -1, "extrude": 0, "visibility": -1 }, "geometry": { "type": "Point", "coordinates": [ -121.92499, 36.616331, 0.0 ] } },
{ "type": "Feature", "properties": { "Name": "Fountain /  Pine", "description": "stop_id: 1437\nagency: Monterey-Salinas Transit", "tessellate": -1, "extrude": 0, "visibility": -1 }, "geometry": { "type": "Point", "coordinates": [ -121.917437, 36.618571, 0.0 ] } },
{ "type": "Feature", "properties": { "Name": "Fountain /  Lighthouse", "description": "stop_id: 1438\nagency: Monterey-Salinas Transit", "tessellate": -1, "extrude": 0, "visibility": -1 }, "geometry": { "type": "Point", "coordinates": [ -121.916819, 36.620136, 0.0 ] } },
{ "type": "Feature", "properties": { "Name": "Sinex / Forest Ave", "description": "stop_id: 1446\nagency: Monterey-Salinas Transit", "tessellate": -1, "extrude": 0, "visibility": -1 }, "geometry": { "type": "Point", "coordinates": [ -121.919771, 36.614932, 0.0 ] } },
{ "type": "Feature", "properties": { "Name": "Sinex /  17th", "description": "stop_id: 1449\nagency: Monterey-Salinas Transit", "tessellate": -1, "extrude": 0, "visibility": -1 }, "geometry": { "type": "Point", "coordinates": [ -121.921319, 36.615367, 0.0 ] } },
{ "type": "Feature", "properties": { "Name": "David/ Pine", "description": "stop_id: 1518\nagency: Monterey-Salinas Transit", "tessellate": -1, "extrude": 0, "visibility": -1 }, "geometry": { "type": "Point", "coordinates": [ -121.909868, 36.614338, 0.0 ] } },
{ "type": "Feature", "properties": { "Name": "David /  Lily", "description": "stop_id: 1519\nagency: Monterey-Salinas Transit", "tessellate": -1, "extrude": 0, "visibility": -1 }, "geometry": { "type": "Point", "coordinates": [ -121.911858, 36.61339, 0.0 ] } },
{ "type": "Feature", "properties": { "Name": "David /  Filmore", "description": "stop_id: 1522\nagency: Monterey-Salinas Transit", "tessellate": -1, "extrude": 0, "visibility": -1 }, "geometry": { "type": "Point", "coordinates": [ -121.91363, 36.612545, 0.0 ] } },
{ "type": "Feature", "properties": { "Name": "David /  Lyndon", "description": "stop_id: 1525\nagency: Monterey-Salinas Transit", "tessellate": -1, "extrude": 0, "visibility": -1 }, "geometry": { "type": "Point", "coordinates": [ -121.916368, 36.611215, 0.0 ] } },
{ "type": "Feature", "properties": { "Name": "Upper Ragsdale /  Lower Ragsdale", "description": "stop_id: 1528\nagency: Monterey-Salinas Transit", "tessellate": -1, "extrude": 0, "visibility": -1 }, "geometry": { "type": "Point", "coordinates": [ -121.819401, 36.578189, 0.0 ] } },
{ "type": "Feature", "properties": { "Name": "Upper Ragsdale /  Justin", "description": "stop_id: 1529\nagency: Monterey-Salinas Transit", "tessellate": -1, "extrude": 0, "visibility": -1 }, "geometry": { "type": "Point", "coordinates": [ -121.816195, 36.579496, 0.0 ] } },
{ "type": "Feature", "properties": { "Name": "Upper Ragsdale /  8 Upper Ragsdale", "description": "stop_id: 1531\nagency: Monterey-Salinas Transit", "tessellate": -1, "extrude": 0, "visibility": -1 }, "geometry": { "type": "Point", "coordinates": [ -121.811038, 36.577253, 0.0 ] } },
{ "type": "Feature", "properties": { "Name": "Wilson /  Lower Ragsdale", "description": "stop_id: 1534\nagency: Monterey-Salinas Transit", "tessellate": -1, "extrude": 0, "visibility": -1 }, "geometry": { "type": "Point", "coordinates": [ -121.809973, 36.574252, 0.0 ] } },
{ "type": "Feature", "properties": { "Name": "Forest /  Syida", "description": "stop_id: 1537\nagency: Monterey-Salinas Transit", "tessellate": -1, "extrude": 0, "visibility": -1 }, "geometry": { "type": "Point", "coordinates": [ -121.924894, 36.60204, 0.0 ] } },
{ "type": "Feature", "properties": { "Name": "Forest /  Prescott", "description": "stop_id: 1539\nagency: Monterey-Salinas Transit", "tessellate": -1, "extrude": 0, "visibility": -1 }, "geometry": { "type": "Point", "coordinates": [ -121.920576, 36.604668, 0.0 ] } },
{ "type": "Feature", "properties": { "Name": "Wilson /  York", "description": "stop_id: 1555\nagency: Monterey-Salinas Transit", "tessellate": -1, "extrude": 0, "visibility": -1 }, "geometry": { "type": "Point", "coordinates": [ -121.808527, 36.572898, 0.0 ] } },
{ "type": "Feature", "properties": { "Name": "David /  Moreland", "description": "stop_id: 1556\nagency: Monterey-Salinas Transit", "tessellate": -1, "extrude": 0, "visibility": -1 }, "geometry": { "type": "Point", "coordinates": [ -121.926973, 36.606339, 0.0 ] } },
{ "type": "Feature", "properties": { "Name": "David /  # 2875", "description": "stop_id: 1558\nagency: Monterey-Salinas Transit", "tessellate": -1, "extrude": 0, "visibility": -1 }, "geometry": { "type": "Point", "coordinates": [ -121.924991, 36.607226, 0.0 ] } },
{ "type": "Feature", "properties": { "Name": "David /  Forest", "description": "stop_id: 1561\nagency: Monterey-Salinas Transit", "tessellate": -1, "extrude": 0, "visibility": -1 }, "geometry": { "type": "Point", "coordinates": [ -121.923442, 36.607974, 0.0 ] } },
{ "type": "Feature", "properties": { "Name": "Forest Ave / 1001 Forest Ave", "description": "stop_id: 1562\nagency: Monterey-Salinas Transit", "tessellate": -1, "extrude": 0, "visibility": -1 }, "geometry": { "type": "Point", "coordinates": [ -121.921893, 36.611975, 0.0 ] } },
{ "type": "Feature", "properties": { "Name": "Pine Ave / 232 Pine Ave", "description": "stop_id: 1571\nagency: Monterey-Salinas Transit", "tessellate": -1, "extrude": 0, "visibility": -1 }, "geometry": { "type": "Point", "coordinates": [ -121.909733, 36.616305, 0.0 ] } },
{ "type": "Feature", "properties": { "Name": "David /  Lobos", "description": "stop_id: 1572\nagency: Monterey-Salinas Transit", "tessellate": -1, "extrude": 0, "visibility": -1 }, "geometry": { "type": "Point", "coordinates": [ -121.919495, 36.609771, 0.0 ] } },
{ "type": "Feature", "properties": { "Name": "David /  Terry", "description": "stop_id: 1574\nagency: Monterey-Salinas Transit", "tessellate": -1, "extrude": 0, "visibility": -1 }, "geometry": { "type": "Point", "coordinates": [ -121.914756, 36.612, 0.0 ] } },
{ "type": "Feature", "properties": { "Name": "David /  Lily", "description": "stop_id: 1576\nagency: Monterey-Salinas Transit", "tessellate": -1, "extrude": 0, "visibility": -1 }, "geometry": { "type": "Point", "coordinates": [ -121.912039, 36.613195, 0.0 ] } },
{ "type": "Feature", "properties": { "Name": "Pine Ave / 400 Pine Ave", "description": "stop_id: 1577\nagency: Monterey-Salinas Transit", "tessellate": -1, "extrude": 0, "visibility": -1 }, "geometry": { "type": "Point", "coordinates": [ -121.914233, 36.617585, 0.0 ] } },
{ "type": "Feature", "properties": { "Name": "David Ave /  Devisadero St", "description": "stop_id: 1578\nagency: Monterey-Salinas Transit", "tessellate": -1, "extrude": 0, "visibility": -1 }, "geometry": { "type": "Point", "coordinates": [ -121.921135, 36.608968, 0.0 ] } },
{ "type": "Feature", "properties": { "Name": "David /  Pine", "description": "stop_id: 1579\nagency: Monterey-Salinas Transit", "tessellate": -1, "extrude": 0, "visibility": -1 }, "geometry": { "type": "Point", "coordinates": [ -121.909819, 36.614259, 0.0 ] } },
{ "type": "Feature", "properties": { "Name": "David /  Lottie", "description": "stop_id: 1580\nagency: Monterey-Salinas Transit", "tessellate": -1, "extrude": 0, "visibility": -1 }, "geometry": { "type": "Point", "coordinates": [ -121.918832, 36.610003, 0.0 ] } },
{ "type": "Feature", "properties": { "Name": "David /  Terry", "description": "stop_id: 1582\nagency: Monterey-Salinas Transit", "tessellate": -1, "extrude": 0, "visibility": -1 }, "geometry": { "type": "Point", "coordinates": [ -121.914768, 36.61191, 0.0 ] } },
{ "type": "Feature", "properties": { "Name": "David /  Filmore", "description": "stop_id: 1584\nagency: Monterey-Salinas Transit", "tessellate": -1, "extrude": 0, "visibility": -1 }, "geometry": { "type": "Point", "coordinates": [ -121.913206, 36.612653, 0.0 ] } },
{ "type": "Feature", "properties": { "Name": "David /  Lyndon", "description": "stop_id: 1586\nagency: Monterey-Salinas Transit", "tessellate": -1, "extrude": 0, "visibility": -1 }, "geometry": { "type": "Point", "coordinates": [ -121.916421, 36.611087, 0.0 ] } },
{ "type": "Feature", "properties": { "Name": "Foam /  Reeside", "description": "stop_id: 1602\nagency: Monterey-Salinas Transit", "tessellate": -1, "extrude": 0, "visibility": -1 }, "geometry": { "type": "Point", "coordinates": [ -121.897399, 36.609972, 0.0 ] } },
{ "type": "Feature", "properties": { "Name": "Foam / Hoffman", "description": "stop_id: 1665\nagency: Monterey-Salinas Transit", "tessellate": -1, "extrude": 0, "visibility": -1 }, "geometry": { "type": "Point", "coordinates": [ -121.900981, 36.614123, 0.0 ] } },
{ "type": "Feature", "properties": { "Name": "Foam / Irving", "description": "stop_id: 1670\nagency: Monterey-Salinas Transit", "tessellate": -1, "extrude": 0, "visibility": -1 }, "geometry": { "type": "Point", "coordinates": [ -121.902964, 36.616498, 0.0 ] } },
{ "type": "Feature", "properties": { "Name": "Sherman / Ord", "description": "stop_id: 1693\nagency: Monterey-Salinas Transit", "tessellate": -1, "extrude": 0, "visibility": -1 }, "geometry": { "type": "Point", "coordinates": [ -121.731751, 36.653649, 0.0 ] } },
{ "type": "Feature", "properties": { "Name": "Carmel Ave /  Crescent Ave", "description": "stop_id: 1701\nagency: Monterey-Salinas Transit", "tessellate": -1, "extrude": 0, "visibility": -1 }, "geometry": { "type": "Point", "coordinates": [ -121.794195, 36.680104, 0.0 ] } },
{ "type": "Feature", "properties": { "Name": "Carmel Ave / 390 Carmel Ave", "description": "stop_id: 1703\nagency: Monterey-Salinas Transit", "tessellate": -1, "extrude": 0, "visibility": -1 }, "geometry": { "type": "Point", "coordinates": [ -121.788909, 36.677594, 0.0 ] } },
{ "type": "Feature", "properties": { "Name": "Imjin /  Reservation", "description": "stop_id: 1709\nagency: Monterey-Salinas Transit", "tessellate": -1, "extrude": 0, "visibility": -1 }, "geometry": { "type": "Point", "coordinates": [ -121.768344, 36.669909, 0.0 ] } },
{ "type": "Feature", "properties": { "Name": "Preston /  Ready", "description": "stop_id: 1711\nagency: Monterey-Salinas Transit", "tessellate": -1, "extrude": 0, "visibility": -1 }, "geometry": { "type": "Point", "coordinates": [ -121.771168, 36.668955, 0.0 ] } },
{ "type": "Feature", "properties": { "Name": "Preston /  Brown", "description": "stop_id: 1713\nagency: Monterey-Salinas Transit", "tessellate": -1, "extrude": 0, "visibility": -1 }, "geometry": { "type": "Point", "coordinates": [ -121.77226, 36.67064, 0.0 ] } },
{ "type": "Feature", "properties": { "Name": "Preston /  Wahl", "description": "stop_id: 1715\nagency: Monterey-Salinas Transit", "tessellate": -1, "extrude": 0, "visibility": -1 }, "geometry": { "type": "Point", "coordinates": [ -121.774619, 36.670674, 0.0 ] } },
{ "type": "Feature", "properties": { "Name": "Preston /  Barth", "description": "stop_id: 1717\nagency: Monterey-Salinas Transit", "tessellate": -1, "extrude": 0, "visibility": -1 }, "geometry": { "type": "Point", "coordinates": [ -121.775415, 36.668117, 0.0 ] } },
{ "type": "Feature", "properties": { "Name": "Gen Moore Blvd /  Lightfighter", "description": "stop_id: 1729\nagency: Monterey-Salinas Transit", "tessellate": -1, "extrude": 0, "visibility": -1 }, "geometry": { "type": "Point", "coordinates": [ -121.805038, 36.647524, 0.0 ] } },
{ "type": "Feature", "properties": { "Name": "Coe /  Seaside Middle School", "description": "stop_id: 1731\nagency: Monterey-Salinas Transit", "tessellate": -1, "extrude": 0, "visibility": -1 }, "geometry": { "type": "Point", "coordinates": [ -121.818629, 36.621762, 0.0 ] } },
{ "type": "Feature", "properties": { "Name": "Coe /  #5200 (Sun Bay Apartments)", "description": "stop_id: 1733\nagency: Monterey-Salinas Transit", "tessellate": -1, "extrude": 0, "visibility": -1 }, "geometry": { "type": "Point", "coordinates": [ -121.827573, 36.623066, 0.0 ] } },
{ "type": "Feature", "properties": { "Name": "Coe /  Pacific Crest", "description": "stop_id: 1735\nagency: Monterey-Salinas Transit", "tessellate": -1, "extrude": 0, "visibility": -1 }, "geometry": { "type": "Point", "coordinates": [ -121.829607, 36.625348, 0.0 ] } },
{ "type": "Feature", "properties": { "Name": "Coe / Ord Ave", "description": "stop_id: 1737\nagency: Monterey-Salinas Transit", "tessellate": -1, "extrude": 0, "visibility": -1 }, "geometry": { "type": "Point", "coordinates": [ -121.831735, 36.626167, 0.0 ] } },
{ "type": "Feature", "properties": { "Name": "Coe Ave / Sea Ridge Ct", "description": "stop_id: 1741\nagency: Monterey-Salinas Transit", "tessellate": -1, "extrude": 0, "visibility": -1 }, "geometry": { "type": "Point", "coordinates": [ -121.834877, 36.629383, 0.0 ] } },
{ "type": "Feature", "properties": { "Name": "Coe Ave / Sea Ridge Ct", "description": "stop_id: 1743\nagency: Monterey-Salinas Transit", "tessellate": -1, "extrude": 0, "visibility": -1 }, "geometry": { "type": "Point", "coordinates": [ -121.835098, 36.629279, 0.0 ] } },
{ "type": "Feature", "properties": { "Name": "Coe /  Ord", "description": "stop_id: 1745\nagency: Monterey-Salinas Transit", "tessellate": -1, "extrude": 0, "visibility": -1 }, "geometry": { "type": "Point", "coordinates": [ -121.830946, 36.625971, 0.0 ] } },
{ "type": "Feature", "properties": { "Name": "Coe /  Hibiscus Heights", "description": "stop_id: 1747\nagency: Monterey-Salinas Transit", "tessellate": -1, "extrude": 0, "visibility": -1 }, "geometry": { "type": "Point", "coordinates": [ -121.829071, 36.624659, 0.0 ] } },
{ "type": "Feature", "properties": { "Name": "Coe /  Buttercup Blvd", "description": "stop_id: 1749\nagency: Monterey-Salinas Transit", "tessellate": -1, "extrude": 0, "visibility": -1 }, "geometry": { "type": "Point", "coordinates": [ -121.826712, 36.622137, 0.0 ] } },
{ "type": "Feature", "properties": { "Name": "Gen Moore Blvd /  Lightfighter", "description": "stop_id: 1755\nagency: Monterey-Salinas Transit", "tessellate": -1, "extrude": 0, "visibility": -1 }, "geometry": { "type": "Point", "coordinates": [ -121.804572, 36.647962, 0.0 ] } },
{ "type": "Feature", "properties": { "Name": "Preston /  Barth", "description": "stop_id: 1767\nagency: Monterey-Salinas Transit", "tessellate": -1, "extrude": 0, "visibility": -1 }, "geometry": { "type": "Point", "coordinates": [ -121.77527, 36.668088, 0.0 ] } },
{ "type": "Feature", "properties": { "Name": "Preston /  Wahl", "description": "stop_id: 1769\nagency: Monterey-Salinas Transit", "tessellate": -1, "extrude": 0, "visibility": -1 }, "geometry": { "type": "Point", "coordinates": [ -121.774505, 36.670624, 0.0 ] } },
{ "type": "Feature", "properties": { "Name": "Preston /  Brown", "description": "stop_id: 1771\nagency: Monterey-Salinas Transit", "tessellate": -1, "extrude": 0, "visibility": -1 }, "geometry": { "type": "Point", "coordinates": [ -121.772373, 36.6706, 0.0 ] } },
{ "type": "Feature", "properties": { "Name": "Preston /  Ready", "description": "stop_id: 1773\nagency: Monterey-Salinas Transit", "tessellate": -1, "extrude": 0, "visibility": -1 }, "geometry": { "type": "Point", "coordinates": [ -121.77147, 36.668795, 0.0 ] } },
{ "type": "Feature", "properties": { "Name": "Imjin / 3rd Ave", "description": "stop_id: 1774\nagency: Monterey-Salinas Transit", "tessellate": -1, "extrude": 0, "visibility": -1 }, "geometry": { "type": "Point", "coordinates": [ -121.804037, 36.666284, 0.0 ] } },
{ "type": "Feature", "properties": { "Name": "Imjin /  Reservation", "description": "stop_id: 1775\nagency: Monterey-Salinas Transit", "tessellate": -1, "extrude": 0, "visibility": -1 }, "geometry": { "type": "Point", "coordinates": [ -121.766931, 36.670947, 0.0 ] } },
{ "type": "Feature", "properties": { "Name": "Imjin / 4th Ave", "description": "stop_id: 1776\nagency: Monterey-Salinas Transit", "tessellate": -1, "extrude": 0, "visibility": -1 }, "geometry": { "type": "Point", "coordinates": [ -121.799935, 36.666447, 0.0 ] } },
{ "type": "Feature", "properties": { "Name": "Imjin / California", "description": "stop_id: 1778\nagency: Monterey-Salinas Transit", "tessellate": -1, "extrude": 0, "visibility": -1 }, "geometry": { "type": "Point", "coordinates": [ -121.796371, 36.665932, 0.0 ] } },
{ "type": "Feature", "properties": { "Name": "Bostick Ave / Alexis Ct", "description": "stop_id: 1780\nagency: Monterey-Salinas Transit", "tessellate": -1, "extrude": 0, "visibility": -1 }, "geometry": { "type": "Point", "coordinates": [ -121.782506, 36.673433, 0.0 ] } },
{ "type": "Feature", "properties": { "Name": "Bostick Ave /  Larson Ct", "description": "stop_id: 1781\nagency: Monterey-Salinas Transit", "tessellate": -1, "extrude": 0, "visibility": -1 }, "geometry": { "type": "Point", "coordinates": [ -121.784493, 36.672007, 0.0 ] } },
{ "type": "Feature", "properties": { "Name": "Imjin / Abrams", "description": "stop_id: 1782\nagency: Monterey-Salinas Transit", "tessellate": -1, "extrude": 0, "visibility": -1 }, "geometry": { "type": "Point", "coordinates": [ -121.793787, 36.664082, 0.0 ] } },
{ "type": "Feature", "properties": { "Name": "Reindollar Ave /  Phillips Cir", "description": "stop_id: 1783\nagency: Monterey-Salinas Transit", "tessellate": -1, "extrude": 0, "visibility": -1 }, "geometry": { "type": "Point", "coordinates": [ -121.787905, 36.67339, 0.0 ] } },
{ "type": "Feature", "properties": { "Name": "Imjin / California", "description": "stop_id: 1784\nagency: Monterey-Salinas Transit", "tessellate": -1, "extrude": 0, "visibility": -1 }, "geometry": { "type": "Point", "coordinates": [ -121.79725, 36.666497, 0.0 ] } },
{ "type": "Feature", "properties": { "Name": "Reindollar Ave /  Redwood Dr", "description": "stop_id: 1785\nagency: Monterey-Salinas Transit", "tessellate": -1, "extrude": 0, "visibility": -1 }, "geometry": { "type": "Point", "coordinates": [ -121.791137, 36.674948, 0.0 ] } },
{ "type": "Feature", "properties": { "Name": "Imjin / 4th Ave", "description": "stop_id: 1786\nagency: Monterey-Salinas Transit", "tessellate": -1, "extrude": 0, "visibility": -1 }, "geometry": { "type": "Point", "coordinates": [ -121.801127, 36.666449, 0.0 ] } },
{ "type": "Feature", "properties": { "Name": "Reindollar Ave /  Berney Dr", "description": "stop_id: 1787\nagency: Monterey-Salinas Transit", "tessellate": -1, "extrude": 0, "visibility": -1 }, "geometry": { "type": "Point", "coordinates": [ -121.79325, 36.675855, 0.0 ] } },
{ "type": "Feature", "properties": { "Name": "Reindollar Ave /  Vaughn Ave", "description": "stop_id: 1789\nagency: Monterey-Salinas Transit", "tessellate": -1, "extrude": 0, "visibility": -1 }, "geometry": { "type": "Point", "coordinates": [ -121.795395, 36.67599, 0.0 ] } },
{ "type": "Feature", "properties": { "Name": "Imjin / 3rd Ave", "description": "stop_id: 1790\nagency: Monterey-Salinas Transit", "tessellate": -1, "extrude": 0, "visibility": -1 }, "geometry": { "type": "Point", "coordinates": [ -121.805148, 36.666679, 0.0 ] } },
{ "type": "Feature", "properties": { "Name": "Crescent Ave / Reservation Rd", "description": "stop_id: 1797\nagency: Monterey-Salinas Transit", "tessellate": -1, "extrude": 0, "visibility": -1 }, "geometry": { "type": "Point", "coordinates": [ -121.792175, 36.683538, 0.0 ] } },
{ "type": "Feature", "properties": { "Name": "Reservation Rd / Comfort Inn", "description": "stop_id: 1801\nagency: Monterey-Salinas Transit", "tessellate": -1, "extrude": 0, "visibility": -1 }, "geometry": { "type": "Point", "coordinates": [ -121.802522, 36.693481, 0.0 ] } },
{ "type": "Feature", "properties": { "Name": "Monterey /  CDC", "description": "stop_id: 1823\nagency: Monterey-Salinas Transit", "tessellate": -1, "extrude": 0, "visibility": -1 }, "geometry": { "type": "Point", "coordinates": [ -121.826758, 36.635178, 0.0 ] } },
{ "type": "Feature", "properties": { "Name": "Monterey /  Bougainville", "description": "stop_id: 1825\nagency: Monterey-Salinas Transit", "tessellate": -1, "extrude": 0, "visibility": -1 }, "geometry": { "type": "Point", "coordinates": [ -121.828926, 36.633306, 0.0 ] } },
{ "type": "Feature", "properties": { "Name": "Monterey /  Buna", "description": "stop_id: 1827\nagency: Monterey-Salinas Transit", "tessellate": -1, "extrude": 0, "visibility": -1 }, "geometry": { "type": "Point", "coordinates": [ -121.832064, 36.631057, 0.0 ] } },
{ "type": "Feature", "properties": { "Name": "Monterey /  Coe", "description": "stop_id: 1829\nagency: Monterey-Salinas Transit", "tessellate": -1, "extrude": 0, "visibility": -1 }, "geometry": { "type": "Point", "coordinates": [ -121.834889, 36.629748, 0.0 ] } },
{ "type": "Feature", "properties": { "Name": "Monterey /  Coe", "description": "stop_id: 1835\nagency: Monterey-Salinas Transit", "tessellate": -1, "extrude": 0, "visibility": -1 }, "geometry": { "type": "Point", "coordinates": [ -121.83482, 36.629579, 0.0 ] } },
{ "type": "Feature", "properties": { "Name": "Monterey /  Buna", "description": "stop_id: 1837\nagency: Monterey-Salinas Transit", "tessellate": -1, "extrude": 0, "visibility": -1 }, "geometry": { "type": "Point", "coordinates": [ -121.832451, 36.630773, 0.0 ] } },
{ "type": "Feature", "properties": { "Name": "Monterey /  Bougainville", "description": "stop_id: 1839\nagency: Monterey-Salinas Transit", "tessellate": -1, "extrude": 0, "visibility": -1 }, "geometry": { "type": "Point", "coordinates": [ -121.828789, 36.633281, 0.0 ] } },
{ "type": "Feature", "properties": { "Name": "Monterey / Normandy", "description": "stop_id: 1840\nagency: Monterey-Salinas Transit", "tessellate": -1, "extrude": 0, "visibility": -1 }, "geometry": { "type": "Point", "coordinates": [ -121.816574, 36.637892, 0.0 ] } },
{ "type": "Feature", "properties": { "Name": "Monterey /  CDC", "description": "stop_id: 1841\nagency: Monterey-Salinas Transit", "tessellate": -1, "extrude": 0, "visibility": -1 }, "geometry": { "type": "Point", "coordinates": [ -121.826794, 36.635005, 0.0 ] } },
{ "type": "Feature", "properties": { "Name": "Noumea /  Monterey", "description": "stop_id: 1843\nagency: Monterey-Salinas Transit", "tessellate": -1, "extrude": 0, "visibility": -1 }, "geometry": { "type": "Point", "coordinates": [ -121.823795, 36.636568, 0.0 ] } },
{ "type": "Feature", "properties": { "Name": "Noumea /  New Guinea", "description": "stop_id: 1849\nagency: Monterey-Salinas Transit", "tessellate": -1, "extrude": 0, "visibility": -1 }, "geometry": { "type": "Point", "coordinates": [ -121.818905, 36.642942, 0.0 ] } },
{ "type": "Feature", "properties": { "Name": "Gigling /  Gen Moore Blvd", "description": "stop_id: 1851\nagency: Monterey-Salinas Transit", "tessellate": -1, "extrude": 0, "visibility": -1 }, "geometry": { "type": "Point", "coordinates": [ -121.808591, 36.644022, 0.0 ] } },
{ "type": "Feature", "properties": { "Name": "Reservation /  Marina Landing", "description": "stop_id: 1873\nagency: Monterey-Salinas Transit", "tessellate": -1, "extrude": 0, "visibility": -1 }, "geometry": { "type": "Point", "coordinates": [ -121.802036, 36.694394, 0.0 ] } },
{ "type": "Feature", "properties": { "Name": "Beach / Walmart", "description": "stop_id: 1874\nagency: Monterey-Salinas Transit", "tessellate": -1, "extrude": 0, "visibility": -1 }, "geometry": { "type": "Point", "coordinates": [ -121.798973, 36.694332, 0.0 ] } },
{ "type": "Feature", "properties": { "Name": "Beach / Marina Drive", "description": "stop_id: 1888\nagency: Monterey-Salinas Transit", "tessellate": -1, "extrude": 0, "visibility": -1 }, "geometry": { "type": "Point", "coordinates": [ -121.799385, 36.694747, 0.0 ] } },
{ "type": "Feature", "properties": { "Name": "Beach /  Del Monte", "description": "stop_id: 1889\nagency: Monterey-Salinas Transit", "tessellate": -1, "extrude": 0, "visibility": -1 }, "geometry": { "type": "Point", "coordinates": [ -121.79702, 36.693316, 0.0 ] } },
{ "type": "Feature", "properties": { "Name": "Beach /  Melanie", "description": "stop_id: 1891\nagency: Monterey-Salinas Transit", "tessellate": -1, "extrude": 0, "visibility": -1 }, "geometry": { "type": "Point", "coordinates": [ -121.792437, 36.691713, 0.0 ] } },
{ "type": "Feature", "properties": { "Name": "De Forest /  Costa Del Mar", "description": "stop_id: 1893\nagency: Monterey-Salinas Transit", "tessellate": -1, "extrude": 0, "visibility": -1 }, "geometry": { "type": "Point", "coordinates": [ -121.789977, 36.689436, 0.0 ] } },
{ "type": "Feature", "properties": { "Name": "De Forest /  George", "description": "stop_id: 1895\nagency: Monterey-Salinas Transit", "tessellate": -1, "extrude": 0, "visibility": -1 }, "geometry": { "type": "Point", "coordinates": [ -121.791573, 36.68732, 0.0 ] } },
{ "type": "Feature", "properties": { "Name": "David Cutino Park / Noche Buena St", "description": "stop_id: 1901\nagency: Monterey-Salinas Transit", "tessellate": -1, "extrude": 0, "visibility": -1 }, "geometry": { "type": "Point", "coordinates": [ -121.837499, 36.615308, 0.0 ] } },
{ "type": "Feature", "properties": { "Name": "Yosemite / Broadway", "description": "stop_id: 1911\nagency: Monterey-Salinas Transit", "tessellate": -1, "extrude": 0, "visibility": -1 }, "geometry": { "type": "Point", "coordinates": [ -121.829331, 36.609181, 0.0 ] } },
{ "type": "Feature", "properties": { "Name": "International School of Monterey", "description": "stop_id: 1913\nagency: Monterey-Salinas Transit", "tessellate": -1, "extrude": 0, "visibility": -1 }, "geometry": { "type": "Point", "coordinates": [ -121.828077, 36.612389, 0.0 ] } },
{ "type": "Feature", "properties": { "Name": "Yosemite / San Pablo Ave", "description": "stop_id: 1915\nagency: Monterey-Salinas Transit", "tessellate": -1, "extrude": 0, "visibility": -1 }, "geometry": { "type": "Point", "coordinates": [ -121.828013, 36.614896, 0.0 ] } },
{ "type": "Feature", "properties": { "Name": "Yosemite / Mingo", "description": "stop_id: 1917\nagency: Monterey-Salinas Transit", "tessellate": -1, "extrude": 0, "visibility": -1 }, "geometry": { "type": "Point", "coordinates": [ -121.828184, 36.611575, 0.0 ] } },
{ "type": "Feature", "properties": { "Name": "Broadway / Soto", "description": "stop_id: 1920\nagency: Monterey-Salinas Transit", "tessellate": -1, "extrude": 0, "visibility": -1 }, "geometry": { "type": "Point", "coordinates": [ -121.830583, 36.609012, 0.0 ] } },
{ "type": "Feature", "properties": { "Name": "Sinex / 17 Mile Drive", "description": "stop_id: 1927\nagency: Monterey-Salinas Transit", "tessellate": -1, "extrude": 0, "visibility": -1 }, "geometry": { "type": "Point", "coordinates": [ -121.930986, 36.618138, 0.0 ] } },
{ "type": "Feature", "properties": { "Name": "David /  Seaview", "description": "stop_id: 1973\nagency: Monterey-Salinas Transit", "tessellate": -1, "extrude": 0, "visibility": -1 }, "geometry": { "type": "Point", "coordinates": [ -121.921785, 36.608878, 0.0 ] } },
{ "type": "Feature", "properties": { "Name": "David /  Patterson", "description": "stop_id: 1975\nagency: Monterey-Salinas Transit", "tessellate": -1, "extrude": 0, "visibility": -1 }, "geometry": { "type": "Point", "coordinates": [ -121.928496, 36.60565, 0.0 ] } },
{ "type": "Feature", "properties": { "Name": "Sinex / Crocker", "description": "stop_id: 1991\nagency: Monterey-Salinas Transit", "tessellate": -1, "extrude": 0, "visibility": -1 }, "geometry": { "type": "Point", "coordinates": [ -121.93433, 36.619168, 0.0 ] } },
{ "type": "Feature", "properties": { "Name": "McKinnon /  Westminster", "description": "stop_id: 1993\nagency: Monterey-Salinas Transit", "tessellate": -1, "extrude": 0, "visibility": -1 }, "geometry": { "type": "Point", "coordinates": [ -121.644843, 36.71015, 0.0 ] } },
{ "type": "Feature", "properties": { "Name": "Del Monte / Sanborn", "description": "stop_id: 1997\nagency: Monterey-Salinas Transit", "tessellate": -1, "extrude": 0, "visibility": -1 }, "geometry": { "type": "Point", "coordinates": [ -121.610572, 36.688334, 0.0 ] } },
{ "type": "Feature", "properties": { "Name": "Reservation /  Lynscott  (east)", "description": "stop_id: 2002\nagency: Monterey-Salinas Transit", "tessellate": -1, "extrude": 0, "visibility": -1 }, "geometry": { "type": "Point", "coordinates": [ -121.781867, 36.679018, 0.0 ] } },
{ "type": "Feature", "properties": { "Name": "Reservation /  430 Reservation Rd", "description": "stop_id: 2003\nagency: Monterey-Salinas Transit", "tessellate": -1, "extrude": 0, "visibility": -1 }, "geometry": { "type": "Point", "coordinates": [ -121.783317, 36.679724, 0.0 ] } },
{ "type": "Feature", "properties": { "Name": "Reservation /  Bayer", "description": "stop_id: 2004\nagency: Monterey-Salinas Transit", "tessellate": -1, "extrude": 0, "visibility": -1 }, "geometry": { "type": "Point", "coordinates": [ -121.77923, 36.677558, 0.0 ] } },
{ "type": "Feature", "properties": { "Name": "Reservation /  Imjin", "description": "stop_id: 2007\nagency: Monterey-Salinas Transit", "tessellate": -1, "extrude": 0, "visibility": -1 }, "geometry": { "type": "Point", "coordinates": [ -121.765895, 36.671016, 0.0 ] } },
{ "type": "Feature", "properties": { "Name": "Blanco / Reservation", "description": "stop_id: 2010\nagency: Monterey-Salinas Transit", "tessellate": -1, "extrude": 0, "visibility": -1 }, "geometry": { "type": "Point", "coordinates": [ -121.754601, 36.669592, 0.0 ] } },
{ "type": "Feature", "properties": { "Name": "Blanco /  Salinas River Bdg", "description": "stop_id: 2013\nagency: Monterey-Salinas Transit", "tessellate": -1, "extrude": 0, "visibility": -1 }, "geometry": { "type": "Point", "coordinates": [ -121.747448, 36.677142, 0.0 ] } },
{ "type": "Feature", "properties": { "Name": "Sherman Blvd / Ord Ave", "description": "stop_id: 2015\nagency: Monterey-Salinas Transit", "tessellate": -1, "extrude": 0, "visibility": -1 }, "geometry": { "type": "Point", "coordinates": [ -121.731571, 36.653522, 0.0 ] } },
{ "type": "Feature", "properties": { "Name": "Alisal /  Blanco", "description": "stop_id: 2022\nagency: Monterey-Salinas Transit", "tessellate": -1, "extrude": 0, "visibility": -1 }, "geometry": { "type": "Point", "coordinates": [ -121.677667, 36.664674, 0.0 ] } },
{ "type": "Feature", "properties": { "Name": "Alisal /  Palma", "description": "stop_id: 2025\nagency: Monterey-Salinas Transit", "tessellate": -1, "extrude": 0, "visibility": -1 }, "geometry": { "type": "Point", "coordinates": [ -121.67509, 36.667362, 0.0 ] } },
{ "type": "Feature", "properties": { "Name": "Alisal /  Acacia", "description": "stop_id: 2028\nagency: Monterey-Salinas Transit", "tessellate": -1, "extrude": 0, "visibility": -1 }, "geometry": { "type": "Point", "coordinates": [ -121.672303, 36.669704, 0.0 ] } },
{ "type": "Feature", "properties": { "Name": "Alisal /  College", "description": "stop_id: 2030\nagency: Monterey-Salinas Transit", "tessellate": -1, "extrude": 0, "visibility": -1 }, "geometry": { "type": "Point", "coordinates": [ -121.670254, 36.671373, 0.0 ] } },
{ "type": "Feature", "properties": { "Name": "Alisal /  Amherst", "description": "stop_id: 2031\nagency: Monterey-Salinas Transit", "tessellate": -1, "extrude": 0, "visibility": -1 }, "geometry": { "type": "Point", "coordinates": [ -121.668342, 36.671959, 0.0 ] } },
{ "type": "Feature", "properties": { "Name": "Alisal /  Homestead", "description": "stop_id: 2034\nagency: Monterey-Salinas Transit", "tessellate": -1, "extrude": 0, "visibility": -1 }, "geometry": { "type": "Point", "coordinates": [ -121.664644, 36.672467, 0.0 ] } },
{ "type": "Feature", "properties": { "Name": "Alisal /  Riker", "description": "stop_id: 2037\nagency: Monterey-Salinas Transit", "tessellate": -1, "extrude": 0, "visibility": -1 }, "geometry": { "type": "Point", "coordinates": [ -121.661417, 36.672904, 0.0 ] } },
{ "type": "Feature", "properties": { "Name": "Alisal /  Cayuga", "description": "stop_id: 2040\nagency: Monterey-Salinas Transit", "tessellate": -1, "extrude": 0, "visibility": -1 }, "geometry": { "type": "Point", "coordinates": [ -121.65877, 36.673248, 0.0 ] } },
{ "type": "Feature", "properties": { "Name": "Alisal /  Homestead", "description": "stop_id: 2046\nagency: Monterey-Salinas Transit", "tessellate": -1, "extrude": 0, "visibility": -1 }, "geometry": { "type": "Point", "coordinates": [ -121.665062, 36.672589, 0.0 ] } },
{ "type": "Feature", "properties": { "Name": "Alisal /  College", "description": "stop_id: 2049\nagency: Monterey-Salinas Transit", "tessellate": -1, "extrude": 0, "visibility": -1 }, "geometry": { "type": "Point", "coordinates": [ -121.670395, 36.671383, 0.0 ] } },
{ "type": "Feature", "properties": { "Name": "Alisal /  Acacia", "description": "stop_id: 2050\nagency: Monterey-Salinas Transit", "tessellate": -1, "extrude": 0, "visibility": -1 }, "geometry": { "type": "Point", "coordinates": [ -121.673004, 36.669257, 0.0 ] } },
{ "type": "Feature", "properties": { "Name": "S Main / Avenue A", "description": "stop_id: 2051\nagency: Monterey-Salinas Transit", "tessellate": -1, "extrude": 0, "visibility": -1 }, "geometry": { "type": "Point", "coordinates": [ -121.65559, 36.669101, 0.0 ] } },
{ "type": "Feature", "properties": { "Name": "Alisal /  Ambrose", "description": "stop_id: 2052\nagency: Monterey-Salinas Transit", "tessellate": -1, "extrude": 0, "visibility": -1 }, "geometry": { "type": "Point", "coordinates": [ -121.676334, 36.666569, 0.0 ] } },
{ "type": "Feature", "properties": { "Name": "Alisal /  Montecito", "description": "stop_id: 2055\nagency: Monterey-Salinas Transit", "tessellate": -1, "extrude": 0, "visibility": -1 }, "geometry": { "type": "Point", "coordinates": [ -121.677795, 36.664915, 0.0 ] } },
{ "type": "Feature", "properties": { "Name": "Blanco /  Salinas River Bdg", "description": "stop_id: 2064\nagency: Monterey-Salinas Transit", "tessellate": -1, "extrude": 0, "visibility": -1 }, "geometry": { "type": "Point", "coordinates": [ -121.747244, 36.677372, 0.0 ] } },
{ "type": "Feature", "properties": { "Name": "Reservation /  Imjin", "description": "stop_id: 2070\nagency: Monterey-Salinas Transit", "tessellate": -1, "extrude": 0, "visibility": -1 }, "geometry": { "type": "Point", "coordinates": [ -121.767151, 36.67201, 0.0 ] } },
{ "type": "Feature", "properties": { "Name": "Reservation /  Bayer", "description": "stop_id: 2072\nagency: Monterey-Salinas Transit", "tessellate": -1, "extrude": 0, "visibility": -1 }, "geometry": { "type": "Point", "coordinates": [ -121.77995, 36.678274, 0.0 ] } },
{ "type": "Feature", "properties": { "Name": "Reservation /  Lynscott  (west)", "description": "stop_id: 2073\nagency: Monterey-Salinas Transit", "tessellate": -1, "extrude": 0, "visibility": -1 }, "geometry": { "type": "Point", "coordinates": [ -121.781675, 36.679207, 0.0 ] } },
{ "type": "Feature", "properties": { "Name": "Garden /  Fairground", "description": "stop_id: 2107\nagency: Monterey-Salinas Transit", "tessellate": -1, "extrude": 0, "visibility": -1 }, "geometry": { "type": "Point", "coordinates": [ -121.866473, 36.593614, 0.0 ] } },
{ "type": "Feature", "properties": { "Name": "Garden /  # 2100", "description": "stop_id: 2108\nagency: Monterey-Salinas Transit", "tessellate": -1, "extrude": 0, "visibility": -1 }, "geometry": { "type": "Point", "coordinates": [ -121.860423, 36.586085, 0.0 ] } },
{ "type": "Feature", "properties": { "Name": "Garden /  # 2300", "description": "stop_id: 2109\nagency: Monterey-Salinas Transit", "tessellate": -1, "extrude": 0, "visibility": -1 }, "geometry": { "type": "Point", "coordinates": [ -121.8577, 36.586107, 0.0 ] } },
{ "type": "Feature", "properties": { "Name": "Garden /  # 2460", "description": "stop_id: 2111\nagency: Monterey-Salinas Transit", "tessellate": -1, "extrude": 0, "visibility": -1 }, "geometry": { "type": "Point", "coordinates": [ -121.853396, 36.58607, 0.0 ] } },
{ "type": "Feature", "properties": { "Name": "Garden /  # 2600", "description": "stop_id: 2113\nagency: Monterey-Salinas Transit", "tessellate": -1, "extrude": 0, "visibility": -1 }, "geometry": { "type": "Point", "coordinates": [ -121.851537, 36.585786, 0.0 ] } },
{ "type": "Feature", "properties": { "Name": "Olmsted / Monterey Regional Airport", "description": "stop_id: 2114\nagency: Monterey-Salinas Transit", "tessellate": -1, "extrude": 0, "visibility": -1 }, "geometry": { "type": "Point", "coordinates": [ -121.849529, 36.586648, 0.0 ] } },
{ "type": "Feature", "properties": { "Name": "Henderson /  2455 Henderson Way", "description": "stop_id: 2115\nagency: Monterey-Salinas Transit", "tessellate": -1, "extrude": 0, "visibility": -1 }, "geometry": { "type": "Point", "coordinates": [ -121.853727, 36.587131, 0.0 ] } },
{ "type": "Feature", "properties": { "Name": "Garden /  Olmsted", "description": "stop_id: 2118\nagency: Monterey-Salinas Transit", "tessellate": -1, "extrude": 0, "visibility": -1 }, "geometry": { "type": "Point", "coordinates": [ -121.849288, 36.585337, 0.0 ] } },
{ "type": "Feature", "properties": { "Name": "Highway 68 / Canyon Del Rey", "description": "stop_id: 2119\nagency: Monterey-Salinas Transit", "tessellate": -1, "extrude": 0, "visibility": -1 }, "geometry": { "type": "Point", "coordinates": [ -121.827478, 36.580407, 0.0 ] } },
{ "type": "Feature", "properties": { "Name": "Highway 68 / 2919 Hwy 68", "description": "stop_id: 2120\nagency: Monterey-Salinas Transit", "tessellate": -1, "extrude": 0, "visibility": -1 }, "geometry": { "type": "Point", "coordinates": [ -121.842189, 36.581807, 0.0 ] } },
{ "type": "Feature", "properties": { "Name": "Highway 68 /  Foster", "description": "stop_id: 2139\nagency: Monterey-Salinas Transit", "tessellate": -1, "extrude": 0, "visibility": -1 }, "geometry": { "type": "Point", "coordinates": [ -121.667094, 36.636876, 0.0 ] } },
{ "type": "Feature", "properties": { "Name": "Highway 68 /  Hitchcock", "description": "stop_id: 2140\nagency: Monterey-Salinas Transit", "tessellate": -1, "extrude": 0, "visibility": -1 }, "geometry": { "type": "Point", "coordinates": [ -121.663952, 36.644943, 0.0 ] } },
{ "type": "Feature", "properties": { "Name": "S Main / San Miguel Avenue", "description": "stop_id: 2142\nagency: Monterey-Salinas Transit", "tessellate": -1, "extrude": 0, "visibility": -1 }, "geometry": { "type": "Point", "coordinates": [ -121.65835, 36.660703, 0.0 ] } },
{ "type": "Feature", "properties": { "Name": "S Main / Romie Lane", "description": "stop_id: 2143\nagency: Monterey-Salinas Transit", "tessellate": -1, "extrude": 0, "visibility": -1 }, "geometry": { "type": "Point", "coordinates": [ -121.657634, 36.662749, 0.0 ] } },
{ "type": "Feature", "properties": { "Name": "S Main / Acacia Street", "description": "stop_id: 2144\nagency: Monterey-Salinas Transit", "tessellate": -1, "extrude": 0, "visibility": -1 }, "geometry": { "type": "Point", "coordinates": [ -121.657051, 36.664358, 0.0 ] } },
{ "type": "Feature", "properties": { "Name": "S Main / Chestnut", "description": "stop_id: 2145\nagency: Monterey-Salinas Transit", "tessellate": -1, "extrude": 0, "visibility": -1 }, "geometry": { "type": "Point", "coordinates": [ -121.655831, 36.667748, 0.0 ] } },
{ "type": "Feature", "properties": { "Name": "W Alisal / Cayuga St", "description": "stop_id: 2147\nagency: Monterey-Salinas Transit", "tessellate": -1, "extrude": 0, "visibility": -1 }, "geometry": { "type": "Point", "coordinates": [ -121.659131, 36.673278, 0.0 ] } },
{ "type": "Feature", "properties": { "Name": "S Main / Clay", "description": "stop_id: 2148\nagency: Monterey-Salinas Transit", "tessellate": -1, "extrude": 0, "visibility": -1 }, "geometry": { "type": "Point", "coordinates": [ -121.655249, 36.670045, 0.0 ] } },
{ "type": "Feature", "properties": { "Name": "S Main / Avenue B", "description": "stop_id: 2149\nagency: Monterey-Salinas Transit", "tessellate": -1, "extrude": 0, "visibility": -1 }, "geometry": { "type": "Point", "coordinates": [ -121.656167, 36.66744, 0.0 ] } },
{ "type": "Feature", "properties": { "Name": "S Main / Acacia Street", "description": "stop_id: 2150\nagency: Monterey-Salinas Transit", "tessellate": -1, "extrude": 0, "visibility": -1 }, "geometry": { "type": "Point", "coordinates": [ -121.657225, 36.664423, 0.0 ] } },
{ "type": "Feature", "properties": { "Name": "W Alisal /  Riker", "description": "stop_id: 2151\nagency: Monterey-Salinas Transit", "tessellate": -1, "extrude": 0, "visibility": -1 }, "geometry": { "type": "Point", "coordinates": [ -121.661432, 36.672993, 0.0 ] } },
{ "type": "Feature", "properties": { "Name": "S Main / Romie Lane", "description": "stop_id: 2152\nagency: Monterey-Salinas Transit", "tessellate": -1, "extrude": 0, "visibility": -1 }, "geometry": { "type": "Point", "coordinates": [ -121.657939, 36.662389, 0.0 ] } },
{ "type": "Feature", "properties": { "Name": "S Main / Orange", "description": "stop_id: 2153\nagency: Monterey-Salinas Transit", "tessellate": -1, "extrude": 0, "visibility": -1 }, "geometry": { "type": "Point", "coordinates": [ -121.658516, 36.660823, 0.0 ] } },
{ "type": "Feature", "properties": { "Name": "S Main / Stephanie", "description": "stop_id: 2154\nagency: Monterey-Salinas Transit", "tessellate": -1, "extrude": 0, "visibility": -1 }, "geometry": { "type": "Point", "coordinates": [ -121.660872, 36.654318, 0.0 ] } },
{ "type": "Feature", "properties": { "Name": "Highway 68 /  Hitchcock", "description": "stop_id: 2155\nagency: Monterey-Salinas Transit", "tessellate": -1, "extrude": 0, "visibility": -1 }, "geometry": { "type": "Point", "coordinates": [ -121.664449, 36.644291, 0.0 ] } },
{ "type": "Feature", "properties": { "Name": "Highway 68 /  Foster", "description": "stop_id: 2157\nagency: Monterey-Salinas Transit", "tessellate": -1, "extrude": 0, "visibility": -1 }, "geometry": { "type": "Point", "coordinates": [ -121.667567, 36.636358, 0.0 ] } },
{ "type": "Feature", "properties": { "Name": "Highway 68 /  Canyon Del Rey", "description": "stop_id: 2184\nagency: Monterey-Salinas Transit", "tessellate": -1, "extrude": 0, "visibility": -1 }, "geometry": { "type": "Point", "coordinates": [ -121.828593, 36.581315, 0.0 ] } },
{ "type": "Feature", "properties": { "Name": "Highway 68 / 2959 Hwy 68", "description": "stop_id: 2185\nagency: Monterey-Salinas Transit", "tessellate": -1, "extrude": 0, "visibility": -1 }, "geometry": { "type": "Point", "coordinates": [ -121.842422, 36.581994, 0.0 ] } },
{ "type": "Feature", "properties": { "Name": "Olmsted /  Highway 68", "description": "stop_id: 2186\nagency: Monterey-Salinas Transit", "tessellate": -1, "extrude": 0, "visibility": -1 }, "geometry": { "type": "Point", "coordinates": [ -121.849209, 36.584712, 0.0 ] } },
{ "type": "Feature", "properties": { "Name": "Garden /  Henderson", "description": "stop_id: 2188\nagency: Monterey-Salinas Transit", "tessellate": -1, "extrude": 0, "visibility": -1 }, "geometry": { "type": "Point", "coordinates": [ -121.854175, 36.586266, 0.0 ] } },
{ "type": "Feature", "properties": { "Name": "Garden /  # 2131", "description": "stop_id: 2189\nagency: Monterey-Salinas Transit", "tessellate": -1, "extrude": 0, "visibility": -1 }, "geometry": { "type": "Point", "coordinates": [ -121.857744, 36.586258, 0.0 ] } },
{ "type": "Feature", "properties": { "Name": "Garden /  # 2111", "description": "stop_id: 2191\nagency: Monterey-Salinas Transit", "tessellate": -1, "extrude": 0, "visibility": -1 }, "geometry": { "type": "Point", "coordinates": [ -121.860068, 36.586194, 0.0 ] } },
{ "type": "Feature", "properties": { "Name": "Garden /  Fairground", "description": "stop_id: 2193\nagency: Monterey-Salinas Transit", "tessellate": -1, "extrude": 0, "visibility": -1 }, "geometry": { "type": "Point", "coordinates": [ -121.8664, 36.593635, 0.0 ] } },
{ "type": "Feature", "properties": { "Name": "Aguajito /  Glenwood", "description": "stop_id: 2194\nagency: Monterey-Salinas Transit", "tessellate": -1, "extrude": 0, "visibility": -1 }, "geometry": { "type": "Point", "coordinates": [ -121.88166, 36.592566, 0.0 ] } },
{ "type": "Feature", "properties": { "Name": "Munras /  El Dorado", "description": "stop_id: 2202\nagency: Monterey-Salinas Transit", "tessellate": -1, "extrude": 0, "visibility": -1 }, "geometry": { "type": "Point", "coordinates": [ -121.89381, 36.59265, 0.0 ] } },
{ "type": "Feature", "properties": { "Name": "Munras /  Cass", "description": "stop_id: 2203\nagency: Monterey-Salinas Transit", "tessellate": -1, "extrude": 0, "visibility": -1 }, "geometry": { "type": "Point", "coordinates": [ -121.897415, 36.589284, 0.0 ] } },
{ "type": "Feature", "properties": { "Name": "Crossroads Shopping Center", "description": "stop_id: 2205\nagency: Monterey-Salinas Transit", "tessellate": -1, "extrude": 0, "visibility": -1 }, "geometry": { "type": "Point", "coordinates": [ -121.909581, 36.537864, 0.0 ] } },
{ "type": "Feature", "properties": { "Name": "Abrego / Church Street", "description": "stop_id: 2206\nagency: Monterey-Salinas Transit", "tessellate": -1, "extrude": 0, "visibility": -1 }, "geometry": { "type": "Point", "coordinates": [ -121.892166, 36.595975, 0.0 ] } },
{ "type": "Feature", "properties": { "Name": "Crossroad Shopping Center- Safeway", "description": "stop_id: 2208\nagency: Monterey-Salinas Transit", "tessellate": -1, "extrude": 0, "visibility": -1 }, "geometry": { "type": "Point", "coordinates": [ -121.911147, 36.536797, 0.0 ] } },
{ "type": "Feature", "properties": { "Name": "Munras / 1288 Munras", "description": "stop_id: 2285\nagency: Monterey-Salinas Transit", "tessellate": -1, "extrude": 0, "visibility": -1 }, "geometry": { "type": "Point", "coordinates": [ -121.900066, 36.58647, 0.0 ] } },
{ "type": "Feature", "properties": { "Name": "Munras /  N. Del Monte Center", "description": "stop_id: 2286\nagency: Monterey-Salinas Transit", "tessellate": -1, "extrude": 0, "visibility": -1 }, "geometry": { "type": "Point", "coordinates": [ -121.899829, 36.586411, 0.0 ] } },
{ "type": "Feature", "properties": { "Name": "Munras /  Don Dahvee", "description": "stop_id: 2288\nagency: Monterey-Salinas Transit", "tessellate": -1, "extrude": 0, "visibility": -1 }, "geometry": { "type": "Point", "coordinates": [ -121.897298, 36.589196, 0.0 ] } },
{ "type": "Feature", "properties": { "Name": "Abrego /  El Dorado", "description": "stop_id: 2289\nagency: Monterey-Salinas Transit", "tessellate": -1, "extrude": 0, "visibility": -1 }, "geometry": { "type": "Point", "coordinates": [ -121.89319, 36.593026, 0.0 ] } },
{ "type": "Feature", "properties": { "Name": "5th St / Gabilan Ct (West)", "description": "stop_id: 2320\nagency: Monterey-Salinas Transit", "tessellate": -1, "extrude": 0, "visibility": -1 }, "geometry": { "type": "Point", "coordinates": [ -121.4402829, 36.5115471, 0.0 ] } },
{ "type": "Feature", "properties": { "Name": "Fanoe Vista Apartments", "description": "stop_id: 2321\nagency: Monterey-Salinas Transit", "tessellate": -1, "extrude": 0, "visibility": -1 }, "geometry": { "type": "Point", "coordinates": [ -121.4370686, 36.5175865, 0.0 ] } },
{ "type": "Feature", "properties": { "Name": "Canyon Creek Park", "description": "stop_id: 2322\nagency: Monterey-Salinas Transit", "tessellate": -1, "extrude": 0, "visibility": -1 }, "geometry": { "type": "Point", "coordinates": [ -121.447835, 36.5226548, 0.0 ] } },
{ "type": "Feature", "properties": { "Name": "8th St / Center St", "description": "stop_id: 2323\nagency: Monterey-Salinas Transit", "tessellate": -1, "extrude": 0, "visibility": -1 }, "geometry": { "type": "Point", "coordinates": [ -121.44677599, 36.510975, 0.0 ] } },
{ "type": "Feature", "properties": { "Name": "5th St / Day St (West)", "description": "stop_id: 2324\nagency: Monterey-Salinas Transit", "tessellate": -1, "extrude": 0, "visibility": -1 }, "geometry": { "type": "Point", "coordinates": [ -121.4432464, 36.5094144, 0.0 ] } },
{ "type": "Feature", "properties": { "Name": "1st St / Alta St", "description": "stop_id: 2325\nagency: Monterey-Salinas Transit", "tessellate": -1, "extrude": 0, "visibility": -1 }, "geometry": { "type": "Point", "coordinates": [ -121.441807, 36.5046842, 0.0 ] } },
{ "type": "Feature", "properties": { "Name": "Alta Minor St / 4th St", "description": "stop_id: 2326\nagency: Monterey-Salinas Transit", "tessellate": -1, "extrude": 0, "visibility": -1 }, "geometry": { "type": "Point", "coordinates": [ -121.445014, 36.5069502, 0.0 ] } },
{ "type": "Feature", "properties": { "Name": "Katherine St / 39 Katherine St", "description": "stop_id: 2327\nagency: Monterey-Salinas Transit", "tessellate": -1, "extrude": 0, "visibility": -1 }, "geometry": { "type": "Point", "coordinates": [ -121.4470125, 36.5049537, 0.0 ] } },
{ "type": "Feature", "properties": { "Name": "Puente Del Monte Ave / 111 Puente Del Monte Ave", "description": "stop_id: 2328\nagency: Monterey-Salinas Transit", "tessellate": -1, "extrude": 0, "visibility": -1 }, "geometry": { "type": "Point", "coordinates": [ -121.4492769, 36.5027983, 0.0 ] } },
{ "type": "Feature", "properties": { "Name": "C St / Belden St", "description": "stop_id: 2329\nagency: Monterey-Salinas Transit", "tessellate": -1, "extrude": 0, "visibility": -1 }, "geometry": { "type": "Point", "coordinates": [ -121.4381899, 36.5031632, 0.0 ] } },
{ "type": "Feature", "properties": { "Name": "Fairview Dr / Elko St", "description": "stop_id: 2330\nagency: Monterey-Salinas Transit", "tessellate": -1, "extrude": 0, "visibility": -1 }, "geometry": { "type": "Point", "coordinates": [ -121.4386279, 36.5070654, 0.0 ] } },
{ "type": "Feature", "properties": { "Name": "5th St / Day St (East)", "description": "stop_id: 2332\nagency: Monterey-Salinas Transit", "tessellate": -1, "extrude": 0, "visibility": -1 }, "geometry": { "type": "Point", "coordinates": [ -121.44297, 36.509516, 0.0 ] } },
{ "type": "Feature", "properties": { "Name": "5th St / Gabilan Ct (East)", "description": "stop_id: 2336\nagency: Monterey-Salinas Transit", "tessellate": -1, "extrude": 0, "visibility": -1 }, "geometry": { "type": "Point", "coordinates": [ -121.4401454, 36.5115064, 0.0 ] } },
{ "type": "Feature", "properties": { "Name": "5th St / Herold Pkwy", "description": "stop_id: 2337\nagency: Monterey-Salinas Transit", "tessellate": -1, "extrude": 0, "visibility": -1 }, "geometry": { "type": "Point", "coordinates": [ -121.4351661, 36.514911, 0.0 ] } },
{ "type": "Feature", "properties": { "Name": "Meyer Park - Gonzales", "description": "stop_id: 2338\nagency: Monterey-Salinas Transit", "tessellate": -1, "extrude": 0, "visibility": -1 }, "geometry": { "type": "Point", "coordinates": [ -121.433914, 36.5117225, 0.0 ] } },
{ "type": "Feature", "properties": { "Name": "Gonzales Shopping Center", "description": "stop_id: 2340\nagency: Monterey-Salinas Transit", "tessellate": -1, "extrude": 0, "visibility": -1 }, "geometry": { "type": "Point", "coordinates": [ -121.436041, 36.5144684, 0.0 ] } },
{ "type": "Feature", "properties": { "Name": "Abbott / John Street", "description": "stop_id: 2341\nagency: Monterey-Salinas Transit", "tessellate": -1, "extrude": 0, "visibility": -1 }, "geometry": { "type": "Point", "coordinates": [ -121.646782, 36.669086, 0.0 ] } },
{ "type": "Feature", "properties": { "Name": "Abbott / Los Palos", "description": "stop_id: 2343\nagency: Monterey-Salinas Transit", "tessellate": -1, "extrude": 0, "visibility": -1 }, "geometry": { "type": "Point", "coordinates": [ -121.64163, 36.662123, 0.0 ] } },
{ "type": "Feature", "properties": { "Name": "Grant / South", "description": "stop_id: 2344\nagency: Monterey-Salinas Transit", "tessellate": -1, "extrude": 0, "visibility": -1 }, "geometry": { "type": "Point", "coordinates": [ -121.5161, 36.568169, 0.0 ] } },
{ "type": "Feature", "properties": { "Name": "Front / San Vicente", "description": "stop_id: 2348\nagency: Monterey-Salinas Transit", "tessellate": -1, "extrude": 0, "visibility": -1 }, "geometry": { "type": "Point", "coordinates": [ -121.334267, 36.42993, 0.0 ] } },
{ "type": "Feature", "properties": { "Name": "Soledad Mission Shoping Center (West)", "description": "stop_id: 2351\nagency: Monterey-Salinas Transit", "tessellate": -1, "extrude": 0, "visibility": -1 }, "geometry": { "type": "Point", "coordinates": [ -121.320978, 36.417599, 0.0 ] } },
{ "type": "Feature", "properties": { "Name": "Soledad Mission Shopping Center (East)", "description": "stop_id: 2353\nagency: Monterey-Salinas Transit", "tessellate": -1, "extrude": 0, "visibility": -1 }, "geometry": { "type": "Point", "coordinates": [ -121.320283, 36.417631, 0.0 ] } },
{ "type": "Feature", "properties": { "Name": "El Camino / # 467", "description": "stop_id: 2356\nagency: Monterey-Salinas Transit", "tessellate": -1, "extrude": 0, "visibility": -1 }, "geometry": { "type": "Point", "coordinates": [ -121.247853, 36.325849, 0.0 ] } },
{ "type": "Feature", "properties": { "Name": "El Camino / # 305", "description": "stop_id: 2358\nagency: Monterey-Salinas Transit", "tessellate": -1, "extrude": 0, "visibility": -1 }, "geometry": { "type": "Point", "coordinates": [ -121.245102, 36.322632, 0.0 ] } },
{ "type": "Feature", "properties": { "Name": "Broadway / Franciscan Way", "description": "stop_id: 2361\nagency: Monterey-Salinas Transit", "tessellate": -1, "extrude": 0, "visibility": -1 }, "geometry": { "type": "Point", "coordinates": [ -121.135683, 36.206748, 0.0 ] } },
{ "type": "Feature", "properties": { "Name": "El Camino Real / 45 El Camino Real", "description": "stop_id: 2362\nagency: Monterey-Salinas Transit", "tessellate": -1, "extrude": 0, "visibility": -1 }, "geometry": { "type": "Point", "coordinates": [ -121.241925, 36.318944, 0.0 ] } },
{ "type": "Feature", "properties": { "Name": "Canal / Bassett Street", "description": "stop_id: 2363\nagency: Monterey-Salinas Transit", "tessellate": -1, "extrude": 0, "visibility": -1 }, "geometry": { "type": "Point", "coordinates": [ -121.132857, 36.207665, 0.0 ] } },
{ "type": "Feature", "properties": { "Name": "El Camino Real / Tyler", "description": "stop_id: 2364\nagency: Monterey-Salinas Transit", "tessellate": -1, "extrude": 0, "visibility": -1 }, "geometry": { "type": "Point", "coordinates": [ -121.238232, 36.315443, 0.0 ] } },
{ "type": "Feature", "properties": { "Name": "Canal / Division Street", "description": "stop_id: 2365\nagency: Monterey-Salinas Transit", "tessellate": -1, "extrude": 0, "visibility": -1 }, "geometry": { "type": "Point", "coordinates": [ -121.130434, 36.20462, 0.0 ] } },
{ "type": "Feature", "properties": { "Name": "E San Antonio / Mildred", "description": "stop_id: 2374\nagency: Monterey-Salinas Transit", "tessellate": -1, "extrude": 0, "visibility": -1 }, "geometry": { "type": "Point", "coordinates": [ -121.137276, 36.216549, 0.0 ] } },
{ "type": "Feature", "properties": { "Name": "San Antonio / Bishop", "description": "stop_id: 2376\nagency: Monterey-Salinas Transit", "tessellate": -1, "extrude": 0, "visibility": -1 }, "geometry": { "type": "Point", "coordinates": [ -121.13302, 36.218824, 0.0 ] } },
{ "type": "Feature", "properties": { "Name": "N 3rd / King Street", "description": "stop_id: 2377\nagency: Monterey-Salinas Transit", "tessellate": -1, "extrude": 0, "visibility": -1 }, "geometry": { "type": "Point", "coordinates": [ -121.130616, 36.21807, 0.0 ] } },
{ "type": "Feature", "properties": { "Name": "N 3rd / Lynn Street", "description": "stop_id: 2379\nagency: Monterey-Salinas Transit", "tessellate": -1, "extrude": 0, "visibility": -1 }, "geometry": { "type": "Point", "coordinates": [ -121.126955, 36.213553, 0.0 ] } },
{ "type": "Feature", "properties": { "Name": "S First / Pearl", "description": "stop_id: 2381\nagency: Monterey-Salinas Transit", "tessellate": -1, "extrude": 0, "visibility": -1 }, "geometry": { "type": "Point", "coordinates": [ -121.121718, 36.212092, 0.0 ] } },
{ "type": "Feature", "properties": { "Name": "S First / Division", "description": "stop_id: 2382\nagency: Monterey-Salinas Transit", "tessellate": -1, "extrude": 0, "visibility": -1 }, "geometry": { "type": "Point", "coordinates": [ -121.119966, 36.210206, 0.0 ] } },
{ "type": "Feature", "properties": { "Name": "Broadway / 2nd Street", "description": "stop_id: 2383\nagency: Monterey-Salinas Transit", "tessellate": -1, "extrude": 0, "visibility": -1 }, "geometry": { "type": "Point", "coordinates": [ -121.124697, 36.21369, 0.0 ] } },
{ "type": "Feature", "properties": { "Name": "El Camino / # 18", "description": "stop_id: 2384\nagency: Monterey-Salinas Transit", "tessellate": -1, "extrude": 0, "visibility": -1 }, "geometry": { "type": "Point", "coordinates": [ -121.240984, 36.318188, 0.0 ] } },
{ "type": "Feature", "properties": { "Name": "El Camino Real / Tyler", "description": "stop_id: 2385\nagency: Monterey-Salinas Transit", "tessellate": -1, "extrude": 0, "visibility": -1 }, "geometry": { "type": "Point", "coordinates": [ -121.238177, 36.315669, 0.0 ] } },
{ "type": "Feature", "properties": { "Name": "El Camino / # 234", "description": "stop_id: 2386\nagency: Monterey-Salinas Transit", "tessellate": -1, "extrude": 0, "visibility": -1 }, "geometry": { "type": "Point", "coordinates": [ -121.244181, 36.321929, 0.0 ] } },
{ "type": "Feature", "properties": { "Name": "El Camino / # 442", "description": "stop_id: 2388\nagency: Monterey-Salinas Transit", "tessellate": -1, "extrude": 0, "visibility": -1 }, "geometry": { "type": "Point", "coordinates": [ -121.246849, 36.325048, 0.0 ] } },
{ "type": "Feature", "properties": { "Name": "Front / San Vicente", "description": "stop_id: 2392\nagency: Monterey-Salinas Transit", "tessellate": -1, "extrude": 0, "visibility": -1 }, "geometry": { "type": "Point", "coordinates": [ -121.334372, 36.430193, 0.0 ] } },
{ "type": "Feature", "properties": { "Name": "Abbott / Harkins", "description": "stop_id: 2394\nagency: Monterey-Salinas Transit", "tessellate": -1, "extrude": 0, "visibility": -1 }, "geometry": { "type": "Point", "coordinates": [ -121.627401, 36.653846, 0.0 ] } },
{ "type": "Feature", "properties": { "Name": "Carmel Valley / Carmel Valley Village", "description": "stop_id: 2447\nagency: Monterey-Salinas Transit", "tessellate": -1, "extrude": 0, "visibility": -1 }, "geometry": { "type": "Point", "coordinates": [ -121.734259, 36.479883, 0.0 ] } },
{ "type": "Feature", "properties": { "Name": "Monterey / Gilroy Train Station", "description": "stop_id: 2500\nagency: Monterey-Salinas Transit", "tessellate": -1, "extrude": 0, "visibility": -1 }, "geometry": { "type": "Point", "coordinates": [ -121.566959, 37.004346, 0.0 ] } },
{ "type": "Feature", "properties": { "Name": "Meridian Spur / Prunedale Park & Ride", "description": "stop_id: 2510\nagency: Monterey-Salinas Transit", "tessellate": -1, "extrude": 0, "visibility": -1 }, "geometry": { "type": "Point", "coordinates": [ -121.67129, 36.789488, 0.0 ] } },
{ "type": "Feature", "properties": { "Name": "Del Monte Blvd / Palm Ave", "description": "stop_id: 2703\nagency: Monterey-Salinas Transit", "tessellate": -1, "extrude": 0, "visibility": -1 }, "geometry": { "type": "Point", "coordinates": [ -121.803065, 36.683799, 0.0 ] } },
{ "type": "Feature", "properties": { "Name": "Del Monte/ Mortimer", "description": "stop_id: 2706\nagency: Monterey-Salinas Transit", "tessellate": -1, "extrude": 0, "visibility": -1 }, "geometry": { "type": "Point", "coordinates": [ -121.801703, 36.685262, 0.0 ] } },
{ "type": "Feature", "properties": { "Name": "Merritt /  Del Monte", "description": "stop_id: 2811\nagency: Monterey-Salinas Transit", "tessellate": -1, "extrude": 0, "visibility": -1 }, "geometry": { "type": "Point", "coordinates": [ -121.744048, 36.755384, 0.0 ] } },
{ "type": "Feature", "properties": { "Name": "Merritt / Jackson", "description": "stop_id: 2813\nagency: Monterey-Salinas Transit", "tessellate": -1, "extrude": 0, "visibility": -1 }, "geometry": { "type": "Point", "coordinates": [ -121.747272, 36.757824, 0.0 ] } },
{ "type": "Feature", "properties": { "Name": "Merritt /  Walsh", "description": "stop_id: 2815\nagency: Monterey-Salinas Transit", "tessellate": -1, "extrude": 0, "visibility": -1 }, "geometry": { "type": "Point", "coordinates": [ -121.748972, 36.759094, 0.0 ] } },
{ "type": "Feature", "properties": { "Name": "Merritt /  Wood Street", "description": "stop_id: 2817\nagency: Monterey-Salinas Transit", "tessellate": -1, "extrude": 0, "visibility": -1 }, "geometry": { "type": "Point", "coordinates": [ -121.750697, 36.760367, 0.0 ] } },
{ "type": "Feature", "properties": { "Name": "Merritt /  Union", "description": "stop_id: 2819\nagency: Monterey-Salinas Transit", "tessellate": -1, "extrude": 0, "visibility": -1 }, "geometry": { "type": "Point", "coordinates": [ -121.754402, 36.763129, 0.0 ] } },
{ "type": "Feature", "properties": { "Name": "Merritt /  Crane", "description": "stop_id: 2821\nagency: Monterey-Salinas Transit", "tessellate": -1, "extrude": 0, "visibility": -1 }, "geometry": { "type": "Point", "coordinates": [ -121.757301, 36.765227, 0.0 ] } },
{ "type": "Feature", "properties": { "Name": "Merritt /  Speegle", "description": "stop_id: 2823\nagency: Monterey-Salinas Transit", "tessellate": -1, "extrude": 0, "visibility": -1 }, "geometry": { "type": "Point", "coordinates": [ -121.759019, 36.766493, 0.0 ] } },
{ "type": "Feature", "properties": { "Name": "Merritt /  Mead", "description": "stop_id: 2825\nagency: Monterey-Salinas Transit", "tessellate": -1, "extrude": 0, "visibility": -1 }, "geometry": { "type": "Point", "coordinates": [ -121.761849, 36.768546, 0.0 ] } },
{ "type": "Feature", "properties": { "Name": "Highway 1 /  Molera", "description": "stop_id: 2827\nagency: Monterey-Salinas Transit", "tessellate": -1, "extrude": 0, "visibility": -1 }, "geometry": { "type": "Point", "coordinates": [ -121.778886, 36.781482, 0.0 ] } },
{ "type": "Feature", "properties": { "Name": "Highway 1 /  Potrero", "description": "stop_id: 2829\nagency: Monterey-Salinas Transit", "tessellate": -1, "extrude": 0, "visibility": -1 }, "geometry": { "type": "Point", "coordinates": [ -121.783223, 36.790167, 0.0 ] } },
{ "type": "Feature", "properties": { "Name": "Highway 1 /  Dolan Road", "description": "stop_id: 2831\nagency: Monterey-Salinas Transit", "tessellate": -1, "extrude": 0, "visibility": -1 }, "geometry": { "type": "Point", "coordinates": [ -121.783589, 36.802054, 0.0 ] } },
{ "type": "Feature", "properties": { "Name": "Highway 1 /  2375 CA-1", "description": "stop_id: 2833\nagency: Monterey-Salinas Transit", "tessellate": -1, "extrude": 0, "visibility": -1 }, "geometry": { "type": "Point", "coordinates": [ -121.785549, 36.813205, 0.0 ] } },
{ "type": "Feature", "properties": { "Name": "Highway 1 /  Struve", "description": "stop_id: 2835\nagency: Monterey-Salinas Transit", "tessellate": -1, "extrude": 0, "visibility": -1 }, "geometry": { "type": "Point", "coordinates": [ -121.77097, 36.830874, 0.0 ] } },
{ "type": "Feature", "properties": { "Name": "Highway 1 /  Springfield", "description": "stop_id: 2837\nagency: Monterey-Salinas Transit", "tessellate": -1, "extrude": 0, "visibility": -1 }, "geometry": { "type": "Point", "coordinates": [ -121.770926, 36.837505, 0.0 ] } },
{ "type": "Feature", "properties": { "Name": "W Riverside Dr (East) / Sakata Ln (East)", "description": "stop_id: 2844\nagency: Monterey-Salinas Transit", "tessellate": -1, "extrude": 0, "visibility": -1 }, "geometry": { "type": "Point", "coordinates": [ -121.759657, 36.903822, 0.0 ] } },
{ "type": "Feature", "properties": { "Name": "Rodriguez /  First", "description": "stop_id: 2846\nagency: Monterey-Salinas Transit", "tessellate": -1, "extrude": 0, "visibility": -1 }, "geometry": { "type": "Point", "coordinates": [ -121.755243, 36.906946, 0.0 ] } },
{ "type": "Feature", "properties": { "Name": "W Riverside (West) / Sakata Ln", "description": "stop_id: 2850\nagency: Monterey-Salinas Transit", "tessellate": -1, "extrude": 0, "visibility": -1 }, "geometry": { "type": "Point", "coordinates": [ -121.758881, 36.904707, 0.0 ] } },
{ "type": "Feature", "properties": { "Name": "Highway 1 /  Springfield", "description": "stop_id: 2855\nagency: Monterey-Salinas Transit", "tessellate": -1, "extrude": 0, "visibility": -1 }, "geometry": { "type": "Point", "coordinates": [ -121.771058, 36.83789, 0.0 ] } },
{ "type": "Feature", "properties": { "Name": "Highway 1 /  Struve", "description": "stop_id: 2857\nagency: Monterey-Salinas Transit", "tessellate": -1, "extrude": 0, "visibility": -1 }, "geometry": { "type": "Point", "coordinates": [ -121.771064, 36.831411, 0.0 ] } },
{ "type": "Feature", "properties": { "Name": "Highway 1 / North Harbor", "description": "stop_id: 2859\nagency: Monterey-Salinas Transit", "tessellate": -1, "extrude": 0, "visibility": -1 }, "geometry": { "type": "Point", "coordinates": [ -121.785693, 36.813004, 0.0 ] } },
{ "type": "Feature", "properties": { "Name": "Highway 1 /  Dolan Road", "description": "stop_id: 2861\nagency: Monterey-Salinas Transit", "tessellate": -1, "extrude": 0, "visibility": -1 }, "geometry": { "type": "Point", "coordinates": [ -121.783646, 36.801498, 0.0 ] } },
{ "type": "Feature", "properties": { "Name": "Highway 1 /  Potrero", "description": "stop_id: 2863\nagency: Monterey-Salinas Transit", "tessellate": -1, "extrude": 0, "visibility": -1 }, "geometry": { "type": "Point", "coordinates": [ -121.783432, 36.790317, 0.0 ] } },
{ "type": "Feature", "properties": { "Name": "Highway 1 /  Molera", "description": "stop_id: 2865\nagency: Monterey-Salinas Transit", "tessellate": -1, "extrude": 0, "visibility": -1 }, "geometry": { "type": "Point", "coordinates": [ -121.776961, 36.779649, 0.0 ] } },
{ "type": "Feature", "properties": { "Name": "Merritt /  Mead", "description": "stop_id: 2867\nagency: Monterey-Salinas Transit", "tessellate": -1, "extrude": 0, "visibility": -1 }, "geometry": { "type": "Point", "coordinates": [ -121.761617, 36.768347, 0.0 ] } },
{ "type": "Feature", "properties": { "Name": "Merritt /  Speegle", "description": "stop_id: 2869\nagency: Monterey-Salinas Transit", "tessellate": -1, "extrude": 0, "visibility": -1 }, "geometry": { "type": "Point", "coordinates": [ -121.759457, 36.766743, 0.0 ] } },
{ "type": "Feature", "properties": { "Name": "Merritt /  Crane", "description": "stop_id: 2871\nagency: Monterey-Salinas Transit", "tessellate": -1, "extrude": 0, "visibility": -1 }, "geometry": { "type": "Point", "coordinates": [ -121.757299, 36.765161, 0.0 ] } },
{ "type": "Feature", "properties": { "Name": "W Market /  Vale", "description": "stop_id: 2872\nagency: Monterey-Salinas Transit", "tessellate": -1, "extrude": 0, "visibility": -1 }, "geometry": { "type": "Point", "coordinates": [ -121.661907, 36.679844, 0.0 ] } },
{ "type": "Feature", "properties": { "Name": "Merritt /  Pajaro Street", "description": "stop_id: 2873\nagency: Monterey-Salinas Transit", "tessellate": -1, "extrude": 0, "visibility": -1 }, "geometry": { "type": "Point", "coordinates": [ -121.753733, 36.762427, 0.0 ] } },
{ "type": "Feature", "properties": { "Name": "W Market /  420", "description": "stop_id: 2874\nagency: Monterey-Salinas Transit", "tessellate": -1, "extrude": 0, "visibility": -1 }, "geometry": { "type": "Point", "coordinates": [ -121.666856, 36.681775, 0.0 ] } },
{ "type": "Feature", "properties": { "Name": "Merritt/ Wood", "description": "stop_id: 2875\nagency: Monterey-Salinas Transit", "tessellate": -1, "extrude": 0, "visibility": -1 }, "geometry": { "type": "Point", "coordinates": [ -121.750914, 36.760385, 0.0 ] } },
{ "type": "Feature", "properties": { "Name": "W Market /  Clark", "description": "stop_id: 2876\nagency: Monterey-Salinas Transit", "tessellate": -1, "extrude": 0, "visibility": -1 }, "geometry": { "type": "Point", "coordinates": [ -121.670595, 36.683233, 0.0 ] } },
{ "type": "Feature", "properties": { "Name": "Merritt /  Palm", "description": "stop_id: 2877\nagency: Monterey-Salinas Transit", "tessellate": -1, "extrude": 0, "visibility": -1 }, "geometry": { "type": "Point", "coordinates": [ -121.749119, 36.75906, 0.0 ] } },
{ "type": "Feature", "properties": { "Name": "W Market /  815", "description": "stop_id: 2878\nagency: Monterey-Salinas Transit", "tessellate": -1, "extrude": 0, "visibility": -1 }, "geometry": { "type": "Point", "coordinates": [ -121.671519, 36.683448, 0.0 ] } },
{ "type": "Feature", "properties": { "Name": "Merritt /  Oak", "description": "stop_id: 2879\nagency: Monterey-Salinas Transit", "tessellate": -1, "extrude": 0, "visibility": -1 }, "geometry": { "type": "Point", "coordinates": [ -121.747143, 36.75761, 0.0 ] } },
{ "type": "Feature", "properties": { "Name": "W Market /  Villa", "description": "stop_id: 2880\nagency: Monterey-Salinas Transit", "tessellate": -1, "extrude": 0, "visibility": -1 }, "geometry": { "type": "Point", "coordinates": [ -121.665618, 36.681146, 0.0 ] } },
{ "type": "Feature", "properties": { "Name": "Merritt /  Del Monte", "description": "stop_id: 2881\nagency: Monterey-Salinas Transit", "tessellate": -1, "extrude": 0, "visibility": -1 }, "geometry": { "type": "Point", "coordinates": [ -121.743863, 36.754947, 0.0 ] } },
{ "type": "Feature", "properties": { "Name": "W Market /  Riker", "description": "stop_id: 2882\nagency: Monterey-Salinas Transit", "tessellate": -1, "extrude": 0, "visibility": -1 }, "geometry": { "type": "Point", "coordinates": [ -121.66234, 36.679826, 0.0 ] } },
{ "type": "Feature", "properties": { "Name": "Vierra Canyon /  Prunetree Ctr", "description": "stop_id: 2911\nagency: Monterey-Salinas Transit", "tessellate": -1, "extrude": 0, "visibility": -1 }, "geometry": { "type": "Point", "coordinates": [ -121.666189, 36.791615, 0.0 ] } },
{ "type": "Feature", "properties": { "Name": "Prunedale North /  Highway 156", "description": "stop_id: 2913\nagency: Monterey-Salinas Transit", "tessellate": -1, "extrude": 0, "visibility": -1 }, "geometry": { "type": "Point", "coordinates": [ -121.668721, 36.791493, 0.0 ] } },
{ "type": "Feature", "properties": { "Name": "Prunedale North /  #8477", "description": "stop_id: 2914\nagency: Monterey-Salinas Transit", "tessellate": -1, "extrude": 0, "visibility": -1 }, "geometry": { "type": "Point", "coordinates": [ -121.667229, 36.795574, 0.0 ] } },
{ "type": "Feature", "properties": { "Name": "Prunedale North /  Hardie Place", "description": "stop_id: 2915\nagency: Monterey-Salinas Transit", "tessellate": -1, "extrude": 0, "visibility": -1 }, "geometry": { "type": "Point", "coordinates": [ -121.666109, 36.798273, 0.0 ] } },
{ "type": "Feature", "properties": { "Name": "San Miguel Canyon Rd / Prunedale Center", "description": "stop_id: 2917\nagency: Monterey-Salinas Transit", "tessellate": -1, "extrude": 0, "visibility": -1 }, "geometry": { "type": "Point", "coordinates": [ -121.666206, 36.802159, 0.0 ] } },
{ "type": "Feature", "properties": { "Name": "San Miguel Canyon Rd /  Langley Canyon", "description": "stop_id: 2919\nagency: Monterey-Salinas Transit", "tessellate": -1, "extrude": 0, "visibility": -1 }, "geometry": { "type": "Point", "coordinates": [ -121.66762, 36.80432, 0.0 ] } },
{ "type": "Feature", "properties": { "Name": "San Miguel Canyon Rd / #2147", "description": "stop_id: 2921\nagency: Monterey-Salinas Transit", "tessellate": -1, "extrude": 0, "visibility": -1 }, "geometry": { "type": "Point", "coordinates": [ -121.673191, 36.810166, 0.0 ] } },
{ "type": "Feature", "properties": { "Name": "San Miguel Canyon Rd / Northwood", "description": "stop_id: 2923\nagency: Monterey-Salinas Transit", "tessellate": -1, "extrude": 0, "visibility": -1 }, "geometry": { "type": "Point", "coordinates": [ -121.67359, 36.812901, 0.0 ] } },
{ "type": "Feature", "properties": { "Name": "San Miguel Canyon Rd /  Ponderosa Lane", "description": "stop_id: 2925\nagency: Monterey-Salinas Transit", "tessellate": -1, "extrude": 0, "visibility": -1 }, "geometry": { "type": "Point", "coordinates": [ -121.673187, 36.816448, 0.0 ] } },
{ "type": "Feature", "properties": { "Name": "San Miguel Canyon Rd /  Echo Valley", "description": "stop_id: 2927\nagency: Monterey-Salinas Transit", "tessellate": -1, "extrude": 0, "visibility": -1 }, "geometry": { "type": "Point", "coordinates": [ -121.673009, 36.820702, 0.0 ] } },
{ "type": "Feature", "properties": { "Name": "San Miguel Canyon Rd / #1859", "description": "stop_id: 2929\nagency: Monterey-Salinas Transit", "tessellate": -1, "extrude": 0, "visibility": -1 }, "geometry": { "type": "Point", "coordinates": [ -121.674985, 36.823794, 0.0 ] } },
{ "type": "Feature", "properties": { "Name": "San Miguel Canyon Rd /  Wilson", "description": "stop_id: 2931\nagency: Monterey-Salinas Transit", "tessellate": -1, "extrude": 0, "visibility": -1 }, "geometry": { "type": "Point", "coordinates": [ -121.677709, 36.828797, 0.0 ] } },
{ "type": "Feature", "properties": { "Name": "San Miguel Canyon Rd /  Charles Schell Ln", "description": "stop_id: 2937\nagency: Monterey-Salinas Transit", "tessellate": -1, "extrude": 0, "visibility": -1 }, "geometry": { "type": "Point", "coordinates": [ -121.689956, 36.850255, 0.0 ] } },
{ "type": "Feature", "properties": { "Name": "San Miguel Canyon Rd /  Apricot Lane", "description": "stop_id: 2939\nagency: Monterey-Salinas Transit", "tessellate": -1, "extrude": 0, "visibility": -1 }, "geometry": { "type": "Point", "coordinates": [ -121.69192, 36.854206, 0.0 ] } },
{ "type": "Feature", "properties": { "Name": "San Miguel Canyon Rd /  Hall", "description": "stop_id: 2941\nagency: Monterey-Salinas Transit", "tessellate": -1, "extrude": 0, "visibility": -1 }, "geometry": { "type": "Point", "coordinates": [ -121.694619, 36.857992, 0.0 ] } },
{ "type": "Feature", "properties": { "Name": "Hall /  # 772", "description": "stop_id: 2943\nagency: Monterey-Salinas Transit", "tessellate": -1, "extrude": 0, "visibility": -1 }, "geometry": { "type": "Point", "coordinates": [ -121.700446, 36.859901, 0.0 ] } },
{ "type": "Feature", "properties": { "Name": "Hall /  # 703", "description": "stop_id: 2945\nagency: Monterey-Salinas Transit", "tessellate": -1, "extrude": 0, "visibility": -1 }, "geometry": { "type": "Point", "coordinates": [ -121.704297, 36.8606, 0.0 ] } },
{ "type": "Feature", "properties": { "Name": "Hall /  # 596", "description": "stop_id: 2947\nagency: Monterey-Salinas Transit", "tessellate": -1, "extrude": 0, "visibility": -1 }, "geometry": { "type": "Point", "coordinates": [ -121.711427, 36.863765, 0.0 ] } },
{ "type": "Feature", "properties": { "Name": "Hall /  Pini", "description": "stop_id: 2949\nagency: Monterey-Salinas Transit", "tessellate": -1, "extrude": 0, "visibility": -1 }, "geometry": { "type": "Point", "coordinates": [ -121.716509, 36.864226, 0.0 ] } },
{ "type": "Feature", "properties": { "Name": "Hall /  Sill", "description": "stop_id: 2951\nagency: Monterey-Salinas Transit", "tessellate": -1, "extrude": 0, "visibility": -1 }, "geometry": { "type": "Point", "coordinates": [ -121.720645, 36.864218, 0.0 ] } },
{ "type": "Feature", "properties": { "Name": "Hall /  Willow", "description": "stop_id: 2953\nagency: Monterey-Salinas Transit", "tessellate": -1, "extrude": 0, "visibility": -1 }, "geometry": { "type": "Point", "coordinates": [ -121.735118, 36.865777, 0.0 ] } },
{ "type": "Feature", "properties": { "Name": "Elkhorn /  # 220", "description": "stop_id: 2955\nagency: Monterey-Salinas Transit", "tessellate": -1, "extrude": 0, "visibility": -1 }, "geometry": { "type": "Point", "coordinates": [ -121.74434, 36.872978, 0.0 ] } },
{ "type": "Feature", "properties": { "Name": "Elkhorn /  Werner", "description": "stop_id: 2957\nagency: Monterey-Salinas Transit", "tessellate": -1, "extrude": 0, "visibility": -1 }, "geometry": { "type": "Point", "coordinates": [ -121.747059, 36.879404, 0.0 ] } },
{ "type": "Feature", "properties": { "Name": "Elkhorn /  Werner", "description": "stop_id: 2959\nagency: Monterey-Salinas Transit", "tessellate": -1, "extrude": 0, "visibility": -1 }, "geometry": { "type": "Point", "coordinates": [ -121.747198, 36.879375, 0.0 ] } },
{ "type": "Feature", "properties": { "Name": "Elkhorn /  Hudson Landing", "description": "stop_id: 2960\nagency: Monterey-Salinas Transit", "tessellate": -1, "extrude": 0, "visibility": -1 }, "geometry": { "type": "Point", "coordinates": [ -121.746702, 36.876011, 0.0 ] } },
{ "type": "Feature", "properties": { "Name": "Elkhorn /  # 216", "description": "stop_id: 2962\nagency: Monterey-Salinas Transit", "tessellate": -1, "extrude": 0, "visibility": -1 }, "geometry": { "type": "Point", "coordinates": [ -121.744457, 36.871875, 0.0 ] } },
{ "type": "Feature", "properties": { "Name": "Hall /  Willow", "description": "stop_id: 2966\nagency: Monterey-Salinas Transit", "tessellate": -1, "extrude": 0, "visibility": -1 }, "geometry": { "type": "Point", "coordinates": [ -121.734304, 36.865424, 0.0 ] } },
{ "type": "Feature", "properties": { "Name": "Hall /  Pini", "description": "stop_id: 2967\nagency: Monterey-Salinas Transit", "tessellate": -1, "extrude": 0, "visibility": -1 }, "geometry": { "type": "Point", "coordinates": [ -121.716627, 36.864067, 0.0 ] } },
{ "type": "Feature", "properties": { "Name": "Hall /  Sill", "description": "stop_id: 2968\nagency: Monterey-Salinas Transit", "tessellate": -1, "extrude": 0, "visibility": -1 }, "geometry": { "type": "Point", "coordinates": [ -121.724443, 36.864049, 0.0 ] } },
{ "type": "Feature", "properties": { "Name": "Hall /  Johnson", "description": "stop_id: 2969\nagency: Monterey-Salinas Transit", "tessellate": -1, "extrude": 0, "visibility": -1 }, "geometry": { "type": "Point", "coordinates": [ -121.707568, 36.861457, 0.0 ] } },
{ "type": "Feature", "properties": { "Name": "Hall /  #768", "description": "stop_id: 2971\nagency: Monterey-Salinas Transit", "tessellate": -1, "extrude": 0, "visibility": -1 }, "geometry": { "type": "Point", "coordinates": [ -121.70077, 36.859897, 0.0 ] } },
{ "type": "Feature", "properties": { "Name": "San Miguel Canyon Rd /  #1092", "description": "stop_id: 2973\nagency: Monterey-Salinas Transit", "tessellate": -1, "extrude": 0, "visibility": -1 }, "geometry": { "type": "Point", "coordinates": [ -121.693655, 36.85582, 0.0 ] } },
{ "type": "Feature", "properties": { "Name": "San Miguel Canyon Rd /  Charles Schell Ln", "description": "stop_id: 2975\nagency: Monterey-Salinas Transit", "tessellate": -1, "extrude": 0, "visibility": -1 }, "geometry": { "type": "Point", "coordinates": [ -121.690059, 36.850449, 0.0 ] } },
{ "type": "Feature", "properties": { "Name": "San Miguel Canyon Rd / Strawberry", "description": "stop_id: 2981\nagency: Monterey-Salinas Transit", "tessellate": -1, "extrude": 0, "visibility": -1 }, "geometry": { "type": "Point", "coordinates": [ -121.677199, 36.827617, 0.0 ] } },
{ "type": "Feature", "properties": { "Name": "San Miguel Canyon Rd /  #1866", "description": "stop_id: 2983\nagency: Monterey-Salinas Transit", "tessellate": -1, "extrude": 0, "visibility": -1 }, "geometry": { "type": "Point", "coordinates": [ -121.674696, 36.823166, 0.0 ] } },
{ "type": "Feature", "properties": { "Name": "San Miguel Canyon Rd /  Ponderosa Lane", "description": "stop_id: 2984\nagency: Monterey-Salinas Transit", "tessellate": -1, "extrude": 0, "visibility": -1 }, "geometry": { "type": "Point", "coordinates": [ -121.673443, 36.815713, 0.0 ] } },
{ "type": "Feature", "properties": { "Name": "San Miguel Canyon Rd /  Northwood", "description": "stop_id: 2985\nagency: Monterey-Salinas Transit", "tessellate": -1, "extrude": 0, "visibility": -1 }, "geometry": { "type": "Point", "coordinates": [ -121.673668, 36.81289, 0.0 ] } },
{ "type": "Feature", "properties": { "Name": "San Miguel Canyon Rd /  Castroville Blvd", "description": "stop_id: 2986\nagency: Monterey-Salinas Transit", "tessellate": -1, "extrude": 0, "visibility": -1 }, "geometry": { "type": "Point", "coordinates": [ -121.67161, 36.808121, 0.0 ] } },
{ "type": "Feature", "properties": { "Name": "San Miguel Canyon Rd /  Prunedale North", "description": "stop_id: 2987\nagency: Monterey-Salinas Transit", "tessellate": -1, "extrude": 0, "visibility": -1 }, "geometry": { "type": "Point", "coordinates": [ -121.666148, 36.80179, 0.0 ] } },
{ "type": "Feature", "properties": { "Name": "Prunedale North /  Hardie Place", "description": "stop_id: 2988\nagency: Monterey-Salinas Transit", "tessellate": -1, "extrude": 0, "visibility": -1 }, "geometry": { "type": "Point", "coordinates": [ -121.666637, 36.797961, 0.0 ] } },
{ "type": "Feature", "properties": { "Name": "Prunedale North /  Highway 156", "description": "stop_id: 2989\nagency: Monterey-Salinas Transit", "tessellate": -1, "extrude": 0, "visibility": -1 }, "geometry": { "type": "Point", "coordinates": [ -121.668568, 36.790893, 0.0 ] } },
{ "type": "Feature", "properties": { "Name": "Prunedale North /  Countryside Court", "description": "stop_id: 2990\nagency: Monterey-Salinas Transit", "tessellate": -1, "extrude": 0, "visibility": -1 }, "geometry": { "type": "Point", "coordinates": [ -121.667477, 36.795162, 0.0 ] } },
{ "type": "Feature", "properties": { "Name": "Sherwood Drive /  Rossi", "description": "stop_id: 2994\nagency: Monterey-Salinas Transit", "tessellate": -1, "extrude": 0, "visibility": -1 }, "geometry": { "type": "Point", "coordinates": [ -121.650431, 36.681069, 0.0 ] } },
{ "type": "Feature", "properties": { "Name": "Sherwood Drive /  La Posada Way", "description": "stop_id: 2998\nagency: Monterey-Salinas Transit", "tessellate": -1, "extrude": 0, "visibility": -1 }, "geometry": { "type": "Point", "coordinates": [ -121.643993, 36.69137, 0.0 ] } },
{ "type": "Feature", "properties": { "Name": "Sherwood Drive /  Bernal", "description": "stop_id: 3000\nagency: Monterey-Salinas Transit", "tessellate": -1, "extrude": 0, "visibility": -1 }, "geometry": { "type": "Point", "coordinates": [ -121.644259, 36.691242, 0.0 ] } },
{ "type": "Feature", "properties": { "Name": "Natividad /  Lunsford", "description": "stop_id: 3005\nagency: Monterey-Salinas Transit", "tessellate": -1, "extrude": 0, "visibility": -1 }, "geometry": { "type": "Point", "coordinates": [ -121.641007, 36.693947, 0.0 ] } },
{ "type": "Feature", "properties": { "Name": "Natividad /  Laurel", "description": "stop_id: 3008\nagency: Monterey-Salinas Transit", "tessellate": -1, "extrude": 0, "visibility": -1 }, "geometry": { "type": "Point", "coordinates": [ -121.637287, 36.697115, 0.0 ] } },
{ "type": "Feature", "properties": { "Name": "E Alvin /  Marin ( Natividad Plaza )", "description": "stop_id: 3011\nagency: Monterey-Salinas Transit", "tessellate": -1, "extrude": 0, "visibility": -1 }, "geometry": { "type": "Point", "coordinates": [ -121.631879, 36.703619, 0.0 ] } },
{ "type": "Feature", "properties": { "Name": "E Alvin /  El Dorado", "description": "stop_id: 3014\nagency: Monterey-Salinas Transit", "tessellate": -1, "extrude": 0, "visibility": -1 }, "geometry": { "type": "Point", "coordinates": [ -121.638129, 36.705455, 0.0 ] } },
{ "type": "Feature", "properties": { "Name": "E Alvin /  Kip", "description": "stop_id: 3025\nagency: Monterey-Salinas Transit", "tessellate": -1, "extrude": 0, "visibility": -1 }, "geometry": { "type": "Point", "coordinates": [ -121.644378, 36.706796, 0.0 ] } },
{ "type": "Feature", "properties": { "Name": "E Alvin /  Lassen", "description": "stop_id: 3028\nagency: Monterey-Salinas Transit", "tessellate": -1, "extrude": 0, "visibility": -1 }, "geometry": { "type": "Point", "coordinates": [ -121.638954, 36.705496, 0.0 ] } },
{ "type": "Feature", "properties": { "Name": "Alvin /  Modoc", "description": "stop_id: 3031\nagency: Monterey-Salinas Transit", "tessellate": -1, "extrude": 0, "visibility": -1 }, "geometry": { "type": "Point", "coordinates": [ -121.635867, 36.704782, 0.0 ] } },
{ "type": "Feature", "properties": { "Name": "E Alvin /  Marin ( Natividad Plaza )", "description": "stop_id: 3034\nagency: Monterey-Salinas Transit", "tessellate": -1, "extrude": 0, "visibility": -1 }, "geometry": { "type": "Point", "coordinates": [ -121.631891, 36.703434, 0.0 ] } },
{ "type": "Feature", "properties": { "Name": "E Alvin /  Linwood", "description": "stop_id: 3047\nagency: Monterey-Salinas Transit", "tessellate": -1, "extrude": 0, "visibility": -1 }, "geometry": { "type": "Point", "coordinates": [ -121.64073, 36.706079, 0.0 ] } },
{ "type": "Feature", "properties": { "Name": "E Alvin /  Trinity", "description": "stop_id: 3048\nagency: Monterey-Salinas Transit", "tessellate": -1, "extrude": 0, "visibility": -1 }, "geometry": { "type": "Point", "coordinates": [ -121.635498, 36.704825, 0.0 ] } },
{ "type": "Feature", "properties": { "Name": "E Alvin /  Kip", "description": "stop_id: 3055\nagency: Monterey-Salinas Transit", "tessellate": -1, "extrude": 0, "visibility": -1 }, "geometry": { "type": "Point", "coordinates": [ -121.644345, 36.706955, 0.0 ] } },
{ "type": "Feature", "properties": { "Name": "Natividad /  Laurel", "description": "stop_id: 3080\nagency: Monterey-Salinas Transit", "tessellate": -1, "extrude": 0, "visibility": -1 }, "geometry": { "type": "Point", "coordinates": [ -121.638977, 36.6957, 0.0 ] } },
{ "type": "Feature", "properties": { "Name": "Natividad /  Sorrentini", "description": "stop_id: 3083\nagency: Monterey-Salinas Transit", "tessellate": -1, "extrude": 0, "visibility": -1 }, "geometry": { "type": "Point", "coordinates": [ -121.640366, 36.694631, 0.0 ] } },
{ "type": "Feature", "properties": { "Name": "Natividad /  Pacheco", "description": "stop_id: 3116\nagency: Monterey-Salinas Transit", "tessellate": -1, "extrude": 0, "visibility": -1 }, "geometry": { "type": "Point", "coordinates": [ -121.636307, 36.698095, 0.0 ] } },
{ "type": "Feature", "properties": { "Name": "Natividad /  Chaparral", "description": "stop_id: 3119\nagency: Monterey-Salinas Transit", "tessellate": -1, "extrude": 0, "visibility": -1 }, "geometry": { "type": "Point", "coordinates": [ -121.634109, 36.700284, 0.0 ] } },
{ "type": "Feature", "properties": { "Name": "Williams /  Bardin Rd", "description": "stop_id: 3125\nagency: Monterey-Salinas Transit", "tessellate": -1, "extrude": 0, "visibility": -1 }, "geometry": { "type": "Point", "coordinates": [ -121.606509, 36.679804, 0.0 ] } },
{ "type": "Feature", "properties": { "Name": "Del Monte /  Orchard", "description": "stop_id: 3128\nagency: Monterey-Salinas Transit", "tessellate": -1, "extrude": 0, "visibility": -1 }, "geometry": { "type": "Point", "coordinates": [ -121.611458, 36.689546, 0.0 ] } },
{ "type": "Feature", "properties": { "Name": "Del Monte /  Rider", "description": "stop_id: 3131\nagency: Monterey-Salinas Transit", "tessellate": -1, "extrude": 0, "visibility": -1 }, "geometry": { "type": "Point", "coordinates": [ -121.613332, 36.691639, 0.0 ] } },
{ "type": "Feature", "properties": { "Name": "McKinnon /  East Alvin Drive", "description": "stop_id: 3134\nagency: Monterey-Salinas Transit", "tessellate": -1, "extrude": 0, "visibility": -1 }, "geometry": { "type": "Point", "coordinates": [ -121.645472, 36.708056, 0.0 ] } },
{ "type": "Feature", "properties": { "Name": "McKinnon /  Westminster", "description": "stop_id: 3137\nagency: Monterey-Salinas Transit", "tessellate": -1, "extrude": 0, "visibility": -1 }, "geometry": { "type": "Point", "coordinates": [ -121.64475, 36.710046, 0.0 ] } },
{ "type": "Feature", "properties": { "Name": "Harden /  McKinnon", "description": "stop_id: 3140\nagency: Monterey-Salinas Transit", "tessellate": -1, "extrude": 0, "visibility": -1 }, "geometry": { "type": "Point", "coordinates": [ -121.644428, 36.712282, 0.0 ] } },
{ "type": "Feature", "properties": { "Name": "Harden /  Broadway", "description": "stop_id: 3143\nagency: Monterey-Salinas Transit", "tessellate": -1, "extrude": 0, "visibility": -1 }, "geometry": { "type": "Point", "coordinates": [ -121.648436, 36.713369, 0.0 ] } },
{ "type": "Feature", "properties": { "Name": "Harden /  #195", "description": "stop_id: 3146\nagency: Monterey-Salinas Transit", "tessellate": -1, "extrude": 0, "visibility": -1 }, "geometry": { "type": "Point", "coordinates": [ -121.650806, 36.713847, 0.0 ] } },
{ "type": "Feature", "properties": { "Name": "Harden /  Entrance To Target Lot", "description": "stop_id: 3149\nagency: Monterey-Salinas Transit", "tessellate": -1, "extrude": 0, "visibility": -1 }, "geometry": { "type": "Point", "coordinates": [ -121.65309, 36.713603, 0.0 ] } },
{ "type": "Feature", "properties": { "Name": "Harden /  East Entrance To Shopping Center", "description": "stop_id: 3152\nagency: Monterey-Salinas Transit", "tessellate": -1, "extrude": 0, "visibility": -1 }, "geometry": { "type": "Point", "coordinates": [ -121.652516, 36.713484, 0.0 ] } },
{ "type": "Feature", "properties": { "Name": "Regency Circle / Harden Pkwy", "description": "stop_id: 3154\nagency: Monterey-Salinas Transit", "tessellate": -1, "extrude": 0, "visibility": -1 }, "geometry": { "type": "Point", "coordinates": [ -121.649678, 36.712367, 0.0 ] } },
{ "type": "Feature", "properties": { "Name": "Harden /  Regency Circle", "description": "stop_id: 3155\nagency: Monterey-Salinas Transit", "tessellate": -1, "extrude": 0, "visibility": -1 }, "geometry": { "type": "Point", "coordinates": [ -121.648945, 36.713363, 0.0 ] } },
{ "type": "Feature", "properties": { "Name": "Harden /  McKinnon", "description": "stop_id: 3157\nagency: Monterey-Salinas Transit", "tessellate": -1, "extrude": 0, "visibility": -1 }, "geometry": { "type": "Point", "coordinates": [ -121.64456, 36.712128, 0.0 ] } },
{ "type": "Feature", "properties": { "Name": "McKinnon /  East Alvin Dr", "description": "stop_id: 3181\nagency: Monterey-Salinas Transit", "tessellate": -1, "extrude": 0, "visibility": -1 }, "geometry": { "type": "Point", "coordinates": [ -121.6456, 36.708347, 0.0 ] } },
{ "type": "Feature", "properties": { "Name": "Garner /  Sanborn", "description": "stop_id: 3183\nagency: Monterey-Salinas Transit", "tessellate": -1, "extrude": 0, "visibility": -1 }, "geometry": { "type": "Point", "coordinates": [ -121.615167, 36.686326, 0.0 ] } },
{ "type": "Feature", "properties": { "Name": "Garner /  Pacific", "description": "stop_id: 3185\nagency: Monterey-Salinas Transit", "tessellate": -1, "extrude": 0, "visibility": -1 }, "geometry": { "type": "Point", "coordinates": [ -121.616289, 36.687624, 0.0 ] } },
{ "type": "Feature", "properties": { "Name": "Garner /  Rider", "description": "stop_id: 3187\nagency: Monterey-Salinas Transit", "tessellate": -1, "extrude": 0, "visibility": -1 }, "geometry": { "type": "Point", "coordinates": [ -121.617665, 36.689217, 0.0 ] } },
{ "type": "Feature", "properties": { "Name": "Del Monte /  Rider", "description": "stop_id: 3191\nagency: Monterey-Salinas Transit", "tessellate": -1, "extrude": 0, "visibility": -1 }, "geometry": { "type": "Point", "coordinates": [ -121.61346, 36.6916, 0.0 ] } },
{ "type": "Feature", "properties": { "Name": "Del Monte /  Pacific", "description": "stop_id: 3193\nagency: Monterey-Salinas Transit", "tessellate": -1, "extrude": 0, "visibility": -1 }, "geometry": { "type": "Point", "coordinates": [ -121.61208, 36.690071, 0.0 ] } },
{ "type": "Feature", "properties": { "Name": "N Sanborn / Boronda Rd", "description": "stop_id: 3201\nagency: Monterey-Salinas Transit", "tessellate": -1, "extrude": 0, "visibility": -1 }, "geometry": { "type": "Point", "coordinates": [ -121.597778, 36.693773, 0.0 ] } },
{ "type": "Feature", "properties": { "Name": "Front St / Encincal St (South)", "description": "stop_id: 3202\nagency: Monterey-Salinas Transit", "tessellate": -1, "extrude": 0, "visibility": -1 }, "geometry": { "type": "Point", "coordinates": [ -121.330128, 36.42735, 0.0 ] } },
{ "type": "Feature", "properties": { "Name": "Nestles Rd / Los Coches Rd (South)", "description": "stop_id: 3203\nagency: Monterey-Salinas Transit", "tessellate": -1, "extrude": 0, "visibility": -1 }, "geometry": { "type": "Point", "coordinates": [ -121.319369, 36.415114, 0.0 ] } },
{ "type": "Feature", "properties": { "Name": "Los Coches Rd / 947 Los Coches Rd", "description": "stop_id: 3205\nagency: Monterey-Salinas Transit", "tessellate": -1, "extrude": 0, "visibility": -1 }, "geometry": { "type": "Point", "coordinates": [ -121.316685, 36.415296, 0.0 ] } },
{ "type": "Feature", "properties": { "Name": "Nestles Rd / Los Coches Rd (North)", "description": "stop_id: 3207\nagency: Monterey-Salinas Transit", "tessellate": -1, "extrude": 0, "visibility": -1 }, "geometry": { "type": "Point", "coordinates": [ -121.319278, 36.415217, 0.0 ] } },
{ "type": "Feature", "properties": { "Name": "Front St / Dixi St", "description": "stop_id: 3208\nagency: Monterey-Salinas Transit", "tessellate": -1, "extrude": 0, "visibility": -1 }, "geometry": { "type": "Point", "coordinates": [ -121.325576, 36.424638, 0.0 ] } },
{ "type": "Feature", "properties": { "Name": "East St / Market St", "description": "stop_id: 3209\nagency: Monterey-Salinas Transit", "tessellate": -1, "extrude": 0, "visibility": -1 }, "geometry": { "type": "Point", "coordinates": [ -121.324274, 36.426775, 0.0 ] } },
{ "type": "Feature", "properties": { "Name": "Palm Ave / 2nd St", "description": "stop_id: 3211\nagency: Monterey-Salinas Transit", "tessellate": -1, "extrude": 0, "visibility": -1 }, "geometry": { "type": "Point", "coordinates": [ -121.317666, 36.423793, 0.0 ] } },
{ "type": "Feature", "properties": { "Name": "Westridge Pkwy / N Davis Rd (Walmart)", "description": "stop_id: 3212\nagency: Monterey-Salinas Transit", "tessellate": -1, "extrude": 0, "visibility": -1 }, "geometry": { "type": "Point", "coordinates": [ -121.668644, 36.704657, 0.0 ] } },
{ "type": "Feature", "properties": { "Name": "Hartnell College - Soledad", "description": "stop_id: 3213\nagency: Monterey-Salinas Transit", "tessellate": -1, "extrude": 0, "visibility": -1 }, "geometry": { "type": "Point", "coordinates": [ -121.315424, 36.427302, 0.0 ] } },
{ "type": "Feature", "properties": { "Name": "Orchard Ln / Gabilan Dr", "description": "stop_id: 3215\nagency: Monterey-Salinas Transit", "tessellate": -1, "extrude": 0, "visibility": -1 }, "geometry": { "type": "Point", "coordinates": [ -121.315821, 36.43619, 0.0 ] } },
{ "type": "Feature", "properties": { "Name": "Orchard Ln / San Gabriel St", "description": "stop_id: 3216\nagency: Monterey-Salinas Transit", "tessellate": -1, "extrude": 0, "visibility": -1 }, "geometry": { "type": "Point", "coordinates": [ -121.316699, 36.439506, 0.0 ] } },
{ "type": "Feature", "properties": { "Name": "Entrada Dr / San Fernando St", "description": "stop_id: 3217\nagency: Monterey-Salinas Transit", "tessellate": -1, "extrude": 0, "visibility": -1 }, "geometry": { "type": "Point", "coordinates": [ -121.317854, 36.442398, 0.0 ] } },
{ "type": "Feature", "properties": { "Name": "West St / Entrada Dr", "description": "stop_id: 3218\nagency: Monterey-Salinas Transit", "tessellate": -1, "extrude": 0, "visibility": -1 }, "geometry": { "type": "Point", "coordinates": [ -121.325303, 36.44187, 0.0 ] } },
{ "type": "Feature", "properties": { "Name": "West St / Anderson St", "description": "stop_id: 3220\nagency: Monterey-Salinas Transit", "tessellate": -1, "extrude": 0, "visibility": -1 }, "geometry": { "type": "Point", "coordinates": [ -121.326601, 36.438142, 0.0 ] } },
{ "type": "Feature", "properties": { "Name": "West St / Gabilan Dr", "description": "stop_id: 3221\nagency: Monterey-Salinas Transit", "tessellate": -1, "extrude": 0, "visibility": -1 }, "geometry": { "type": "Point", "coordinates": [ -121.32744, 36.435731, 0.0 ] } },
{ "type": "Feature", "properties": { "Name": "West St / Sundew St", "description": "stop_id: 3223\nagency: Monterey-Salinas Transit", "tessellate": -1, "extrude": 0, "visibility": -1 }, "geometry": { "type": "Point", "coordinates": [ -121.328204, 36.43358, 0.0 ] } },
{ "type": "Feature", "properties": { "Name": "N Main /  # 2170", "description": "stop_id: 3228\nagency: Monterey-Salinas Transit", "tessellate": -1, "extrude": 0, "visibility": -1 }, "geometry": { "type": "Point", "coordinates": [ -121.656224, 36.726195, 0.0 ] } },
{ "type": "Feature", "properties": { "Name": "West St / Market St", "description": "stop_id: 3229\nagency: Monterey-Salinas Transit", "tessellate": -1, "extrude": 0, "visibility": -1 }, "geometry": { "type": "Point", "coordinates": [ -121.330551, 36.43072, 0.0 ] } },
{ "type": "Feature", "properties": { "Name": "N Main /  # 2260", "description": "stop_id: 3231\nagency: Monterey-Salinas Transit", "tessellate": -1, "extrude": 0, "visibility": -1 }, "geometry": { "type": "Point", "coordinates": [ -121.656133, 36.728865, 0.0 ] } },
{ "type": "Feature", "properties": { "Name": "N Main /  Russell Road", "description": "stop_id: 3234\nagency: Monterey-Salinas Transit", "tessellate": -1, "extrude": 0, "visibility": -1 }, "geometry": { "type": "Point", "coordinates": [ -121.656011, 36.732608, 0.0 ] } },
{ "type": "Feature", "properties": { "Name": "Russell /  Main", "description": "stop_id: 3237\nagency: Monterey-Salinas Transit", "tessellate": -1, "extrude": 0, "visibility": -1 }, "geometry": { "type": "Point", "coordinates": [ -121.654898, 36.733922, 0.0 ] } },
{ "type": "Feature", "properties": { "Name": "Russell /  # 20", "description": "stop_id: 3240\nagency: Monterey-Salinas Transit", "tessellate": -1, "extrude": 0, "visibility": -1 }, "geometry": { "type": "Point", "coordinates": [ -121.652563, 36.733286, 0.0 ] } },
{ "type": "Feature", "properties": { "Name": "N Davis Rd / Post Dr", "description": "stop_id: 3250\nagency: Monterey-Salinas Transit", "tessellate": -1, "extrude": 0, "visibility": -1 }, "geometry": { "type": "Point", "coordinates": [ -121.66882, 36.695954, 0.0 ] } },
{ "type": "Feature", "properties": { "Name": "Larkin St / O'Farrell Ct", "description": "stop_id: 3260\nagency: Monterey-Salinas Transit", "tessellate": -1, "extrude": 0, "visibility": -1 }, "geometry": { "type": "Point", "coordinates": [ -121.661408, 36.69067, 0.0 ] } },
{ "type": "Feature", "properties": { "Name": "Larkin St / Flint Cir", "description": "stop_id: 3275\nagency: Monterey-Salinas Transit", "tessellate": -1, "extrude": 0, "visibility": -1 }, "geometry": { "type": "Point", "coordinates": [ -121.663565, 36.691819, 0.0 ] } },
{ "type": "Feature", "properties": { "Name": "Larkin St (West) / Larkin Cir", "description": "stop_id: 3278\nagency: Monterey-Salinas Transit", "tessellate": -1, "extrude": 0, "visibility": -1 }, "geometry": { "type": "Point", "coordinates": [ -121.665184, 36.692388, 0.0 ] } },
{ "type": "Feature", "properties": { "Name": "Larkin St (West) / N Davis Rd", "description": "stop_id: 3281\nagency: Monterey-Salinas Transit", "tessellate": -1, "extrude": 0, "visibility": -1 }, "geometry": { "type": "Point", "coordinates": [ -121.667719, 36.693815, 0.0 ] } },
{ "type": "Feature", "properties": { "Name": "Larkin St (East) / N Davis Rd", "description": "stop_id: 3288\nagency: Monterey-Salinas Transit", "tessellate": -1, "extrude": 0, "visibility": -1 }, "geometry": { "type": "Point", "coordinates": [ -121.667473, 36.693593, 0.0 ] } },
{ "type": "Feature", "properties": { "Name": "Larkin St (East) / Larkin Cir", "description": "stop_id: 3291\nagency: Monterey-Salinas Transit", "tessellate": -1, "extrude": 0, "visibility": -1 }, "geometry": { "type": "Point", "coordinates": [ -121.665625, 36.692482, 0.0 ] } },
{ "type": "Feature", "properties": { "Name": "Larkin St / Flint Way", "description": "stop_id: 3293\nagency: Monterey-Salinas Transit", "tessellate": -1, "extrude": 0, "visibility": -1 }, "geometry": { "type": "Point", "coordinates": [ -121.663508, 36.691748, 0.0 ] } },
{ "type": "Feature", "properties": { "Name": "Larkin St / Victor St", "description": "stop_id: 3295\nagency: Monterey-Salinas Transit", "tessellate": -1, "extrude": 0, "visibility": -1 }, "geometry": { "type": "Point", "coordinates": [ -121.661271, 36.690362, 0.0 ] } },
{ "type": "Feature", "properties": { "Name": "Tyler Ave / Tyler Park", "description": "stop_id: 3300\nagency: Monterey-Salinas Transit", "tessellate": -1, "extrude": 0, "visibility": -1 }, "geometry": { "type": "Point", "coordinates": [ -121.239333, 36.315275, 0.0 ] } },
{ "type": "Feature", "properties": { "Name": "Heidi Dr / Elm Ave", "description": "stop_id: 3301\nagency: Monterey-Salinas Transit", "tessellate": -1, "extrude": 0, "visibility": -1 }, "geometry": { "type": "Point", "coordinates": [ -121.246243, 36.313665, 0.0 ] } },
{ "type": "Feature", "properties": { "Name": "Elm Ave / 1228 Elm Ave", "description": "stop_id: 3302\nagency: Monterey-Salinas Transit", "tessellate": -1, "extrude": 0, "visibility": -1 }, "geometry": { "type": "Point", "coordinates": [ -121.250373, 36.312675, 0.0 ] } },
{ "type": "Feature", "properties": { "Name": "13th St / Patriot Park", "description": "stop_id: 3303\nagency: Monterey-Salinas Transit", "tessellate": -1, "extrude": 0, "visibility": -1 }, "geometry": { "type": "Point", "coordinates": [ -121.257493, 36.312274, 0.0 ] } },
{ "type": "Feature", "properties": { "Name": "Oak Avenue Elementary School", "description": "stop_id: 3304\nagency: Monterey-Salinas Transit", "tessellate": -1, "extrude": 0, "visibility": -1 }, "geometry": { "type": "Point", "coordinates": [ -121.253073, 36.315365, 0.0 ] } },
{ "type": "Feature", "properties": { "Name": "12th St / Apple Ave", "description": "stop_id: 3306\nagency: Monterey-Salinas Transit", "tessellate": -1, "extrude": 0, "visibility": -1 }, "geometry": { "type": "Point", "coordinates": [ -121.253463, 36.320015, 0.0 ] } },
{ "type": "Feature", "properties": { "Name": "Walnut Ave / 1071 Walnut Ave", "description": "stop_id: 3307\nagency: Monterey-Salinas Transit", "tessellate": -1, "extrude": 0, "visibility": -1 }, "geometry": { "type": "Point", "coordinates": [ -121.252413, 36.324525, 0.0 ] } },
{ "type": "Feature", "properties": { "Name": "Cesar Chavez Elementary School", "description": "stop_id: 3308\nagency: Monterey-Salinas Transit", "tessellate": -1, "extrude": 0, "visibility": -1 }, "geometry": { "type": "Point", "coordinates": [ -121.233713, 36.331915, 0.0 ] } },
{ "type": "Feature", "properties": { "Name": "Vineyard Dr / Oak Ave", "description": "stop_id: 3309\nagency: Monterey-Salinas Transit", "tessellate": -1, "extrude": 0, "visibility": -1 }, "geometry": { "type": "Point", "coordinates": [ -121.231813, 36.328015, 0.0 ] } },
{ "type": "Feature", "properties": { "Name": "Oak Ave / 372 Oak Ave", "description": "stop_id: 3310\nagency: Monterey-Salinas Transit", "tessellate": -1, "extrude": 0, "visibility": -1 }, "geometry": { "type": "Point", "coordinates": [ -121.237023, 36.324515, 0.0 ] } },
{ "type": "Feature", "properties": { "Name": "W Rossi St (West) / Sansome St", "description": "stop_id: 3311\nagency: Monterey-Salinas Transit", "tessellate": -1, "extrude": 0, "visibility": -1 }, "geometry": { "type": "Point", "coordinates": [ -121.658937, 36.683052, 0.0 ] } },
{ "type": "Feature", "properties": { "Name": "Oak Ave / 722 Oak Ave", "description": "stop_id: 3312\nagency: Monterey-Salinas Transit", "tessellate": -1, "extrude": 0, "visibility": -1 }, "geometry": { "type": "Point", "coordinates": [ -121.242293, 36.321535, 0.0 ] } },
{ "type": "Feature", "properties": { "Name": "W Rossi St / Rico St", "description": "stop_id: 3313\nagency: Monterey-Salinas Transit", "tessellate": -1, "extrude": 0, "visibility": -1 }, "geometry": { "type": "Point", "coordinates": [ -121.661289, 36.683883, 0.0 ] } },
{ "type": "Feature", "properties": { "Name": "Rico St / Casentini St", "description": "stop_id: 3315\nagency: Monterey-Salinas Transit", "tessellate": -1, "extrude": 0, "visibility": -1 }, "geometry": { "type": "Point", "coordinates": [ -121.659571, 36.687517, 0.0 ] } },
{ "type": "Feature", "properties": { "Name": "Rico St / Larkin St", "description": "stop_id: 3317\nagency: Monterey-Salinas Transit", "tessellate": -1, "extrude": 0, "visibility": -1 }, "geometry": { "type": "Point", "coordinates": [ -121.658715, 36.689084, 0.0 ] } },
{ "type": "Feature", "properties": { "Name": "Rico St / 451 Rico St", "description": "stop_id: 3321\nagency: Monterey-Salinas Transit", "tessellate": -1, "extrude": 0, "visibility": -1 }, "geometry": { "type": "Point", "coordinates": [ -121.659447, 36.687865, 0.0 ] } },
{ "type": "Feature", "properties": { "Name": "Larkin St / Rico St", "description": "stop_id: 3323\nagency: Monterey-Salinas Transit", "tessellate": -1, "extrude": 0, "visibility": -1 }, "geometry": { "type": "Point", "coordinates": [ -121.658948, 36.689398, 0.0 ] } },
{ "type": "Feature", "properties": { "Name": "San Juan Grade /  Northridge Way", "description": "stop_id: 3324\nagency: Monterey-Salinas Transit", "tessellate": -1, "extrude": 0, "visibility": -1 }, "geometry": { "type": "Point", "coordinates": [ -121.649934, 36.720896, 0.0 ] } },
{ "type": "Feature", "properties": { "Name": "Rico St / Hyde St", "description": "stop_id: 3325\nagency: Monterey-Salinas Transit", "tessellate": -1, "extrude": 0, "visibility": -1 }, "geometry": { "type": "Point", "coordinates": [ -121.660577, 36.685949, 0.0 ] } },
{ "type": "Feature", "properties": { "Name": "Van Buren /  Swaner", "description": "stop_id: 3326\nagency: Monterey-Salinas Transit", "tessellate": -1, "extrude": 0, "visibility": -1 }, "geometry": { "type": "Point", "coordinates": [ -121.647658, 36.724, 0.0 ] } },
{ "type": "Feature", "properties": { "Name": "Van Buren /  Russell", "description": "stop_id: 3327\nagency: Monterey-Salinas Transit", "tessellate": -1, "extrude": 0, "visibility": -1 }, "geometry": { "type": "Point", "coordinates": [ -121.648358, 36.731679, 0.0 ] } },
{ "type": "Feature", "properties": { "Name": "Van Buren /  Eisenhower", "description": "stop_id: 3328\nagency: Monterey-Salinas Transit", "tessellate": -1, "extrude": 0, "visibility": -1 }, "geometry": { "type": "Point", "coordinates": [ -121.649732, 36.72918, 0.0 ] } },
{ "type": "Feature", "properties": { "Name": "Van Buren /  #18655", "description": "stop_id: 3329\nagency: Monterey-Salinas Transit", "tessellate": -1, "extrude": 0, "visibility": -1 }, "geometry": { "type": "Point", "coordinates": [ -121.649795, 36.725758, 0.0 ] } },
{ "type": "Feature", "properties": { "Name": "Rico /  Rossi", "description": "stop_id: 3331\nagency: Monterey-Salinas Transit", "tessellate": -1, "extrude": 0, "visibility": -1 }, "geometry": { "type": "Point", "coordinates": [ -121.661484, 36.684265, 0.0 ] } },
{ "type": "Feature", "properties": { "Name": "E Laurel /  St. Edwards", "description": "stop_id: 3335\nagency: Monterey-Salinas Transit", "tessellate": -1, "extrude": 0, "visibility": -1 }, "geometry": { "type": "Point", "coordinates": [ -121.62317, 36.686082, 0.0 ] } },
{ "type": "Feature", "properties": { "Name": "N Sanborn /  Montana", "description": "stop_id: 3339\nagency: Monterey-Salinas Transit", "tessellate": -1, "extrude": 0, "visibility": -1 }, "geometry": { "type": "Point", "coordinates": [ -121.617709, 36.684681, 0.0 ] } },
{ "type": "Feature", "properties": { "Name": "W Rossi /  Sansome", "description": "stop_id: 3341\nagency: Monterey-Salinas Transit", "tessellate": -1, "extrude": 0, "visibility": -1 }, "geometry": { "type": "Point", "coordinates": [ -121.658205, 36.682643, 0.0 ] } },
{ "type": "Feature", "properties": { "Name": "E Market /  Hebbron", "description": "stop_id: 3344\nagency: Monterey-Salinas Transit", "tessellate": -1, "extrude": 0, "visibility": -1 }, "geometry": { "type": "Point", "coordinates": [ -121.631491, 36.676445, 0.0 ] } },
{ "type": "Feature", "properties": { "Name": "N Sanborn /  Eucalyptus", "description": "stop_id: 3347\nagency: Monterey-Salinas Transit", "tessellate": -1, "extrude": 0, "visibility": -1 }, "geometry": { "type": "Point", "coordinates": [ -121.624134, 36.68042, 0.0 ] } },
{ "type": "Feature", "properties": { "Name": "Chaparral /  Natividad", "description": "stop_id: 3349\nagency: Monterey-Salinas Transit", "tessellate": -1, "extrude": 0, "visibility": -1 }, "geometry": { "type": "Point", "coordinates": [ -121.6341, 36.699782, 0.0 ] } },
{ "type": "Feature", "properties": { "Name": "Westridge Pkwy / N Davis Rd (Costco)", "description": "stop_id: 3351\nagency: Monterey-Salinas Transit", "tessellate": -1, "extrude": 0, "visibility": -1 }, "geometry": { "type": "Point", "coordinates": [ -121.66901, 36.704563, 0.0 ] } },
{ "type": "Feature", "properties": { "Name": "N Davis Rd (North) / Auto Center Cir", "description": "stop_id: 3352\nagency: Monterey-Salinas Transit", "tessellate": -1, "extrude": 0, "visibility": -1 }, "geometry": { "type": "Point", "coordinates": [ -121.664376, 36.721858, 0.0 ] } },
{ "type": "Feature", "properties": { "Name": "N Davis Rd (South) / Auto Center Cir", "description": "stop_id: 3353\nagency: Monterey-Salinas Transit", "tessellate": -1, "extrude": 0, "visibility": -1 }, "geometry": { "type": "Point", "coordinates": [ -121.665315, 36.72147, 0.0 ] } },
{ "type": "Feature", "properties": { "Name": "Post / Davis", "description": "stop_id: 3354\nagency: Monterey-Salinas Transit", "tessellate": -1, "extrude": 0, "visibility": -1 }, "geometry": { "type": "Point", "coordinates": [ -121.669186, 36.696239, 0.0 ] } },
{ "type": "Feature", "properties": { "Name": "N Sanborn Rd /  Garner Ave", "description": "stop_id: 3357\nagency: Monterey-Salinas Transit", "tessellate": -1, "extrude": 0, "visibility": -1 }, "geometry": { "type": "Point", "coordinates": [ -121.614812, 36.686308, 0.0 ] } },
{ "type": "Feature", "properties": { "Name": "N Davis Rd / Boronda Crossing Pl (North)", "description": "stop_id: 3358\nagency: Monterey-Salinas Transit", "tessellate": -1, "extrude": 0, "visibility": -1 }, "geometry": { "type": "Point", "coordinates": [ -121.667152, 36.717777, 0.0 ] } },
{ "type": "Feature", "properties": { "Name": "N Davis Rd / Boronda Crossing Pl (South)", "description": "stop_id: 3359\nagency: Monterey-Salinas Transit", "tessellate": -1, "extrude": 0, "visibility": -1 }, "geometry": { "type": "Point", "coordinates": [ -121.666623, 36.71685, 0.0 ] } },
{ "type": "Feature", "properties": { "Name": "Del Monte /  Towt", "description": "stop_id: 3363\nagency: Monterey-Salinas Transit", "tessellate": -1, "extrude": 0, "visibility": -1 }, "geometry": { "type": "Point", "coordinates": [ -121.607882, 36.685209, 0.0 ] } },
{ "type": "Feature", "properties": { "Name": "Constitution / Independence", "description": "stop_id: 3364\nagency: Monterey-Salinas Transit", "tessellate": -1, "extrude": 0, "visibility": -1 }, "geometry": { "type": "Point", "coordinates": [ -121.622338, 36.700345, 0.0 ] } },
{ "type": "Feature", "properties": { "Name": "Constitution / Independence", "description": "stop_id: 3365\nagency: Monterey-Salinas Transit", "tessellate": -1, "extrude": 0, "visibility": -1 }, "geometry": { "type": "Point", "coordinates": [ -121.622609, 36.700015, 0.0 ] } },
{ "type": "Feature", "properties": { "Name": "Constitution /  Beacon Hill", "description": "stop_id: 3366\nagency: Monterey-Salinas Transit", "tessellate": -1, "extrude": 0, "visibility": -1 }, "geometry": { "type": "Point", "coordinates": [ -121.616522, 36.699235, 0.0 ] } },
{ "type": "Feature", "properties": { "Name": "Del Monte /  New Deal", "description": "stop_id: 3368\nagency: Monterey-Salinas Transit", "tessellate": -1, "extrude": 0, "visibility": -1 }, "geometry": { "type": "Point", "coordinates": [ -121.606671, 36.683836, 0.0 ] } },
{ "type": "Feature", "properties": { "Name": "Independence Blvd /  Lexington Dr", "description": "stop_id: 3369\nagency: Monterey-Salinas Transit", "tessellate": -1, "extrude": 0, "visibility": -1 }, "geometry": { "type": "Point", "coordinates": [ -121.620592, 36.704811, 0.0 ] } },
{ "type": "Feature", "properties": { "Name": "Del Monte /  Williams", "description": "stop_id: 3370\nagency: Monterey-Salinas Transit", "tessellate": -1, "extrude": 0, "visibility": -1 }, "geometry": { "type": "Point", "coordinates": [ -121.604614, 36.681439, 0.0 ] } },
{ "type": "Feature", "properties": { "Name": "Independence /  Provincetown", "description": "stop_id: 3372\nagency: Monterey-Salinas Transit", "tessellate": -1, "extrude": 0, "visibility": -1 }, "geometry": { "type": "Point", "coordinates": [ -121.618482, 36.70786, 0.0 ] } },
{ "type": "Feature", "properties": { "Name": "N Main /  Lamar", "description": "stop_id: 3374\nagency: Monterey-Salinas Transit", "tessellate": -1, "extrude": 0, "visibility": -1 }, "geometry": { "type": "Point", "coordinates": [ -121.656232, 36.723809, 0.0 ] } },
{ "type": "Feature", "properties": { "Name": "Boronda /  Natividad", "description": "stop_id: 3380\nagency: Monterey-Salinas Transit", "tessellate": -1, "extrude": 0, "visibility": -1 }, "geometry": { "type": "Point", "coordinates": [ -121.624123, 36.715729, 0.0 ] } },
{ "type": "Feature", "properties": { "Name": "E Boronda /  San Juan Grade", "description": "stop_id: 3384\nagency: Monterey-Salinas Transit", "tessellate": -1, "extrude": 0, "visibility": -1 }, "geometry": { "type": "Point", "coordinates": [ -121.649984, 36.718795, 0.0 ] } },
{ "type": "Feature", "properties": { "Name": "Williams /  Bardin Way", "description": "stop_id: 3390\nagency: Monterey-Salinas Transit", "tessellate": -1, "extrude": 0, "visibility": -1 }, "geometry": { "type": "Point", "coordinates": [ -121.606652, 36.679996, 0.0 ] } },
{ "type": "Feature", "properties": { "Name": "E Laurel /  Sanborn", "description": "stop_id: 3396\nagency: Monterey-Salinas Transit", "tessellate": -1, "extrude": 0, "visibility": -1 }, "geometry": { "type": "Point", "coordinates": [ -121.621271, 36.683657, 0.0 ] } },
{ "type": "Feature", "properties": { "Name": "E Laurel /  St. Edwards", "description": "stop_id: 3397\nagency: Monterey-Salinas Transit", "tessellate": -1, "extrude": 0, "visibility": -1 }, "geometry": { "type": "Point", "coordinates": [ -121.623096, 36.686506, 0.0 ] } },
{ "type": "Feature", "properties": { "Name": "E Laurel /  Entrance To ROP & Monterey County P", "description": "stop_id: 3398\nagency: Monterey-Salinas Transit", "tessellate": -1, "extrude": 0, "visibility": -1 }, "geometry": { "type": "Point", "coordinates": [ -121.628542, 36.691529, 0.0 ] } },
{ "type": "Feature", "properties": { "Name": "Alisal /  Work", "description": "stop_id: 3401\nagency: Monterey-Salinas Transit", "tessellate": -1, "extrude": 0, "visibility": -1 }, "geometry": { "type": "Point", "coordinates": [ -121.643099, 36.674372, 0.0 ] } },
{ "type": "Feature", "properties": { "Name": "E Alisal /  Madeira", "description": "stop_id: 3404\nagency: Monterey-Salinas Transit", "tessellate": -1, "extrude": 0, "visibility": -1 }, "geometry": { "type": "Point", "coordinates": [ -121.638728, 36.673939, 0.0 ] } },
{ "type": "Feature", "properties": { "Name": "E Alisal /  Wood", "description": "stop_id: 3407\nagency: Monterey-Salinas Transit", "tessellate": -1, "extrude": 0, "visibility": -1 }, "geometry": { "type": "Point", "coordinates": [ -121.635655, 36.673622, 0.0 ] } },
{ "type": "Feature", "properties": { "Name": "E Alisal / S Filice", "description": "stop_id: 3410\nagency: Monterey-Salinas Transit", "tessellate": -1, "extrude": 0, "visibility": -1 }, "geometry": { "type": "Point", "coordinates": [ -121.63067, 36.673156, 0.0 ] } },
{ "type": "Feature", "properties": { "Name": "E Alisal /  Sanborn", "description": "stop_id: 3413\nagency: Monterey-Salinas Transit", "tessellate": -1, "extrude": 0, "visibility": -1 }, "geometry": { "type": "Point", "coordinates": [ -121.628197, 36.672901, 0.0 ] } },
{ "type": "Feature", "properties": { "Name": "E Alisal /  Towt", "description": "stop_id: 3416\nagency: Monterey-Salinas Transit", "tessellate": -1, "extrude": 0, "visibility": -1 }, "geometry": { "type": "Point", "coordinates": [ -121.623597, 36.672435, 0.0 ] } },
{ "type": "Feature", "properties": { "Name": "Williams /  Alisal", "description": "stop_id: 3419\nagency: Monterey-Salinas Transit", "tessellate": -1, "extrude": 0, "visibility": -1 }, "geometry": { "type": "Point", "coordinates": [ -121.619169, 36.672615, 0.0 ] } },
{ "type": "Feature", "properties": { "Name": "Williams /  E Market St", "description": "stop_id: 3420\nagency: Monterey-Salinas Transit", "tessellate": -1, "extrude": 0, "visibility": -1 }, "geometry": { "type": "Point", "coordinates": [ -121.614595, 36.675256, 0.0 ] } },
{ "type": "Feature", "properties": { "Name": "Williams /  Alma", "description": "stop_id: 3423\nagency: Monterey-Salinas Transit", "tessellate": -1, "extrude": 0, "visibility": -1 }, "geometry": { "type": "Point", "coordinates": [ -121.609222, 36.678332, 0.0 ] } },
{ "type": "Feature", "properties": { "Name": "Williams /  Bellehaven", "description": "stop_id: 3440\nagency: Monterey-Salinas Transit", "tessellate": -1, "extrude": 0, "visibility": -1 }, "geometry": { "type": "Point", "coordinates": [ -121.611009, 36.67751, 0.0 ] } },
{ "type": "Feature", "properties": { "Name": "Williams /  E Market St", "description": "stop_id: 3443\nagency: Monterey-Salinas Transit", "tessellate": -1, "extrude": 0, "visibility": -1 }, "geometry": { "type": "Point", "coordinates": [ -121.61563, 36.674855, 0.0 ] } },
{ "type": "Feature", "properties": { "Name": "Williams /  Alisal", "description": "stop_id: 3449\nagency: Monterey-Salinas Transit", "tessellate": -1, "extrude": 0, "visibility": -1 }, "geometry": { "type": "Point", "coordinates": [ -121.619654, 36.67257, 0.0 ] } },
{ "type": "Feature", "properties": { "Name": "E Alisal / Towt", "description": "stop_id: 3452\nagency: Monterey-Salinas Transit", "tessellate": -1, "extrude": 0, "visibility": -1 }, "geometry": { "type": "Point", "coordinates": [ -121.623745, 36.672641, 0.0 ] } },
{ "type": "Feature", "properties": { "Name": "E Alisal /  Sanborn", "description": "stop_id: 3455\nagency: Monterey-Salinas Transit", "tessellate": -1, "extrude": 0, "visibility": -1 }, "geometry": { "type": "Point", "coordinates": [ -121.627851, 36.673027, 0.0 ] } },
{ "type": "Feature", "properties": { "Name": "E Alisal /  N Felice", "description": "stop_id: 3458\nagency: Monterey-Salinas Transit", "tessellate": -1, "extrude": 0, "visibility": -1 }, "geometry": { "type": "Point", "coordinates": [ -121.630509, 36.673247, 0.0 ] } },
{ "type": "Feature", "properties": { "Name": "E Alisal /  Wood", "description": "stop_id: 3461\nagency: Monterey-Salinas Transit", "tessellate": -1, "extrude": 0, "visibility": -1 }, "geometry": { "type": "Point", "coordinates": [ -121.635812, 36.673852, 0.0 ] } },
{ "type": "Feature", "properties": { "Name": "E Alisal /  Madeira", "description": "stop_id: 3464\nagency: Monterey-Salinas Transit", "tessellate": -1, "extrude": 0, "visibility": -1 }, "geometry": { "type": "Point", "coordinates": [ -121.638186, 36.674098, 0.0 ] } },
{ "type": "Feature", "properties": { "Name": "E Alisal /  Work", "description": "stop_id: 3467\nagency: Monterey-Salinas Transit", "tessellate": -1, "extrude": 0, "visibility": -1 }, "geometry": { "type": "Point", "coordinates": [ -121.643206, 36.674596, 0.0 ] } },
{ "type": "Feature", "properties": { "Name": "E Market /  Center", "description": "stop_id: 3505\nagency: Monterey-Salinas Transit", "tessellate": -1, "extrude": 0, "visibility": -1 }, "geometry": { "type": "Point", "coordinates": [ -121.629228, 36.676299, 0.0 ] } },
{ "type": "Feature", "properties": { "Name": "E Boronda /  McKinnon", "description": "stop_id: 3517\nagency: Monterey-Salinas Transit", "tessellate": -1, "extrude": 0, "visibility": -1 }, "geometry": { "type": "Point", "coordinates": [ -121.643157, 36.716872, 0.0 ] } },
{ "type": "Feature", "properties": { "Name": "N Sanborn /  Acosta", "description": "stop_id: 3519\nagency: Monterey-Salinas Transit", "tessellate": -1, "extrude": 0, "visibility": -1 }, "geometry": { "type": "Point", "coordinates": [ -121.619934, 36.68342, 0.0 ] } },
{ "type": "Feature", "properties": { "Name": "Nantucket / Independence", "description": "stop_id: 3521\nagency: Monterey-Salinas Transit", "tessellate": -1, "extrude": 0, "visibility": -1 }, "geometry": { "type": "Point", "coordinates": [ -121.618382, 36.710281, 0.0 ] } },
{ "type": "Feature", "properties": { "Name": "Nantucket / Hemingway", "description": "stop_id: 3522\nagency: Monterey-Salinas Transit", "tessellate": -1, "extrude": 0, "visibility": -1 }, "geometry": { "type": "Point", "coordinates": [ -121.611142, 36.709886, 0.0 ] } },
{ "type": "Feature", "properties": { "Name": "Nantucket / Declaration", "description": "stop_id: 3523\nagency: Monterey-Salinas Transit", "tessellate": -1, "extrude": 0, "visibility": -1 }, "geometry": { "type": "Point", "coordinates": [ -121.606578, 36.7065, 0.0 ] } },
{ "type": "Feature", "properties": { "Name": "Constitution / Nantucket", "description": "stop_id: 3524\nagency: Monterey-Salinas Transit", "tessellate": -1, "extrude": 0, "visibility": -1 }, "geometry": { "type": "Point", "coordinates": [ -121.605738, 36.703853, 0.0 ] } },
{ "type": "Feature", "properties": { "Name": "Constitution / Beacon Hill", "description": "stop_id: 3525\nagency: Monterey-Salinas Transit", "tessellate": -1, "extrude": 0, "visibility": -1 }, "geometry": { "type": "Point", "coordinates": [ -121.608299, 36.702664, 0.0 ] } },
{ "type": "Feature", "properties": { "Name": "Constitution /  Bunker Hill", "description": "stop_id: 3535\nagency: Monterey-Salinas Transit", "tessellate": -1, "extrude": 0, "visibility": -1 }, "geometry": { "type": "Point", "coordinates": [ -121.617623, 36.699495, 0.0 ] } },
{ "type": "Feature", "properties": { "Name": "E Market /  Madeira", "description": "stop_id: 3544\nagency: Monterey-Salinas Transit", "tessellate": -1, "extrude": 0, "visibility": -1 }, "geometry": { "type": "Point", "coordinates": [ -121.637805, 36.677221, 0.0 ] } },
{ "type": "Feature", "properties": { "Name": "N Sanborn / Del Monte", "description": "stop_id: 3547\nagency: Monterey-Salinas Transit", "tessellate": -1, "extrude": 0, "visibility": -1 }, "geometry": { "type": "Point", "coordinates": [ -121.611103, 36.688554, 0.0 ] } },
{ "type": "Feature", "properties": { "Name": "E Rossi /  Sherwood Drive", "description": "stop_id: 3554\nagency: Monterey-Salinas Transit", "tessellate": -1, "extrude": 0, "visibility": -1 }, "geometry": { "type": "Point", "coordinates": [ -121.651077, 36.680436, 0.0 ] } },
{ "type": "Feature", "properties": { "Name": "Sherwood Drive /  Sherwood Place", "description": "stop_id: 3705\nagency: Monterey-Salinas Transit", "tessellate": -1, "extrude": 0, "visibility": -1 }, "geometry": { "type": "Point", "coordinates": [ -121.646761, 36.687052, 0.0 ] } },
{ "type": "Feature", "properties": { "Name": "E Romie Ln / Alameda", "description": "stop_id: 3711\nagency: Monterey-Salinas Transit", "tessellate": -1, "extrude": 0, "visibility": -1 }, "geometry": { "type": "Point", "coordinates": [ -121.648331, 36.660405, 0.0 ] } },
{ "type": "Feature", "properties": { "Name": "E Romie Ln / Los Palos", "description": "stop_id: 3717\nagency: Monterey-Salinas Transit", "tessellate": -1, "extrude": 0, "visibility": -1 }, "geometry": { "type": "Point", "coordinates": [ -121.645499, 36.659731, 0.0 ] } },
{ "type": "Feature", "properties": { "Name": "E Romie Ln / San Marino", "description": "stop_id: 3781\nagency: Monterey-Salinas Transit", "tessellate": -1, "extrude": 0, "visibility": -1 }, "geometry": { "type": "Point", "coordinates": [ -121.643052, 36.659162, 0.0 ] } },
{ "type": "Feature", "properties": { "Name": "Abbott / Blanco Rd", "description": "stop_id: 3782\nagency: Monterey-Salinas Transit", "tessellate": -1, "extrude": 0, "visibility": -1 }, "geometry": { "type": "Point", "coordinates": [ -121.637036, 36.657707, 0.0 ] } },
{ "type": "Feature", "properties": { "Name": "E Romie Ln / 780 Romie Ln", "description": "stop_id: 3783\nagency: Monterey-Salinas Transit", "tessellate": -1, "extrude": 0, "visibility": -1 }, "geometry": { "type": "Point", "coordinates": [ -121.639818, 36.658633, 0.0 ] } },
{ "type": "Feature", "properties": { "Name": "E Blanco / Blanco Circle", "description": "stop_id: 3784\nagency: Monterey-Salinas Transit", "tessellate": -1, "extrude": 0, "visibility": -1 }, "geometry": { "type": "Point", "coordinates": [ -121.636946, 36.655438, 0.0 ] } },
{ "type": "Feature", "properties": { "Name": "Abbott / Johnson", "description": "stop_id: 3785\nagency: Monterey-Salinas Transit", "tessellate": -1, "extrude": 0, "visibility": -1 }, "geometry": { "type": "Point", "coordinates": [ -121.639752, 36.660021, 0.0 ] } },
{ "type": "Feature", "properties": { "Name": "Abbott /  #  905", "description": "stop_id: 3788\nagency: Monterey-Salinas Transit", "tessellate": -1, "extrude": 0, "visibility": -1 }, "geometry": { "type": "Point", "coordinates": [ -121.636951, 36.657972, 0.0 ] } },
{ "type": "Feature", "properties": { "Name": "Abbott /  Maple", "description": "stop_id: 3789\nagency: Monterey-Salinas Transit", "tessellate": -1, "extrude": 0, "visibility": -1 }, "geometry": { "type": "Point", "coordinates": [ -121.645624, 36.667885, 0.0 ] } },
{ "type": "Feature", "properties": { "Name": "Abbott / Malarin Street", "description": "stop_id: 3792\nagency: Monterey-Salinas Transit", "tessellate": -1, "extrude": 0, "visibility": -1 }, "geometry": { "type": "Point", "coordinates": [ -121.641786, 36.662733, 0.0 ] } },
{ "type": "Feature", "properties": { "Name": "Front /  Summer", "description": "stop_id: 3794\nagency: Monterey-Salinas Transit", "tessellate": -1, "extrude": 0, "visibility": -1 }, "geometry": { "type": "Point", "coordinates": [ -121.647866, 36.671008, 0.0 ] } },
{ "type": "Feature", "properties": { "Name": "Front /  San Luis", "description": "stop_id: 3796\nagency: Monterey-Salinas Transit", "tessellate": -1, "extrude": 0, "visibility": -1 }, "geometry": { "type": "Point", "coordinates": [ -121.648629, 36.672603, 0.0 ] } },
{ "type": "Feature", "properties": { "Name": "Del Monte /  Mae", "description": "stop_id: 4040\nagency: Monterey-Salinas Transit", "tessellate": -1, "extrude": 0, "visibility": -1 }, "geometry": { "type": "Point", "coordinates": [ -121.608122, 36.68564, 0.0 ] } },
{ "type": "Feature", "properties": { "Name": "Del Monte /  Kilbreth", "description": "stop_id: 4046\nagency: Monterey-Salinas Transit", "tessellate": -1, "extrude": 0, "visibility": -1 }, "geometry": { "type": "Point", "coordinates": [ -121.610593, 36.688518, 0.0 ] } },
{ "type": "Feature", "properties": { "Name": "Rider /  Garner", "description": "stop_id: 4055\nagency: Monterey-Salinas Transit", "tessellate": -1, "extrude": 0, "visibility": -1 }, "geometry": { "type": "Point", "coordinates": [ -121.617656, 36.689465, 0.0 ] } },
{ "type": "Feature", "properties": { "Name": "Garner /  Acosta Plaza", "description": "stop_id: 4058\nagency: Monterey-Salinas Transit", "tessellate": -1, "extrude": 0, "visibility": -1 }, "geometry": { "type": "Point", "coordinates": [ -121.616624, 36.68786, 0.0 ] } },
{ "type": "Feature", "properties": { "Name": "N Sanborn /  Garner", "description": "stop_id: 4061\nagency: Monterey-Salinas Transit", "tessellate": -1, "extrude": 0, "visibility": -1 }, "geometry": { "type": "Point", "coordinates": [ -121.615442, 36.686103, 0.0 ] } },
{ "type": "Feature", "properties": { "Name": "N Sanborn /  Jesse Sanchez School", "description": "stop_id: 4064\nagency: Monterey-Salinas Transit", "tessellate": -1, "extrude": 0, "visibility": -1 }, "geometry": { "type": "Point", "coordinates": [ -121.61907, 36.684047, 0.0 ] } },
{ "type": "Feature", "properties": { "Name": "N Sanborn /  Circle", "description": "stop_id: 4070\nagency: Monterey-Salinas Transit", "tessellate": -1, "extrude": 0, "visibility": -1 }, "geometry": { "type": "Point", "coordinates": [ -121.625513, 36.678841, 0.0 ] } },
{ "type": "Feature", "properties": { "Name": "N Sanborn /  E Market", "description": "stop_id: 4073\nagency: Monterey-Salinas Transit", "tessellate": -1, "extrude": 0, "visibility": -1 }, "geometry": { "type": "Point", "coordinates": [ -121.626979, 36.676837, 0.0 ] } },
{ "type": "Feature", "properties": { "Name": "N Sanborn /  E Market", "description": "stop_id: 4076\nagency: Monterey-Salinas Transit", "tessellate": -1, "extrude": 0, "visibility": -1 }, "geometry": { "type": "Point", "coordinates": [ -121.626667, 36.67705, 0.0 ] } },
{ "type": "Feature", "properties": { "Name": "N Sanborn /  Laurel", "description": "stop_id: 4079\nagency: Monterey-Salinas Transit", "tessellate": -1, "extrude": 0, "visibility": -1 }, "geometry": { "type": "Point", "coordinates": [ -121.62177, 36.68257, 0.0 ] } },
{ "type": "Feature", "properties": { "Name": "E Market /  Hebbron", "description": "stop_id: 4085\nagency: Monterey-Salinas Transit", "tessellate": -1, "extrude": 0, "visibility": -1 }, "geometry": { "type": "Point", "coordinates": [ -121.631987, 36.676647, 0.0 ] } },
{ "type": "Feature", "properties": { "Name": "Calle Del Adobe / Overpass Walkway", "description": "stop_id: 4410\nagency: Monterey-Salinas Transit", "tessellate": -1, "extrude": 0, "visibility": -1 }, "geometry": { "type": "Point", "coordinates": [ -121.673549, 36.698914, 0.0 ] } },
{ "type": "Feature", "properties": { "Name": "Calle del Adobe / Addington", "description": "stop_id: 4411\nagency: Monterey-Salinas Transit", "tessellate": -1, "extrude": 0, "visibility": -1 }, "geometry": { "type": "Point", "coordinates": [ -121.676012, 36.699552, 0.0 ] } },
{ "type": "Feature", "properties": { "Name": "Boronda Rd / Milano St", "description": "stop_id: 4414\nagency: Monterey-Salinas Transit", "tessellate": -1, "extrude": 0, "visibility": -1 }, "geometry": { "type": "Point", "coordinates": [ -121.673962, 36.702996, 0.0 ] } },
{ "type": "Feature", "properties": { "Name": "N Sanborn / Del Monte", "description": "stop_id: 4521\nagency: Monterey-Salinas Transit", "tessellate": -1, "extrude": 0, "visibility": -1 }, "geometry": { "type": "Point", "coordinates": [ -121.61106, 36.688446, 0.0 ] } },
{ "type": "Feature", "properties": { "Name": "N Sanborn /  Paseo Grande", "description": "stop_id: 4523\nagency: Monterey-Salinas Transit", "tessellate": -1, "extrude": 0, "visibility": -1 }, "geometry": { "type": "Point", "coordinates": [ -121.603179, 36.691461, 0.0 ] } },
{ "type": "Feature", "properties": { "Name": "Freedom / Rider", "description": "stop_id: 4525\nagency: Monterey-Salinas Transit", "tessellate": -1, "extrude": 0, "visibility": -1 }, "geometry": { "type": "Point", "coordinates": [ -121.604096, 36.696444, 0.0 ] } },
{ "type": "Feature", "properties": { "Name": "Freedom /  Nogal", "description": "stop_id: 4527\nagency: Monterey-Salinas Transit", "tessellate": -1, "extrude": 0, "visibility": -1 }, "geometry": { "type": "Point", "coordinates": [ -121.605845, 36.697762, 0.0 ] } },
{ "type": "Feature", "properties": { "Name": "Freedom /  Constitution", "description": "stop_id: 4529\nagency: Monterey-Salinas Transit", "tessellate": -1, "extrude": 0, "visibility": -1 }, "geometry": { "type": "Point", "coordinates": [ -121.608411, 36.700135, 0.0 ] } },
{ "type": "Feature", "properties": { "Name": "E Boronda /  Shaker Square", "description": "stop_id: 4531\nagency: Monterey-Salinas Transit", "tessellate": -1, "extrude": 0, "visibility": -1 }, "geometry": { "type": "Point", "coordinates": [ -121.626783, 36.715776, 0.0 ] } },
{ "type": "Feature", "properties": { "Name": "Constitution / Freedom Parkway", "description": "stop_id: 4533\nagency: Monterey-Salinas Transit", "tessellate": -1, "extrude": 0, "visibility": -1 }, "geometry": { "type": "Point", "coordinates": [ -121.608677, 36.700022, 0.0 ] } },
{ "type": "Feature", "properties": { "Name": "Freedom /  Nogal", "description": "stop_id: 4535\nagency: Monterey-Salinas Transit", "tessellate": -1, "extrude": 0, "visibility": -1 }, "geometry": { "type": "Point", "coordinates": [ -121.606224, 36.697758, 0.0 ] } },
{ "type": "Feature", "properties": { "Name": "Freedom /  Rider", "description": "stop_id: 4537\nagency: Monterey-Salinas Transit", "tessellate": -1, "extrude": 0, "visibility": -1 }, "geometry": { "type": "Point", "coordinates": [ -121.604681, 36.69668, 0.0 ] } },
{ "type": "Feature", "properties": { "Name": "N Sanborn /  Freedom", "description": "stop_id: 4539\nagency: Monterey-Salinas Transit", "tessellate": -1, "extrude": 0, "visibility": -1 }, "geometry": { "type": "Point", "coordinates": [ -121.60209, 36.691935, 0.0 ] } },
{ "type": "Feature", "properties": { "Name": "E Boronda /  El Dorado", "description": "stop_id: 4541\nagency: Monterey-Salinas Transit", "tessellate": -1, "extrude": 0, "visibility": -1 }, "geometry": { "type": "Point", "coordinates": [ -121.632601, 36.715824, 0.0 ] } },
{ "type": "Feature", "properties": { "Name": "E Boronda / McKinnon", "description": "stop_id: 4543\nagency: Monterey-Salinas Transit", "tessellate": -1, "extrude": 0, "visibility": -1 }, "geometry": { "type": "Point", "coordinates": [ -121.643932, 36.717255, 0.0 ] } },
{ "type": "Feature", "properties": { "Name": "Abrams / Macarthur Dr", "description": "stop_id: 4701\nagency: Monterey-Salinas Transit", "tessellate": -1, "extrude": 0, "visibility": -1 }, "geometry": { "type": "Point", "coordinates": [ -121.779974, 36.668268, 0.0 ] } },
{ "type": "Feature", "properties": { "Name": "Marina Heights Dr / Bonte Dr", "description": "stop_id: 4702\nagency: Monterey-Salinas Transit", "tessellate": -1, "extrude": 0, "visibility": -1 }, "geometry": { "type": "Point", "coordinates": [ -121.788933, 36.667265, 0.0 ] } },
{ "type": "Feature", "properties": { "Name": "Abrams / Andesite Dr", "description": "stop_id: 4703\nagency: Monterey-Salinas Transit", "tessellate": -1, "extrude": 0, "visibility": -1 }, "geometry": { "type": "Point", "coordinates": [ -121.779981, 36.66818, 0.0 ] } },
{ "type": "Feature", "properties": { "Name": "Monterey / Luzon", "description": "stop_id: 4730\nagency: Monterey-Salinas Transit", "tessellate": -1, "extrude": 0, "visibility": -1 }, "geometry": { "type": "Point", "coordinates": [ -121.82133, 36.636112, 0.0 ] } },
{ "type": "Feature", "properties": { "Name": "Monterey / Noumea", "description": "stop_id: 4731\nagency: Monterey-Salinas Transit", "tessellate": -1, "extrude": 0, "visibility": -1 }, "geometry": { "type": "Point", "coordinates": [ -121.824284, 36.636265, 0.0 ] } },
{ "type": "Feature", "properties": { "Name": "Monterey / 6th Army Avenue", "description": "stop_id: 4735\nagency: Monterey-Salinas Transit", "tessellate": -1, "extrude": 0, "visibility": -1 }, "geometry": { "type": "Point", "coordinates": [ -121.810093, 36.642391, 0.0 ] } },
{ "type": "Feature", "properties": { "Name": "Monterey / California", "description": "stop_id: 4740\nagency: Monterey-Salinas Transit", "tessellate": -1, "extrude": 0, "visibility": -1 }, "geometry": { "type": "Point", "coordinates": [ -121.815031, 36.639263, 0.0 ] } },
{ "type": "Feature", "properties": { "Name": "Salinas Airport Business Park", "description": "stop_id: 4800\nagency: Monterey-Salinas Transit", "tessellate": -1, "extrude": 0, "visibility": -1 }, "geometry": { "type": "Point", "coordinates": [ -121.609446, 36.657906, 0.0 ] } },
{ "type": "Feature", "properties": { "Name": "E Alisal / John", "description": "stop_id: 4813\nagency: Monterey-Salinas Transit", "tessellate": -1, "extrude": 0, "visibility": -1 }, "geometry": { "type": "Point", "coordinates": [ -121.619493, 36.672122, 0.0 ] } },
{ "type": "Feature", "properties": { "Name": "E Alisal / Salinas Fairways", "description": "stop_id: 4815\nagency: Monterey-Salinas Transit", "tessellate": -1, "extrude": 0, "visibility": -1 }, "geometry": { "type": "Point", "coordinates": [ -121.617121, 36.672283, 0.0 ] } },
{ "type": "Feature", "properties": { "Name": "E Alisal / Hartnell Alisal Campus", "description": "stop_id: 4820\nagency: Monterey-Salinas Transit", "tessellate": -1, "extrude": 0, "visibility": -1 }, "geometry": { "type": "Point", "coordinates": [ -121.60473, 36.671973, 0.0 ] } },
{ "type": "Feature", "properties": { "Name": "Buckthorn / North Sanborn", "description": "stop_id: 4830\nagency: Monterey-Salinas Transit", "tessellate": -1, "extrude": 0, "visibility": -1 }, "geometry": { "type": "Point", "coordinates": [ -121.598723, 36.693487, 0.0 ] } },
{ "type": "Feature", "properties": { "Name": "Mesquite / Tumbleweed", "description": "stop_id: 4835\nagency: Monterey-Salinas Transit", "tessellate": -1, "extrude": 0, "visibility": -1 }, "geometry": { "type": "Point", "coordinates": [ -121.598648, 36.696579, 0.0 ] } },
{ "type": "Feature", "properties": { "Name": "Moffett / Airport Blvd", "description": "stop_id: 4875\nagency: Monterey-Salinas Transit", "tessellate": -1, "extrude": 0, "visibility": -1 }, "geometry": { "type": "Point", "coordinates": [ -121.619666, 36.662244, 0.0 ] } },
{ "type": "Feature", "properties": { "Name": "Moffett / Salinas Airport", "description": "stop_id: 4880\nagency: Monterey-Salinas Transit", "tessellate": -1, "extrude": 0, "visibility": -1 }, "geometry": { "type": "Point", "coordinates": [ -121.614145, 36.660325, 0.0 ] } },
{ "type": "Feature", "properties": { "Name": "La Guardia / La Guardia", "description": "stop_id: 4885\nagency: Monterey-Salinas Transit", "tessellate": -1, "extrude": 0, "visibility": -1 }, "geometry": { "type": "Point", "coordinates": [ -121.611056, 36.659793, 0.0 ] } },
{ "type": "Feature", "properties": { "Name": "Lighthouse /  Eardley", "description": "stop_id: 5001\nagency: Monterey-Salinas Transit", "tessellate": -1, "extrude": 0, "visibility": -1 }, "geometry": { "type": "Point", "coordinates": [ -121.906003, 36.616885, 0.0 ] } },
{ "type": "Feature", "properties": { "Name": "Lighthouse /  1st", "description": "stop_id: 5004\nagency: Monterey-Salinas Transit", "tessellate": -1, "extrude": 0, "visibility": -1 }, "geometry": { "type": "Point", "coordinates": [ -121.907818, 36.618413, 0.0 ] } },
{ "type": "Feature", "properties": { "Name": "Lighthouse /  4th", "description": "stop_id: 5007\nagency: Monterey-Salinas Transit", "tessellate": -1, "extrude": 0, "visibility": -1 }, "geometry": { "type": "Point", "coordinates": [ -121.909621, 36.619039, 0.0 ] } },
{ "type": "Feature", "properties": { "Name": "Lighthouse /  8th", "description": "stop_id: 5010\nagency: Monterey-Salinas Transit", "tessellate": -1, "extrude": 0, "visibility": -1 }, "geometry": { "type": "Point", "coordinates": [ -121.911748, 36.619272, 0.0 ] } },
{ "type": "Feature", "properties": { "Name": "Lighthouse /  Carmel", "description": "stop_id: 5013\nagency: Monterey-Salinas Transit", "tessellate": -1, "extrude": 0, "visibility": -1 }, "geometry": { "type": "Point", "coordinates": [ -121.914422, 36.619792, 0.0 ] } },
{ "type": "Feature", "properties": { "Name": "Lighthouse / Fountain", "description": "stop_id: 5015\nagency: Monterey-Salinas Transit", "tessellate": -1, "extrude": 0, "visibility": -1 }, "geometry": { "type": "Point", "coordinates": [ -121.916383, 36.620586, 0.0 ] } },
{ "type": "Feature", "properties": { "Name": "Lighthouse / 19th", "description": "stop_id: 5016\nagency: Monterey-Salinas Transit", "tessellate": -1, "extrude": 0, "visibility": -1 }, "geometry": { "type": "Point", "coordinates": [ -121.91956, 36.621928, 0.0 ] } },
{ "type": "Feature", "properties": { "Name": "Lighthouse /  Congress", "description": "stop_id: 5019\nagency: Monterey-Salinas Transit", "tessellate": -1, "extrude": 0, "visibility": -1 }, "geometry": { "type": "Point", "coordinates": [ -121.920532, 36.622253, 0.0 ] } },
{ "type": "Feature", "properties": { "Name": "Lighthouse /  17th", "description": "stop_id: 5022\nagency: Monterey-Salinas Transit", "tessellate": -1, "extrude": 0, "visibility": -1 }, "geometry": { "type": "Point", "coordinates": [ -121.918953, 36.621507, 0.0 ] } },
{ "type": "Feature", "properties": { "Name": "Lighthouse /  Fountain", "description": "stop_id: 5024\nagency: Monterey-Salinas Transit", "tessellate": -1, "extrude": 0, "visibility": -1 }, "geometry": { "type": "Point", "coordinates": [ -121.916281, 36.620348, 0.0 ] } },
{ "type": "Feature", "properties": { "Name": "Lighthouse /  12th", "description": "stop_id: 5025\nagency: Monterey-Salinas Transit", "tessellate": -1, "extrude": 0, "visibility": -1 }, "geometry": { "type": "Point", "coordinates": [ -121.914555, 36.619618, 0.0 ] } },
{ "type": "Feature", "properties": { "Name": "Lighthouse /  10th", "description": "stop_id: 5028\nagency: Monterey-Salinas Transit", "tessellate": -1, "extrude": 0, "visibility": -1 }, "geometry": { "type": "Point", "coordinates": [ -121.912376, 36.619147, 0.0 ] } },
{ "type": "Feature", "properties": { "Name": "Lighthouse /  5th", "description": "stop_id: 5031\nagency: Monterey-Salinas Transit", "tessellate": -1, "extrude": 0, "visibility": -1 }, "geometry": { "type": "Point", "coordinates": [ -121.910117, 36.618911, 0.0 ] } },
{ "type": "Feature", "properties": { "Name": "Lighthouse /  1st", "description": "stop_id: 5034\nagency: Monterey-Salinas Transit", "tessellate": -1, "extrude": 0, "visibility": -1 }, "geometry": { "type": "Point", "coordinates": [ -121.90813, 36.618335, 0.0 ] } },
{ "type": "Feature", "properties": { "Name": "Lighthouse /  Eardley", "description": "stop_id: 5037\nagency: Monterey-Salinas Transit", "tessellate": -1, "extrude": 0, "visibility": -1 }, "geometry": { "type": "Point", "coordinates": [ -121.906344, 36.616955, 0.0 ] } },
{ "type": "Feature", "properties": { "Name": "Forest /  Forest Hill", "description": "stop_id: 5040\nagency: Monterey-Salinas Transit", "tessellate": -1, "extrude": 0, "visibility": -1 }, "geometry": { "type": "Point", "coordinates": [ -121.922439, 36.607344, 0.0 ] } },
{ "type": "Feature", "properties": { "Name": "Hartnell College Parking Garage", "description": "stop_id: 5102\nagency: Monterey-Salinas Transit", "tessellate": -1, "extrude": 0, "visibility": -1 }, "geometry": { "type": "Point", "coordinates": [ -121.666291, 36.674455, 0.0 ] } },
{ "type": "Feature", "properties": { "Name": "San Carlos /  9th", "description": "stop_id: 5207\nagency: Monterey-Salinas Transit", "tessellate": -1, "extrude": 0, "visibility": -1 }, "geometry": { "type": "Point", "coordinates": [ -121.921842, 36.551096, 0.0 ] } },
{ "type": "Feature", "properties": { "Name": "San Carlos /  11th", "description": "stop_id: 5210\nagency: Monterey-Salinas Transit", "tessellate": -1, "extrude": 0, "visibility": -1 }, "geometry": { "type": "Point", "coordinates": [ -121.921885, 36.548769, 0.0 ] } },
{ "type": "Feature", "properties": { "Name": "San Carlos /  13th", "description": "stop_id: 5213\nagency: Monterey-Salinas Transit", "tessellate": -1, "extrude": 0, "visibility": -1 }, "geometry": { "type": "Point", "coordinates": [ -121.921793, 36.546452, 0.0 ] } },
{ "type": "Feature", "properties": { "Name": "Rio Road /  Lasuen", "description": "stop_id: 5216\nagency: Monterey-Salinas Transit", "tessellate": -1, "extrude": 0, "visibility": -1 }, "geometry": { "type": "Point", "coordinates": [ -121.919621, 36.544036, 0.0 ] } },
{ "type": "Feature", "properties": { "Name": "Rio Road /  Atherton", "description": "stop_id: 5219\nagency: Monterey-Salinas Transit", "tessellate": -1, "extrude": 0, "visibility": -1 }, "geometry": { "type": "Point", "coordinates": [ -121.917308, 36.542074, 0.0 ] } },
{ "type": "Feature", "properties": { "Name": "Rio Road /  Oliver", "description": "stop_id: 5222\nagency: Monterey-Salinas Transit", "tessellate": -1, "extrude": 0, "visibility": -1 }, "geometry": { "type": "Point", "coordinates": [ -121.912158, 36.540379, 0.0 ] } },
{ "type": "Feature", "properties": { "Name": "Rio Road /  Oliver", "description": "stop_id: 5225\nagency: Monterey-Salinas Transit", "tessellate": -1, "extrude": 0, "visibility": -1 }, "geometry": { "type": "Point", "coordinates": [ -121.912699, 36.54076, 0.0 ] } },
{ "type": "Feature", "properties": { "Name": "Rio Road /  Atherton", "description": "stop_id: 5228\nagency: Monterey-Salinas Transit", "tessellate": -1, "extrude": 0, "visibility": -1 }, "geometry": { "type": "Point", "coordinates": [ -121.917219, 36.542203, 0.0 ] } },
{ "type": "Feature", "properties": { "Name": "Rio Road /  Lasuen", "description": "stop_id: 5231\nagency: Monterey-Salinas Transit", "tessellate": -1, "extrude": 0, "visibility": -1 }, "geometry": { "type": "Point", "coordinates": [ -121.91911, 36.54333, 0.0 ] } },
{ "type": "Feature", "properties": { "Name": "Rio Road /  Via Nona Marie", "description": "stop_id: 5233\nagency: Monterey-Salinas Transit", "tessellate": -1, "extrude": 0, "visibility": -1 }, "geometry": { "type": "Point", "coordinates": [ -121.906479, 36.538207, 0.0 ] } },
{ "type": "Feature", "properties": { "Name": "13th /  San Carlos", "description": "stop_id: 5234\nagency: Monterey-Salinas Transit", "tessellate": -1, "extrude": 0, "visibility": -1 }, "geometry": { "type": "Point", "coordinates": [ -121.921665, 36.546457, 0.0 ] } },
{ "type": "Feature", "properties": { "Name": "San Carlos /  11th", "description": "stop_id: 5237\nagency: Monterey-Salinas Transit", "tessellate": -1, "extrude": 0, "visibility": -1 }, "geometry": { "type": "Point", "coordinates": [ -121.921774, 36.549012, 0.0 ] } },
{ "type": "Feature", "properties": { "Name": "San Carlos /  Sunset Center Drvwy", "description": "stop_id: 5240\nagency: Monterey-Salinas Transit", "tessellate": -1, "extrude": 0, "visibility": -1 }, "geometry": { "type": "Point", "coordinates": [ -121.921783, 36.551008, 0.0 ] } },
{ "type": "Feature", "properties": { "Name": "Carpenter /  Lower Trail", "description": "stop_id: 5245\nagency: Monterey-Salinas Transit", "tessellate": -1, "extrude": 0, "visibility": -1 }, "geometry": { "type": "Point", "coordinates": [ -121.913815, 36.566056, 0.0 ] } },
{ "type": "Feature", "properties": { "Name": "Serra /  Guadalupe", "description": "stop_id: 5248\nagency: Monterey-Salinas Transit", "tessellate": -1, "extrude": 0, "visibility": -1 }, "geometry": { "type": "Point", "coordinates": [ -121.917737, 36.565501, 0.0 ] } },
{ "type": "Feature", "properties": { "Name": "Camino Del Monte /  Serra", "description": "stop_id: 5251\nagency: Monterey-Salinas Transit", "tessellate": -1, "extrude": 0, "visibility": -1 }, "geometry": { "type": "Point", "coordinates": [ -121.91924, 36.564571, 0.0 ] } },
{ "type": "Feature", "properties": { "Name": "Junipero /  2nd", "description": "stop_id: 5254\nagency: Monterey-Salinas Transit", "tessellate": -1, "extrude": 0, "visibility": -1 }, "geometry": { "type": "Point", "coordinates": [ -121.920026, 36.560684, 0.0 ] } },
{ "type": "Feature", "properties": { "Name": "Junipero /  3rd", "description": "stop_id: 5255\nagency: Monterey-Salinas Transit", "tessellate": -1, "extrude": 0, "visibility": -1 }, "geometry": { "type": "Point", "coordinates": [ -121.920059, 36.55947, 0.0 ] } },
{ "type": "Feature", "properties": { "Name": "Junipero /  4th & 5th", "description": "stop_id: 5257\nagency: Monterey-Salinas Transit", "tessellate": -1, "extrude": 0, "visibility": -1 }, "geometry": { "type": "Point", "coordinates": [ -121.920104, 36.557722, 0.0 ] } },
{ "type": "Feature", "properties": { "Name": "Junipero /  4th", "description": "stop_id: 5259\nagency: Monterey-Salinas Transit", "tessellate": -1, "extrude": 0, "visibility": -1 }, "geometry": { "type": "Point", "coordinates": [ -121.919905, 36.558232, 0.0 ] } },
{ "type": "Feature", "properties": { "Name": "Junipero /  2nd", "description": "stop_id: 5263\nagency: Monterey-Salinas Transit", "tessellate": -1, "extrude": 0, "visibility": -1 }, "geometry": { "type": "Point", "coordinates": [ -121.91992, 36.560501, 0.0 ] } },
{ "type": "Feature", "properties": { "Name": "Camino Del Monte /  Santa Fe", "description": "stop_id: 5266\nagency: Monterey-Salinas Transit", "tessellate": -1, "extrude": 0, "visibility": -1 }, "geometry": { "type": "Point", "coordinates": [ -121.918607, 36.563818, 0.0 ] } },
{ "type": "Feature", "properties": { "Name": "Serra /  Santa Rita", "description": "stop_id: 5269\nagency: Monterey-Salinas Transit", "tessellate": -1, "extrude": 0, "visibility": -1 }, "geometry": { "type": "Point", "coordinates": [ -121.918324, 36.565304, 0.0 ] } },
{ "type": "Feature", "properties": { "Name": "Serra /  Cabrillo", "description": "stop_id: 5272\nagency: Monterey-Salinas Transit", "tessellate": -1, "extrude": 0, "visibility": -1 }, "geometry": { "type": "Point", "coordinates": [ -121.916063, 36.565479, 0.0 ] } },
{ "type": "Feature", "properties": { "Name": "Noche Buena / Hilby Avenue", "description": "stop_id: 5401\nagency: Monterey-Salinas Transit", "tessellate": -1, "extrude": 0, "visibility": -1 }, "geometry": { "type": "Point", "coordinates": [ -121.837877, 36.602609, 0.0 ] } },
{ "type": "Feature", "properties": { "Name": "Noche Buena / Wanda", "description": "stop_id: 5404\nagency: Monterey-Salinas Transit", "tessellate": -1, "extrude": 0, "visibility": -1 }, "geometry": { "type": "Point", "coordinates": [ -121.837836, 36.604031, 0.0 ] } },
{ "type": "Feature", "properties": { "Name": "Noche Buena / Sonoma Avenue", "description": "stop_id: 5407\nagency: Monterey-Salinas Transit", "tessellate": -1, "extrude": 0, "visibility": -1 }, "geometry": { "type": "Point", "coordinates": [ -121.83776, 36.605923, 0.0 ] } },
{ "type": "Feature", "properties": { "Name": "Broadway /  Noche Buena", "description": "stop_id: 5410\nagency: Monterey-Salinas Transit", "tessellate": -1, "extrude": 0, "visibility": -1 }, "geometry": { "type": "Point", "coordinates": [ -121.83722, 36.608911, 0.0 ] } },
{ "type": "Feature", "properties": { "Name": "Broadway /  Flores", "description": "stop_id: 5413\nagency: Monterey-Salinas Transit", "tessellate": -1, "extrude": 0, "visibility": -1 }, "geometry": { "type": "Point", "coordinates": [ -121.834132, 36.608844, 0.0 ] } },
{ "type": "Feature", "properties": { "Name": "Broadway /  Vallejo", "description": "stop_id: 5416\nagency: Monterey-Salinas Transit", "tessellate": -1, "extrude": 0, "visibility": -1 }, "geometry": { "type": "Point", "coordinates": [ -121.831751, 36.608803, 0.0 ] } },
{ "type": "Feature", "properties": { "Name": "Broadway / 1650 Broadway", "description": "stop_id: 5420\nagency: Monterey-Salinas Transit", "tessellate": -1, "extrude": 0, "visibility": -1 }, "geometry": { "type": "Point", "coordinates": [ -121.827572, 36.608779, 0.0 ] } },
{ "type": "Feature", "properties": { "Name": "Fremont /  Canyon Del Rey", "description": "stop_id: 5422\nagency: Monterey-Salinas Transit", "tessellate": -1, "extrude": 0, "visibility": -1 }, "geometry": { "type": "Point", "coordinates": [ -121.851217, 36.598698, 0.0 ] } },
{ "type": "Feature", "properties": { "Name": "Fremont / Ord Grove", "description": "stop_id: 5425\nagency: Monterey-Salinas Transit", "tessellate": -1, "extrude": 0, "visibility": -1 }, "geometry": { "type": "Point", "coordinates": [ -121.840803, 36.619081, 0.0 ] } },
{ "type": "Feature", "properties": { "Name": "Fremont /  Charles", "description": "stop_id: 5428\nagency: Monterey-Salinas Transit", "tessellate": -1, "extrude": 0, "visibility": -1 }, "geometry": { "type": "Point", "coordinates": [ -121.850144, 36.599933, 0.0 ] } },
{ "type": "Feature", "properties": { "Name": "Fremont /  Ord Grove", "description": "stop_id: 5431\nagency: Monterey-Salinas Transit", "tessellate": -1, "extrude": 0, "visibility": -1 }, "geometry": { "type": "Point", "coordinates": [ -121.84054, 36.619182, 0.0 ] } },
{ "type": "Feature", "properties": { "Name": "Del Monte /  Canyon Del Rey", "description": "stop_id: 5437\nagency: Monterey-Salinas Transit", "tessellate": -1, "extrude": 0, "visibility": -1 }, "geometry": { "type": "Point", "coordinates": [ -121.855218, 36.607787, 0.0 ] } },
{ "type": "Feature", "properties": { "Name": "Del Monte /  Broadway", "description": "stop_id: 5440\nagency: Monterey-Salinas Transit", "tessellate": -1, "extrude": 0, "visibility": -1 }, "geometry": { "type": "Point", "coordinates": [ -121.852145, 36.609668, 0.0 ] } },
{ "type": "Feature", "properties": { "Name": "Del Monte /  Clementina", "description": "stop_id: 5443\nagency: Monterey-Salinas Transit", "tessellate": -1, "extrude": 0, "visibility": -1 }, "geometry": { "type": "Point", "coordinates": [ -121.848742, 36.61138, 0.0 ] } },
{ "type": "Feature", "properties": { "Name": "Del Monte / Auto Center", "description": "stop_id: 5452\nagency: Monterey-Salinas Transit", "tessellate": -1, "extrude": 0, "visibility": -1 }, "geometry": { "type": "Point", "coordinates": [ -121.843478, 36.616952, 0.0 ] } },
{ "type": "Feature", "properties": { "Name": "Playa / Sand City Station", "description": "stop_id: 5460\nagency: Monterey-Salinas Transit", "tessellate": -1, "extrude": 0, "visibility": -1 }, "geometry": { "type": "Point", "coordinates": [ -121.843906, 36.619279, 0.0 ] } },
{ "type": "Feature", "properties": { "Name": "Del Monte /  Tioga", "description": "stop_id: 5463\nagency: Monterey-Salinas Transit", "tessellate": -1, "extrude": 0, "visibility": -1 }, "geometry": { "type": "Point", "coordinates": [ -121.844356, 36.615679, 0.0 ] } },
{ "type": "Feature", "properties": { "Name": "Del Monte /  1688 Del Monte", "description": "stop_id: 5467\nagency: Monterey-Salinas Transit", "tessellate": -1, "extrude": 0, "visibility": -1 }, "geometry": { "type": "Point", "coordinates": [ -121.849238, 36.611234, 0.0 ] } },
{ "type": "Feature", "properties": { "Name": "Playa /  Metz", "description": "stop_id: 5468\nagency: Monterey-Salinas Transit", "tessellate": -1, "extrude": 0, "visibility": -1 }, "geometry": { "type": "Point", "coordinates": [ -121.845591, 36.620127, 0.0 ] } },
{ "type": "Feature", "properties": { "Name": "Del Monte /  Contra Costa", "description": "stop_id: 5470\nagency: Monterey-Salinas Transit", "tessellate": -1, "extrude": 0, "visibility": -1 }, "geometry": { "type": "Point", "coordinates": [ -121.851791, 36.610052, 0.0 ] } },
{ "type": "Feature", "properties": { "Name": "Del Monte Blvd /  Reindollar Ave", "description": "stop_id: 5800\nagency: Monterey-Salinas Transit", "tessellate": -1, "extrude": 0, "visibility": -1 }, "geometry": { "type": "Point", "coordinates": [ -121.805567, 36.681164, 0.0 ] } },
{ "type": "Feature", "properties": { "Name": "Del Monte Blvd / Cypress Ave", "description": "stop_id: 5801\nagency: Monterey-Salinas Transit", "tessellate": -1, "extrude": 0, "visibility": -1 }, "geometry": { "type": "Point", "coordinates": [ -121.80434, 36.682491, 0.0 ] } },
{ "type": "Feature", "properties": { "Name": "Reservation Rd /  Vista Del Camino Cir", "description": "stop_id: 5810\nagency: Monterey-Salinas Transit", "tessellate": -1, "extrude": 0, "visibility": -1 }, "geometry": { "type": "Point", "coordinates": [ -121.797378, 36.686407, 0.0 ] } },
{ "type": "Feature", "properties": { "Name": "Reservation Rd/  Seacrest Ave", "description": "stop_id: 5811\nagency: Monterey-Salinas Transit", "tessellate": -1, "extrude": 0, "visibility": -1 }, "geometry": { "type": "Point", "coordinates": [ -121.795728, 36.685621, 0.0 ] } },
{ "type": "Feature", "properties": { "Name": "De Forest / Reservation", "description": "stop_id: 5817\nagency: Monterey-Salinas Transit", "tessellate": -1, "extrude": 0, "visibility": -1 }, "geometry": { "type": "Point", "coordinates": [ -121.793186, 36.68496, 0.0 ] } },
{ "type": "Feature", "properties": { "Name": "Reservation /  Vista Del Camino", "description": "stop_id: 5819\nagency: Monterey-Salinas Transit", "tessellate": -1, "extrude": 0, "visibility": -1 }, "geometry": { "type": "Point", "coordinates": [ -121.797826, 36.686932, 0.0 ] } },
{ "type": "Feature", "properties": { "Name": "Del Monte /  Palm", "description": "stop_id: 5825\nagency: Monterey-Salinas Transit", "tessellate": -1, "extrude": 0, "visibility": -1 }, "geometry": { "type": "Point", "coordinates": [ -121.804186, 36.683084, 0.0 ] } },
{ "type": "Feature", "properties": { "Name": "Reservation /  California", "description": "stop_id: 5829\nagency: Monterey-Salinas Transit", "tessellate": -1, "extrude": 0, "visibility": -1 }, "geometry": { "type": "Point", "coordinates": [ -121.784422, 36.680517, 0.0 ] } },
{ "type": "Feature", "properties": { "Name": "Reservation /  # 365", "description": "stop_id: 5832\nagency: Monterey-Salinas Transit", "tessellate": -1, "extrude": 0, "visibility": -1 }, "geometry": { "type": "Point", "coordinates": [ -121.787882, 36.682171, 0.0 ] } },
{ "type": "Feature", "properties": { "Name": "Reservation /  Crescent", "description": "stop_id: 5834\nagency: Monterey-Salinas Transit", "tessellate": -1, "extrude": 0, "visibility": -1 }, "geometry": { "type": "Point", "coordinates": [ -121.791548, 36.683683, 0.0 ] } },
{ "type": "Feature", "properties": { "Name": "Reservation /  Crescent", "description": "stop_id: 5835\nagency: Monterey-Salinas Transit", "tessellate": -1, "extrude": 0, "visibility": -1 }, "geometry": { "type": "Point", "coordinates": [ -121.792117, 36.684198, 0.0 ] } },
{ "type": "Feature", "properties": { "Name": "Reservation /  Marina Square", "description": "stop_id: 5836\nagency: Monterey-Salinas Transit", "tessellate": -1, "extrude": 0, "visibility": -1 }, "geometry": { "type": "Point", "coordinates": [ -121.794861, 36.685526, 0.0 ] } },
{ "type": "Feature", "properties": { "Name": "Reservation /  El Rancho", "description": "stop_id: 5837\nagency: Monterey-Salinas Transit", "tessellate": -1, "extrude": 0, "visibility": -1 }, "geometry": { "type": "Point", "coordinates": [ -121.788533, 36.682268, 0.0 ] } },
{ "type": "Feature", "properties": { "Name": "Reservation /  California", "description": "stop_id: 5840\nagency: Monterey-Salinas Transit", "tessellate": -1, "extrude": 0, "visibility": -1 }, "geometry": { "type": "Point", "coordinates": [ -121.785394, 36.680747, 0.0 ] } },
{ "type": "Feature", "properties": { "Name": "Salinas Intermodal Transit Center", "description": "stop_id: 6004\nagency: Monterey-Salinas Transit", "tessellate": -1, "extrude": 0, "visibility": -1 }, "geometry": { "type": "Point", "coordinates": [ -121.656675, 36.678937, 0.0 ] } },
{ "type": "Feature", "properties": { "Name": "N Main /  Rossi", "description": "stop_id: 6010\nagency: Monterey-Salinas Transit", "tessellate": -1, "extrude": 0, "visibility": -1 }, "geometry": { "type": "Point", "coordinates": [ -121.654107, 36.680583, 0.0 ] } },
{ "type": "Feature", "properties": { "Name": "N Main /  Casentini", "description": "stop_id: 6013\nagency: Monterey-Salinas Transit", "tessellate": -1, "extrude": 0, "visibility": -1 }, "geometry": { "type": "Point", "coordinates": [ -121.65264, 36.684983, 0.0 ] } },
{ "type": "Feature", "properties": { "Name": "N Main /  Bernal", "description": "stop_id: 6016\nagency: Monterey-Salinas Transit", "tessellate": -1, "extrude": 0, "visibility": -1 }, "geometry": { "type": "Point", "coordinates": [ -121.652249, 36.690251, 0.0 ] } },
{ "type": "Feature", "properties": { "Name": "Lincoln Ave /  W Market St", "description": "stop_id: 6018\nagency: Monterey-Salinas Transit", "tessellate": -1, "extrude": 0, "visibility": -1 }, "geometry": { "type": "Point", "coordinates": [ -121.657645, 36.677795, 0.0 ] } },
{ "type": "Feature", "properties": { "Name": "N Main /  Iris", "description": "stop_id: 6019\nagency: Monterey-Salinas Transit", "tessellate": -1, "extrude": 0, "visibility": -1 }, "geometry": { "type": "Point", "coordinates": [ -121.651997, 36.693384, 0.0 ] } },
{ "type": "Feature", "properties": { "Name": "N Main /  Laurel", "description": "stop_id: 6022\nagency: Monterey-Salinas Transit", "tessellate": -1, "extrude": 0, "visibility": -1 }, "geometry": { "type": "Point", "coordinates": [ -121.651883, 36.699698, 0.0 ] } },
{ "type": "Feature", "properties": { "Name": "N Main /  Curtis", "description": "stop_id: 6025\nagency: Monterey-Salinas Transit", "tessellate": -1, "extrude": 0, "visibility": -1 }, "geometry": { "type": "Point", "coordinates": [ -121.652376, 36.702254, 0.0 ] } },
{ "type": "Feature", "properties": { "Name": "N Main /  Chaparral", "description": "stop_id: 6028\nagency: Monterey-Salinas Transit", "tessellate": -1, "extrude": 0, "visibility": -1 }, "geometry": { "type": "Point", "coordinates": [ -121.652773, 36.704259, 0.0 ] } },
{ "type": "Feature", "properties": { "Name": "Lincoln / Salinas City Hall", "description": "stop_id: 6029\nagency: Monterey-Salinas Transit", "tessellate": -1, "extrude": 0, "visibility": -1 }, "geometry": { "type": "Point", "coordinates": [ -121.656948, 36.674206, 0.0 ] } },
{ "type": "Feature", "properties": { "Name": "N Main /  Alvin", "description": "stop_id: 6031\nagency: Monterey-Salinas Transit", "tessellate": -1, "extrude": 0, "visibility": -1 }, "geometry": { "type": "Point", "coordinates": [ -121.653397, 36.707585, 0.0 ] } },
{ "type": "Feature", "properties": { "Name": "N Main St /  Harden Pkwy", "description": "stop_id: 6033\nagency: Monterey-Salinas Transit", "tessellate": -1, "extrude": 0, "visibility": -1 }, "geometry": { "type": "Point", "coordinates": [ -121.654568, 36.713859, 0.0 ] } },
{ "type": "Feature", "properties": { "Name": "N Main St /  Bank of America", "description": "stop_id: 6037\nagency: Monterey-Salinas Transit", "tessellate": -1, "extrude": 0, "visibility": -1 }, "geometry": { "type": "Point", "coordinates": [ -121.656021, 36.7197, 0.0 ] } },
{ "type": "Feature", "properties": { "Name": "N Main St /  Firestone", "description": "stop_id: 6040\nagency: Monterey-Salinas Transit", "tessellate": -1, "extrude": 0, "visibility": -1 }, "geometry": { "type": "Point", "coordinates": [ -121.655394, 36.716407, 0.0 ] } },
{ "type": "Feature", "properties": { "Name": "N Main St /  Big 5 Sporting Goods", "description": "stop_id: 6043\nagency: Monterey-Salinas Transit", "tessellate": -1, "extrude": 0, "visibility": -1 }, "geometry": { "type": "Point", "coordinates": [ -121.655039, 36.714401, 0.0 ] } },
{ "type": "Feature", "properties": { "Name": "N Main /  Alvin", "description": "stop_id: 6046\nagency: Monterey-Salinas Transit", "tessellate": -1, "extrude": 0, "visibility": -1 }, "geometry": { "type": "Point", "coordinates": [ -121.653545, 36.706723, 0.0 ] } },
{ "type": "Feature", "properties": { "Name": "N Main /  Chaparral", "description": "stop_id: 6049\nagency: Monterey-Salinas Transit", "tessellate": -1, "extrude": 0, "visibility": -1 }, "geometry": { "type": "Point", "coordinates": [ -121.653028, 36.704189, 0.0 ] } },
{ "type": "Feature", "properties": { "Name": "N Main /  Curtis", "description": "stop_id: 6050\nagency: Monterey-Salinas Transit", "tessellate": -1, "extrude": 0, "visibility": -1 }, "geometry": { "type": "Point", "coordinates": [ -121.652519, 36.701541, 0.0 ] } },
{ "type": "Feature", "properties": { "Name": "N Main /  Laurel", "description": "stop_id: 6055\nagency: Monterey-Salinas Transit", "tessellate": -1, "extrude": 0, "visibility": -1 }, "geometry": { "type": "Point", "coordinates": [ -121.651977, 36.698911, 0.0 ] } },
{ "type": "Feature", "properties": { "Name": "N Main /  Iris", "description": "stop_id: 6058\nagency: Monterey-Salinas Transit", "tessellate": -1, "extrude": 0, "visibility": -1 }, "geometry": { "type": "Point", "coordinates": [ -121.652244, 36.693682, 0.0 ] } },
{ "type": "Feature", "properties": { "Name": "N Main /  Bernal", "description": "stop_id: 6061\nagency: Monterey-Salinas Transit", "tessellate": -1, "extrude": 0, "visibility": -1 }, "geometry": { "type": "Point", "coordinates": [ -121.652491, 36.690221, 0.0 ] } },
{ "type": "Feature", "properties": { "Name": "N Main /  Casentini", "description": "stop_id: 6064\nagency: Monterey-Salinas Transit", "tessellate": -1, "extrude": 0, "visibility": -1 }, "geometry": { "type": "Point", "coordinates": [ -121.653172, 36.683906, 0.0 ] } },
{ "type": "Feature", "properties": { "Name": "N Main St/  W Rossi St", "description": "stop_id: 6067\nagency: Monterey-Salinas Transit", "tessellate": -1, "extrude": 0, "visibility": -1 }, "geometry": { "type": "Point", "coordinates": [ -121.654362, 36.680725, 0.0 ] } },
{ "type": "Feature", "properties": { "Name": "Lincoln /  West Market", "description": "stop_id: 6068\nagency: Monterey-Salinas Transit", "tessellate": -1, "extrude": 0, "visibility": -1 }, "geometry": { "type": "Point", "coordinates": [ -121.657838, 36.677937, 0.0 ] } },
{ "type": "Feature", "properties": { "Name": "E Alisal / Monterey", "description": "stop_id: 6078\nagency: Monterey-Salinas Transit", "tessellate": -1, "extrude": 0, "visibility": -1 }, "geometry": { "type": "Point", "coordinates": [ -121.6534, 36.674091, 0.0 ] } },
{ "type": "Feature", "properties": { "Name": "E Alisal /  Monterey", "description": "stop_id: 6079\nagency: Monterey-Salinas Transit", "tessellate": -1, "extrude": 0, "visibility": -1 }, "geometry": { "type": "Point", "coordinates": [ -121.653981, 36.673823, 0.0 ] } },
{ "type": "Feature", "properties": { "Name": "E Alisal /  Soledad", "description": "stop_id: 6082\nagency: Monterey-Salinas Transit", "tessellate": -1, "extrude": 0, "visibility": -1 }, "geometry": { "type": "Point", "coordinates": [ -121.651299, 36.674255, 0.0 ] } },
{ "type": "Feature", "properties": { "Name": "E Alisal /  Front", "description": "stop_id: 6085\nagency: Monterey-Salinas Transit", "tessellate": -1, "extrude": 0, "visibility": -1 }, "geometry": { "type": "Point", "coordinates": [ -121.64955, 36.674474, 0.0 ] } },
{ "type": "Feature", "properties": { "Name": "E Alisal /  California", "description": "stop_id: 6094\nagency: Monterey-Salinas Transit", "tessellate": -1, "extrude": 0, "visibility": -1 }, "geometry": { "type": "Point", "coordinates": [ -121.650121, 36.674601, 0.0 ] } },
{ "type": "Feature", "properties": { "Name": "E Alisal /  Soledad", "description": "stop_id: 6097\nagency: Monterey-Salinas Transit", "tessellate": -1, "extrude": 0, "visibility": -1 }, "geometry": { "type": "Point", "coordinates": [ -121.651797, 36.674354, 0.0 ] } },
{ "type": "Feature", "properties": { "Name": "E Market /  Peach", "description": "stop_id: 6100\nagency: Monterey-Salinas Transit", "tessellate": -1, "extrude": 0, "visibility": -1 }, "geometry": { "type": "Point", "coordinates": [ -121.647311, 36.678664, 0.0 ] } },
{ "type": "Feature", "properties": { "Name": "E Market /  Griffin", "description": "stop_id: 6103\nagency: Monterey-Salinas Transit", "tessellate": -1, "extrude": 0, "visibility": -1 }, "geometry": { "type": "Point", "coordinates": [ -121.644569, 36.678818, 0.0 ] } },
{ "type": "Feature", "properties": { "Name": "E Market /  Merced", "description": "stop_id: 6106\nagency: Monterey-Salinas Transit", "tessellate": -1, "extrude": 0, "visibility": -1 }, "geometry": { "type": "Point", "coordinates": [ -121.642543, 36.678093, 0.0 ] } },
{ "type": "Feature", "properties": { "Name": "E Market /  Kern", "description": "stop_id: 6109\nagency: Monterey-Salinas Transit", "tessellate": -1, "extrude": 0, "visibility": -1 }, "geometry": { "type": "Point", "coordinates": [ -121.639845, 36.677283, 0.0 ] } },
{ "type": "Feature", "properties": { "Name": "E Market /  Madeira", "description": "stop_id: 6112\nagency: Monterey-Salinas Transit", "tessellate": -1, "extrude": 0, "visibility": -1 }, "geometry": { "type": "Point", "coordinates": [ -121.637767, 36.677059, 0.0 ] } },
{ "type": "Feature", "properties": { "Name": "E Market /  Wood", "description": "stop_id: 6115\nagency: Monterey-Salinas Transit", "tessellate": -1, "extrude": 0, "visibility": -1 }, "geometry": { "type": "Point", "coordinates": [ -121.635, 36.676819, 0.0 ] } },
{ "type": "Feature", "properties": { "Name": "Del Monte /  Burke", "description": "stop_id: 6124\nagency: Monterey-Salinas Transit", "tessellate": -1, "extrude": 0, "visibility": -1 }, "geometry": { "type": "Point", "coordinates": [ -121.606543, 36.683883, 0.0 ] } },
{ "type": "Feature", "properties": { "Name": "E Market /  Carr", "description": "stop_id: 6127\nagency: Monterey-Salinas Transit", "tessellate": -1, "extrude": 0, "visibility": -1 }, "geometry": { "type": "Point", "coordinates": [ -121.635716, 36.677014, 0.0 ] } },
{ "type": "Feature", "properties": { "Name": "E Market /  Kern", "description": "stop_id: 6130\nagency: Monterey-Salinas Transit", "tessellate": -1, "extrude": 0, "visibility": -1 }, "geometry": { "type": "Point", "coordinates": [ -121.639776, 36.67742, 0.0 ] } },
{ "type": "Feature", "properties": { "Name": "E Market /  Merced", "description": "stop_id: 6133\nagency: Monterey-Salinas Transit", "tessellate": -1, "extrude": 0, "visibility": -1 }, "geometry": { "type": "Point", "coordinates": [ -121.642791, 36.678347, 0.0 ] } },
{ "type": "Feature", "properties": { "Name": "E Market /  Simas", "description": "stop_id: 6136\nagency: Monterey-Salinas Transit", "tessellate": -1, "extrude": 0, "visibility": -1 }, "geometry": { "type": "Point", "coordinates": [ -121.645322, 36.67903, 0.0 ] } },
{ "type": "Feature", "properties": { "Name": "E Market /  Peach", "description": "stop_id: 6139\nagency: Monterey-Salinas Transit", "tessellate": -1, "extrude": 0, "visibility": -1 }, "geometry": { "type": "Point", "coordinates": [ -121.647471, 36.678722, 0.0 ] } },
{ "type": "Feature", "properties": { "Name": "Salinas / 344 Salinas", "description": "stop_id: 6145\nagency: Monterey-Salinas Transit", "tessellate": -1, "extrude": 0, "visibility": -1 }, "geometry": { "type": "Point", "coordinates": [ -121.655982, 36.672914, 0.0 ] } },
{ "type": "Feature", "properties": { "Name": "E Romie Ln / California", "description": "stop_id: 6154\nagency: Monterey-Salinas Transit", "tessellate": -1, "extrude": 0, "visibility": -1 }, "geometry": { "type": "Point", "coordinates": [ -121.65246, 36.661388, 0.0 ] } },
{ "type": "Feature", "properties": { "Name": "N Main St / 1890 N Main St", "description": "stop_id: 6184\nagency: Monterey-Salinas Transit", "tessellate": -1, "extrude": 0, "visibility": -1 }, "geometry": { "type": "Point", "coordinates": [ -121.655586, 36.718718, 0.0 ] } },
{ "type": "Feature", "properties": { "Name": "Gigling /  Gen Moore Blvd", "description": "stop_id: 6401\nagency: Monterey-Salinas Transit", "tessellate": -1, "extrude": 0, "visibility": -1 }, "geometry": { "type": "Point", "coordinates": [ -121.808716, 36.644136, 0.0 ] } },
{ "type": "Feature", "properties": { "Name": "Gigling / California", "description": "stop_id: 6409\nagency: Monterey-Salinas Transit", "tessellate": -1, "extrude": 0, "visibility": -1 }, "geometry": { "type": "Point", "coordinates": [ -121.816901, 36.644141, 0.0 ] } },
{ "type": "Feature", "properties": { "Name": "Gigling / 7th Division Pl", "description": "stop_id: 6411\nagency: Monterey-Salinas Transit", "tessellate": -1, "extrude": 0, "visibility": -1 }, "geometry": { "type": "Point", "coordinates": [ -121.811407, 36.64405, 0.0 ] } },
{ "type": "Feature", "properties": { "Name": "Holman / 23795 Holman Highway", "description": "stop_id: 6501\nagency: Monterey-Salinas Transit", "tessellate": -1, "extrude": 0, "visibility": -1 }, "geometry": { "type": "Point", "coordinates": [ -121.914005, 36.576449, 0.0 ] } },
{ "type": "Feature", "properties": { "Name": "Holman / CHOMP", "description": "stop_id: 6504\nagency: Monterey-Salinas Transit", "tessellate": -1, "extrude": 0, "visibility": -1 }, "geometry": { "type": "Point", "coordinates": [ -121.914066, 36.579319, 0.0 ] } },
{ "type": "Feature", "properties": { "Name": "Salinas /  Lewis", "description": "stop_id: 6510\nagency: Monterey-Salinas Transit", "tessellate": -1, "extrude": 0, "visibility": -1 }, "geometry": { "type": "Point", "coordinates": [ -121.747204, 36.890731, 0.0 ] } },
{ "type": "Feature", "properties": { "Name": "Salinas /  Railroad Ave", "description": "stop_id: 6513\nagency: Monterey-Salinas Transit", "tessellate": -1, "extrude": 0, "visibility": -1 }, "geometry": { "type": "Point", "coordinates": [ -121.747732, 36.896448, 0.0 ] } },
{ "type": "Feature", "properties": { "Name": "Salinas /  Fremont", "description": "stop_id: 6516\nagency: Monterey-Salinas Transit", "tessellate": -1, "extrude": 0, "visibility": -1 }, "geometry": { "type": "Point", "coordinates": [ -121.747922, 36.898812, 0.0 ] } },
{ "type": "Feature", "properties": { "Name": "Salinas /  Jonathan", "description": "stop_id: 6519\nagency: Monterey-Salinas Transit", "tessellate": -1, "extrude": 0, "visibility": -1 }, "geometry": { "type": "Point", "coordinates": [ -121.748123, 36.901249, 0.0 ] } },
{ "type": "Feature", "properties": { "Name": "Porter /  Salinas", "description": "stop_id: 6525\nagency: Monterey-Salinas Transit", "tessellate": -1, "extrude": 0, "visibility": -1 }, "geometry": { "type": "Point", "coordinates": [ -121.748652, 36.902847, 0.0 ] } },
{ "type": "Feature", "properties": { "Name": "Porter /  San Juan", "description": "stop_id: 6526\nagency: Monterey-Salinas Transit", "tessellate": -1, "extrude": 0, "visibility": -1 }, "geometry": { "type": "Point", "coordinates": [ -121.749813, 36.904039, 0.0 ] } },
{ "type": "Feature", "properties": { "Name": "Main /  Riverside", "description": "stop_id: 6534\nagency: Monterey-Salinas Transit", "tessellate": -1, "extrude": 0, "visibility": -1 }, "geometry": { "type": "Point", "coordinates": [ -121.752615, 36.906394, 0.0 ] } },
{ "type": "Feature", "properties": { "Name": "Porter /  San Juan", "description": "stop_id: 6537\nagency: Monterey-Salinas Transit", "tessellate": -1, "extrude": 0, "visibility": -1 }, "geometry": { "type": "Point", "coordinates": [ -121.750189, 36.904194, 0.0 ] } },
{ "type": "Feature", "properties": { "Name": "Rodriguez /  Second", "description": "stop_id: 6539\nagency: Monterey-Salinas Transit", "tessellate": -1, "extrude": 0, "visibility": -1 }, "geometry": { "type": "Point", "coordinates": [ -121.756568, 36.908173, 0.0 ] } },
{ "type": "Feature", "properties": { "Name": "Rodriguez /  Second", "description": "stop_id: 6541\nagency: Monterey-Salinas Transit", "tessellate": -1, "extrude": 0, "visibility": -1 }, "geometry": { "type": "Point", "coordinates": [ -121.756749, 36.908229, 0.0 ] } },
{ "type": "Feature", "properties": { "Name": "Porter /  Salinas", "description": "stop_id: 6543\nagency: Monterey-Salinas Transit", "tessellate": -1, "extrude": 0, "visibility": -1 }, "geometry": { "type": "Point", "coordinates": [ -121.748699, 36.902679, 0.0 ] } },
{ "type": "Feature", "properties": { "Name": "Salinas /  Jonathan", "description": "stop_id: 6547\nagency: Monterey-Salinas Transit", "tessellate": -1, "extrude": 0, "visibility": -1 }, "geometry": { "type": "Point", "coordinates": [ -121.74823, 36.900686, 0.0 ] } },
{ "type": "Feature", "properties": { "Name": "Salinas /  Fremont", "description": "stop_id: 6550\nagency: Monterey-Salinas Transit", "tessellate": -1, "extrude": 0, "visibility": -1 }, "geometry": { "type": "Point", "coordinates": [ -121.748085, 36.898751, 0.0 ] } },
{ "type": "Feature", "properties": { "Name": "Salinas /  Railroad Ave", "description": "stop_id: 6553\nagency: Monterey-Salinas Transit", "tessellate": -1, "extrude": 0, "visibility": -1 }, "geometry": { "type": "Point", "coordinates": [ -121.747853, 36.895845, 0.0 ] } },
{ "type": "Feature", "properties": { "Name": "Salinas /  Lewis", "description": "stop_id: 6556\nagency: Monterey-Salinas Transit", "tessellate": -1, "extrude": 0, "visibility": -1 }, "geometry": { "type": "Point", "coordinates": [ -121.747454, 36.890898, 0.0 ] } },
{ "type": "Feature", "properties": { "Name": "Pacific /  Parking Garage", "description": "stop_id: 6701\nagency: Monterey-Salinas Transit", "tessellate": -1, "extrude": 0, "visibility": -1 }, "geometry": { "type": "Point", "coordinates": [ -121.896014, 36.599377, 0.0 ] } },
{ "type": "Feature", "properties": { "Name": "Pacific /  Scott", "description": "stop_id: 6704\nagency: Monterey-Salinas Transit", "tessellate": -1, "extrude": 0, "visibility": -1 }, "geometry": { "type": "Point", "coordinates": [ -121.895359, 36.60297, 0.0 ] } },
{ "type": "Feature", "properties": { "Name": "Lighthouse /  Reeside", "description": "stop_id: 6707\nagency: Monterey-Salinas Transit", "tessellate": -1, "extrude": 0, "visibility": -1 }, "geometry": { "type": "Point", "coordinates": [ -121.898242, 36.609552, 0.0 ] } },
{ "type": "Feature", "properties": { "Name": "Lighthouse /  Drake", "description": "stop_id: 6710\nagency: Monterey-Salinas Transit", "tessellate": -1, "extrude": 0, "visibility": -1 }, "geometry": { "type": "Point", "coordinates": [ -121.899773, 36.611348, 0.0 ] } },
{ "type": "Feature", "properties": { "Name": "Lighthouse / Prescott", "description": "stop_id: 6713\nagency: Monterey-Salinas Transit", "tessellate": -1, "extrude": 0, "visibility": -1 }, "geometry": { "type": "Point", "coordinates": [ -121.902516, 36.614592, 0.0 ] } },
{ "type": "Feature", "properties": { "Name": "David /  Hawthorne", "description": "stop_id: 6722\nagency: Monterey-Salinas Transit", "tessellate": -1, "extrude": 0, "visibility": -1 }, "geometry": { "type": "Point", "coordinates": [ -121.905091, 36.616441, 0.0 ] } },
{ "type": "Feature", "properties": { "Name": "Lighthouse /  Irving", "description": "stop_id: 6725\nagency: Monterey-Salinas Transit", "tessellate": -1, "extrude": 0, "visibility": -1 }, "geometry": { "type": "Point", "coordinates": [ -121.903615, 36.615749, 0.0 ] } },
{ "type": "Feature", "properties": { "Name": "Lighthouse /  Hoffman", "description": "stop_id: 6728\nagency: Monterey-Salinas Transit", "tessellate": -1, "extrude": 0, "visibility": -1 }, "geometry": { "type": "Point", "coordinates": [ -121.901656, 36.613439, 0.0 ] } },
{ "type": "Feature", "properties": { "Name": "Lighthouse /  Drake", "description": "stop_id: 6731\nagency: Monterey-Salinas Transit", "tessellate": -1, "extrude": 0, "visibility": -1 }, "geometry": { "type": "Point", "coordinates": [ -121.899893, 36.611281, 0.0 ] } },
{ "type": "Feature", "properties": { "Name": "Lighthouse /  Reeside", "description": "stop_id: 6734\nagency: Monterey-Salinas Transit", "tessellate": -1, "extrude": 0, "visibility": -1 }, "geometry": { "type": "Point", "coordinates": [ -121.898578, 36.609821, 0.0 ] } },
{ "type": "Feature", "properties": { "Name": "Pacific /  Scott", "description": "stop_id: 6737\nagency: Monterey-Salinas Transit", "tessellate": -1, "extrude": 0, "visibility": -1 }, "geometry": { "type": "Point", "coordinates": [ -121.895469, 36.602717, 0.0 ] } },
{ "type": "Feature", "properties": { "Name": "Pacific /  Del Monte", "description": "stop_id: 6738\nagency: Monterey-Salinas Transit", "tessellate": -1, "extrude": 0, "visibility": -1 }, "geometry": { "type": "Point", "coordinates": [ -121.895509, 36.601308, 0.0 ] } },
{ "type": "Feature", "properties": { "Name": "Calle Principal /  Parking Garage", "description": "stop_id: 6740\nagency: Monterey-Salinas Transit", "tessellate": -1, "extrude": 0, "visibility": -1 }, "geometry": { "type": "Point", "coordinates": [ -121.895589, 36.599083, 0.0 ] } },
{ "type": "Feature", "properties": { "Name": "Hartnell /  Polk", "description": "stop_id: 6741\nagency: Monterey-Salinas Transit", "tessellate": -1, "extrude": 0, "visibility": -1 }, "geometry": { "type": "Point", "coordinates": [ -121.896428, 36.596998, 0.0 ] } },
{ "type": "Feature", "properties": { "Name": "Munras /  Soledad Drive", "description": "stop_id: 6746\nagency: Monterey-Salinas Transit", "tessellate": -1, "extrude": 0, "visibility": -1 }, "geometry": { "type": "Point", "coordinates": [ -121.90134, 36.583677, 0.0 ] } },
{ "type": "Feature", "properties": { "Name": "Cass / Hartnell", "description": "stop_id: 6749\nagency: Monterey-Salinas Transit", "tessellate": -1, "extrude": 0, "visibility": -1 }, "geometry": { "type": "Point", "coordinates": [ -121.895051, 36.594993, 0.0 ] } },
{ "type": "Feature", "properties": { "Name": "Cass / El Dorado", "description": "stop_id: 6752\nagency: Monterey-Salinas Transit", "tessellate": -1, "extrude": 0, "visibility": -1 }, "geometry": { "type": "Point", "coordinates": [ -121.895705, 36.593682, 0.0 ] } },
{ "type": "Feature", "properties": { "Name": "Cass /  # 1010", "description": "stop_id: 6755\nagency: Monterey-Salinas Transit", "tessellate": -1, "extrude": 0, "visibility": -1 }, "geometry": { "type": "Point", "coordinates": [ -121.896661, 36.59207, 0.0 ] } },
{ "type": "Feature", "properties": { "Name": "Cass /  Carmelo", "description": "stop_id: 6758\nagency: Monterey-Salinas Transit", "tessellate": -1, "extrude": 0, "visibility": -1 }, "geometry": { "type": "Point", "coordinates": [ -121.897251, 36.590952, 0.0 ] } },
{ "type": "Feature", "properties": { "Name": "Cass /  Munras", "description": "stop_id: 6761\nagency: Monterey-Salinas Transit", "tessellate": -1, "extrude": 0, "visibility": -1 }, "geometry": { "type": "Point", "coordinates": [ -121.897834, 36.588994, 0.0 ] } },
{ "type": "Feature", "properties": { "Name": "Munras /  Soledad Drive", "description": "stop_id: 6767\nagency: Monterey-Salinas Transit", "tessellate": -1, "extrude": 0, "visibility": -1 }, "geometry": { "type": "Point", "coordinates": [ -121.902167, 36.583023, 0.0 ] } },
{ "type": "Feature", "properties": { "Name": "Fremont / Aguajito", "description": "stop_id: 6770\nagency: Monterey-Salinas Transit", "tessellate": -1, "extrude": 0, "visibility": -1 }, "geometry": { "type": "Point", "coordinates": [ -121.882816, 36.593729, 0.0 ] } },
{ "type": "Feature", "properties": { "Name": "Cass /  Munras", "description": "stop_id: 6774\nagency: Monterey-Salinas Transit", "tessellate": -1, "extrude": 0, "visibility": -1 }, "geometry": { "type": "Point", "coordinates": [ -121.897496, 36.589499, 0.0 ] } },
{ "type": "Feature", "properties": { "Name": "Cass /  # 1015", "description": "stop_id: 6775\nagency: Monterey-Salinas Transit", "tessellate": -1, "extrude": 0, "visibility": -1 }, "geometry": { "type": "Point", "coordinates": [ -121.89665, 36.591813, 0.0 ] } },
{ "type": "Feature", "properties": { "Name": "Fremont / Mesa", "description": "stop_id: 6776\nagency: Monterey-Salinas Transit", "tessellate": -1, "extrude": 0, "visibility": -1 }, "geometry": { "type": "Point", "coordinates": [ -121.888594, 36.595039, 0.0 ] } },
{ "type": "Feature", "properties": { "Name": "Cass /  El Dorado", "description": "stop_id: 6777\nagency: Monterey-Salinas Transit", "tessellate": -1, "extrude": 0, "visibility": -1 }, "geometry": { "type": "Point", "coordinates": [ -121.895692, 36.593528, 0.0 ] } },
{ "type": "Feature", "properties": { "Name": "Aguajito / Fremont St", "description": "stop_id: 6779\nagency: Monterey-Salinas Transit", "tessellate": -1, "extrude": 0, "visibility": -1 }, "geometry": { "type": "Point", "coordinates": [ -121.882423, 36.592824, 0.0 ] } },
{ "type": "Feature", "properties": { "Name": "Cass /  Hartnell", "description": "stop_id: 6781\nagency: Monterey-Salinas Transit", "tessellate": -1, "extrude": 0, "visibility": -1 }, "geometry": { "type": "Point", "coordinates": [ -121.894864, 36.59508, 0.0 ] } },
{ "type": "Feature", "properties": { "Name": "Mark Thomas /  Aguajito", "description": "stop_id: 6782\nagency: Monterey-Salinas Transit", "tessellate": -1, "extrude": 0, "visibility": -1 }, "geometry": { "type": "Point", "coordinates": [ -121.879429, 36.591504, 0.0 ] } },
{ "type": "Feature", "properties": { "Name": "Mark Thomas /  Sloat", "description": "stop_id: 6785\nagency: Monterey-Salinas Transit", "tessellate": -1, "extrude": 0, "visibility": -1 }, "geometry": { "type": "Point", "coordinates": [ -121.876945, 36.592773, 0.0 ] } },
{ "type": "Feature", "properties": { "Name": "Mark Thomas /  Santa Catalina", "description": "stop_id: 6788\nagency: Monterey-Salinas Transit", "tessellate": -1, "extrude": 0, "visibility": -1 }, "geometry": { "type": "Point", "coordinates": [ -121.870176, 36.593945, 0.0 ] } },
{ "type": "Feature", "properties": { "Name": "Clay / Lincoln Ave", "description": "stop_id: 6789\nagency: Monterey-Salinas Transit", "tessellate": -1, "extrude": 0, "visibility": -1 }, "geometry": { "type": "Point", "coordinates": [ -121.656178, 36.670749, 0.0 ] } },
{ "type": "Feature", "properties": { "Name": "Lincoln / San Luis Street", "description": "stop_id: 6790\nagency: Monterey-Salinas Transit", "tessellate": -1, "extrude": 0, "visibility": -1 }, "geometry": { "type": "Point", "coordinates": [ -121.656564, 36.672228, 0.0 ] } },
{ "type": "Feature", "properties": { "Name": "Fremont / Casanova", "description": "stop_id: 6795\nagency: Monterey-Salinas Transit", "tessellate": -1, "extrude": 0, "visibility": -1 }, "geometry": { "type": "Point", "coordinates": [ -121.852587, 36.597722, 0.0 ] } },
{ "type": "Feature", "properties": { "Name": "Fremont / Portola Drive", "description": "stop_id: 6798\nagency: Monterey-Salinas Transit", "tessellate": -1, "extrude": 0, "visibility": -1 }, "geometry": { "type": "Point", "coordinates": [ -121.85026, 36.599298, 0.0 ] } },
{ "type": "Feature", "properties": { "Name": "Fremont / Laguna Plaza", "description": "stop_id: 6799\nagency: Monterey-Salinas Transit", "tessellate": -1, "extrude": 0, "visibility": -1 }, "geometry": { "type": "Point", "coordinates": [ -121.849432, 36.600863, 0.0 ] } },
{ "type": "Feature", "properties": { "Name": "Mark Thomas /  Santa Catalina", "description": "stop_id: 6804\nagency: Monterey-Salinas Transit", "tessellate": -1, "extrude": 0, "visibility": -1 }, "geometry": { "type": "Point", "coordinates": [ -121.870277, 36.593999, 0.0 ] } },
{ "type": "Feature", "properties": { "Name": "Mark Thomas /  Sloat", "description": "stop_id: 6807\nagency: Monterey-Salinas Transit", "tessellate": -1, "extrude": 0, "visibility": -1 }, "geometry": { "type": "Point", "coordinates": [ -121.877476, 36.592651, 0.0 ] } },
{ "type": "Feature", "properties": { "Name": "Mark Thomas /  Aguajito", "description": "stop_id: 6810\nagency: Monterey-Salinas Transit", "tessellate": -1, "extrude": 0, "visibility": -1 }, "geometry": { "type": "Point", "coordinates": [ -121.879863, 36.591388, 0.0 ] } },
{ "type": "Feature", "properties": { "Name": "Fremont / Camino Aguajito", "description": "stop_id: 6813\nagency: Monterey-Salinas Transit", "tessellate": -1, "extrude": 0, "visibility": -1 }, "geometry": { "type": "Point", "coordinates": [ -121.882928, 36.593975, 0.0 ] } },
{ "type": "Feature", "properties": { "Name": "Fremont / Abrego Street", "description": "stop_id: 6819\nagency: Monterey-Salinas Transit", "tessellate": -1, "extrude": 0, "visibility": -1 }, "geometry": { "type": "Point", "coordinates": [ -121.892589, 36.595375, 0.0 ] } },
{ "type": "Feature", "properties": { "Name": "Fremont / Palo Verde", "description": "stop_id: 6825\nagency: Monterey-Salinas Transit", "tessellate": -1, "extrude": 0, "visibility": -1 }, "geometry": { "type": "Point", "coordinates": [ -121.865141, 36.595605, 0.0 ] } },
{ "type": "Feature", "properties": { "Name": "Fremont / Casa Verde", "description": "stop_id: 6828\nagency: Monterey-Salinas Transit", "tessellate": -1, "extrude": 0, "visibility": -1 }, "geometry": { "type": "Point", "coordinates": [ -121.862526, 36.596026, 0.0 ] } },
{ "type": "Feature", "properties": { "Name": "Fremont / Airport Road", "description": "stop_id: 6831\nagency: Monterey-Salinas Transit", "tessellate": -1, "extrude": 0, "visibility": -1 }, "geometry": { "type": "Point", "coordinates": [ -121.858985, 36.596563, 0.0 ] } },
{ "type": "Feature", "properties": { "Name": "Airport Road / Navy Annex", "description": "stop_id: 6833\nagency: Monterey-Salinas Transit", "tessellate": -1, "extrude": 0, "visibility": -1 }, "geometry": { "type": "Point", "coordinates": [ -121.855273, 36.593544, 0.0 ] } },
{ "type": "Feature", "properties": { "Name": "Fremont / Ramona Avenue", "description": "stop_id: 6834\nagency: Monterey-Salinas Transit", "tessellate": -1, "extrude": 0, "visibility": -1 }, "geometry": { "type": "Point", "coordinates": [ -121.855604, 36.597171, 0.0 ] } },
{ "type": "Feature", "properties": { "Name": "Fremont /  Hannon", "description": "stop_id: 6846\nagency: Monterey-Salinas Transit", "tessellate": -1, "extrude": 0, "visibility": -1 }, "geometry": { "type": "Point", "coordinates": [ -121.854329, 36.597573, 0.0 ] } },
{ "type": "Feature", "properties": { "Name": "Fremont /  Ramona", "description": "stop_id: 6849\nagency: Monterey-Salinas Transit", "tessellate": -1, "extrude": 0, "visibility": -1 }, "geometry": { "type": "Point", "coordinates": [ -121.85678, 36.597201, 0.0 ] } },
{ "type": "Feature", "properties": { "Name": "Euclid / Casanova", "description": "stop_id: 6854\nagency: Monterey-Salinas Transit", "tessellate": -1, "extrude": 0, "visibility": -1 }, "geometry": { "type": "Point", "coordinates": [ -121.84924, 36.594374, 0.0 ] } },
{ "type": "Feature", "properties": { "Name": "Fremont /  Casa Verde", "description": "stop_id: 6855\nagency: Monterey-Salinas Transit", "tessellate": -1, "extrude": 0, "visibility": -1 }, "geometry": { "type": "Point", "coordinates": [ -121.862254, 36.59636, 0.0 ] } },
{ "type": "Feature", "properties": { "Name": "Fremont /  Palo Verde", "description": "stop_id: 6858\nagency: Monterey-Salinas Transit", "tessellate": -1, "extrude": 0, "visibility": -1 }, "geometry": { "type": "Point", "coordinates": [ -121.86525, 36.595886, 0.0 ] } },
{ "type": "Feature", "properties": { "Name": "Tyler /  Franklin", "description": "stop_id: 6861\nagency: Monterey-Salinas Transit", "tessellate": -1, "extrude": 0, "visibility": -1 }, "geometry": { "type": "Point", "coordinates": [ -121.893506, 36.599506, 0.0 ] } },
{ "type": "Feature", "properties": { "Name": "Franklin /  Adams", "description": "stop_id: 6864\nagency: Monterey-Salinas Transit", "tessellate": -1, "extrude": 0, "visibility": -1 }, "geometry": { "type": "Point", "coordinates": [ -121.891209, 36.599436, 0.0 ] } },
{ "type": "Feature", "properties": { "Name": "Franklin /  Cortes", "description": "stop_id: 6867\nagency: Monterey-Salinas Transit", "tessellate": -1, "extrude": 0, "visibility": -1 }, "geometry": { "type": "Point", "coordinates": [ -121.888932, 36.599086, 0.0 ] } },
{ "type": "Feature", "properties": { "Name": "Camino El Estero /  Del Monte", "description": "stop_id: 6868\nagency: Monterey-Salinas Transit", "tessellate": -1, "extrude": 0, "visibility": -1 }, "geometry": { "type": "Point", "coordinates": [ -121.887258, 36.599756, 0.0 ] } },
{ "type": "Feature", "properties": { "Name": "Del Monte /  Aguajito", "description": "stop_id: 6870\nagency: Monterey-Salinas Transit", "tessellate": -1, "extrude": 0, "visibility": -1 }, "geometry": { "type": "Point", "coordinates": [ -121.883298, 36.599877, 0.0 ] } },
{ "type": "Feature", "properties": { "Name": "Del Monte /  Sloat", "description": "stop_id: 6873\nagency: Monterey-Salinas Transit", "tessellate": -1, "extrude": 0, "visibility": -1 }, "geometry": { "type": "Point", "coordinates": [ -121.879258, 36.599835, 0.0 ] } },
{ "type": "Feature", "properties": { "Name": "Del Monte /  Navy School Gate", "description": "stop_id: 6876\nagency: Monterey-Salinas Transit", "tessellate": -1, "extrude": 0, "visibility": -1 }, "geometry": { "type": "Point", "coordinates": [ -121.873745, 36.600151, 0.0 ] } },
{ "type": "Feature", "properties": { "Name": "Del Monte /  Palo Verde", "description": "stop_id: 6879\nagency: Monterey-Salinas Transit", "tessellate": -1, "extrude": 0, "visibility": -1 }, "geometry": { "type": "Point", "coordinates": [ -121.869777, 36.600642, 0.0 ] } },
{ "type": "Feature", "properties": { "Name": "Del Monte /  Casa Verde", "description": "stop_id: 6882\nagency: Monterey-Salinas Transit", "tessellate": -1, "extrude": 0, "visibility": -1 }, "geometry": { "type": "Point", "coordinates": [ -121.867037, 36.601706, 0.0 ] } },
{ "type": "Feature", "properties": { "Name": "Del Monte /  Ramona", "description": "stop_id: 6885\nagency: Monterey-Salinas Transit", "tessellate": -1, "extrude": 0, "visibility": -1 }, "geometry": { "type": "Point", "coordinates": [ -121.864173, 36.603025, 0.0 ] } },
{ "type": "Feature", "properties": { "Name": "Del Monte /  Virgin", "description": "stop_id: 6888\nagency: Monterey-Salinas Transit", "tessellate": -1, "extrude": 0, "visibility": -1 }, "geometry": { "type": "Point", "coordinates": [ -121.860165, 36.605007, 0.0 ] } },
{ "type": "Feature", "properties": { "Name": "Del Monte /  Canyon Del Rey", "description": "stop_id: 6891\nagency: Monterey-Salinas Transit", "tessellate": -1, "extrude": 0, "visibility": -1 }, "geometry": { "type": "Point", "coordinates": [ -121.856463, 36.607438, 0.0 ] } },
{ "type": "Feature", "properties": { "Name": "Del Monte /  English", "description": "stop_id: 6894\nagency: Monterey-Salinas Transit", "tessellate": -1, "extrude": 0, "visibility": -1 }, "geometry": { "type": "Point", "coordinates": [ -121.860492, 36.604981, 0.0 ] } },
{ "type": "Feature", "properties": { "Name": "Del Monte /  Casa Verde", "description": "stop_id: 6897\nagency: Monterey-Salinas Transit", "tessellate": -1, "extrude": 0, "visibility": -1 }, "geometry": { "type": "Point", "coordinates": [ -121.867125, 36.601866, 0.0 ] } },
{ "type": "Feature", "properties": { "Name": "Del Monte /  Navy School Gate (Opp)", "description": "stop_id: 6903\nagency: Monterey-Salinas Transit", "tessellate": -1, "extrude": 0, "visibility": -1 }, "geometry": { "type": "Point", "coordinates": [ -121.873814, 36.60024, 0.0 ] } },
{ "type": "Feature", "properties": { "Name": "Del Monte /  Sloat", "description": "stop_id: 6906\nagency: Monterey-Salinas Transit", "tessellate": -1, "extrude": 0, "visibility": -1 }, "geometry": { "type": "Point", "coordinates": [ -121.878736, 36.59992, 0.0 ] } },
{ "type": "Feature", "properties": { "Name": "Del Monte / Camino Aguajito", "description": "stop_id: 6909\nagency: Monterey-Salinas Transit", "tessellate": -1, "extrude": 0, "visibility": -1 }, "geometry": { "type": "Point", "coordinates": [ -121.883225, 36.599944, 0.0 ] } },
{ "type": "Feature", "properties": { "Name": "Del Monte /  Camino El Estero", "description": "stop_id: 6910\nagency: Monterey-Salinas Transit", "tessellate": -1, "extrude": 0, "visibility": -1 }, "geometry": { "type": "Point", "coordinates": [ -121.887093, 36.599995, 0.0 ] } },
{ "type": "Feature", "properties": { "Name": "Tyler / Franklin (Parking Garage)", "description": "stop_id: 6915\nagency: Monterey-Salinas Transit", "tessellate": -1, "extrude": 0, "visibility": -1 }, "geometry": { "type": "Point", "coordinates": [ -121.893344, 36.600361, 0.0 ] } },
{ "type": "Feature", "properties": { "Name": "Costanoan / MPC Quad", "description": "stop_id: 6951\nagency: Monterey-Salinas Transit", "tessellate": -1, "extrude": 0, "visibility": -1 }, "geometry": { "type": "Point", "coordinates": [ -121.883713, 36.589869, 0.0 ] } },
{ "type": "Feature", "properties": { "Name": "Imjin / Abrams", "description": "stop_id: 7105\nagency: Monterey-Salinas Transit", "tessellate": -1, "extrude": 0, "visibility": -1 }, "geometry": { "type": "Point", "coordinates": [ -121.793337, 36.663279, 0.0 ] } },
{ "type": "Feature", "properties": { "Name": "Del Monte Blvd / Reservation Rd", "description": "stop_id: 7110\nagency: Monterey-Salinas Transit", "tessellate": -1, "extrude": 0, "visibility": -1 }, "geometry": { "type": "Point", "coordinates": [ -121.800118, 36.687329, 0.0 ] } },
{ "type": "Feature", "properties": { "Name": "Del Monte Blvd / Reservation Rd", "description": "stop_id: 7111\nagency: Monterey-Salinas Transit", "tessellate": -1, "extrude": 0, "visibility": -1 }, "geometry": { "type": "Point", "coordinates": [ -121.799895, 36.687166, 0.0 ] } },
{ "type": "Feature", "properties": { "Name": "Reindollar  Ave / 209 Reindollar Ave", "description": "stop_id: 7125\nagency: Monterey-Salinas Transit", "tessellate": -1, "extrude": 0, "visibility": -1 }, "geometry": { "type": "Point", "coordinates": [ -121.804839, 36.680509, 0.0 ] } },
{ "type": "Feature", "properties": { "Name": "2nd Ave / 10th St", "description": "stop_id: 7133\nagency: Monterey-Salinas Transit", "tessellate": -1, "extrude": 0, "visibility": -1 }, "geometry": { "type": "Point", "coordinates": [ -121.809364, 36.664118, 0.0 ] } },
{ "type": "Feature", "properties": { "Name": "9th Street / University Village", "description": "stop_id: 7134\nagency: Monterey-Salinas Transit", "tessellate": -1, "extrude": 0, "visibility": -1 }, "geometry": { "type": "Point", "coordinates": [ -121.810608, 36.662474, 0.0 ] } },
{ "type": "Feature", "properties": { "Name": "2nd Ave / 8th Street", "description": "stop_id: 7135\nagency: Monterey-Salinas Transit", "tessellate": -1, "extrude": 0, "visibility": -1 }, "geometry": { "type": "Point", "coordinates": [ -121.809344, 36.660886, 0.0 ] } },
{ "type": "Feature", "properties": { "Name": "2nd Ave / 6th St", "description": "stop_id: 7137\nagency: Monterey-Salinas Transit", "tessellate": -1, "extrude": 0, "visibility": -1 }, "geometry": { "type": "Point", "coordinates": [ -121.809361, 36.658468, 0.0 ] } },
{ "type": "Feature", "properties": { "Name": "VA-DOD Clinic (Shuttle Stop)", "description": "stop_id: 7138\nagency: Monterey-Salinas Transit", "tessellate": -1, "extrude": 0, "visibility": -1 }, "geometry": { "type": "Point", "coordinates": [ -121.813509, 36.662262, 0.0 ] } },
{ "type": "Feature", "properties": { "Name": "2nd Ave / 5th St", "description": "stop_id: 7139\nagency: Monterey-Salinas Transit", "tessellate": -1, "extrude": 0, "visibility": -1 }, "geometry": { "type": "Point", "coordinates": [ -121.80936, 36.656518, 0.0 ] } },
{ "type": "Feature", "properties": { "Name": "2nd Ave / 8th Street (north)", "description": "stop_id: 7140\nagency: Monterey-Salinas Transit", "tessellate": -1, "extrude": 0, "visibility": -1 }, "geometry": { "type": "Point", "coordinates": [ -121.809101, 36.661894, 0.0 ] } },
{ "type": "Feature", "properties": { "Name": "2nd Ave / 10th St  (north)", "description": "stop_id: 7142\nagency: Monterey-Salinas Transit", "tessellate": -1, "extrude": 0, "visibility": -1 }, "geometry": { "type": "Point", "coordinates": [ -121.809103, 36.665084, 0.0 ] } },
{ "type": "Feature", "properties": { "Name": "2nd Ave / 6th St  (north)", "description": "stop_id: 7144\nagency: Monterey-Salinas Transit", "tessellate": -1, "extrude": 0, "visibility": -1 }, "geometry": { "type": "Point", "coordinates": [ -121.809101, 36.659434, 0.0 ] } },
{ "type": "Feature", "properties": { "Name": "Imjin Pkwy (West) / 2nd Ave", "description": "stop_id: 7145\nagency: Monterey-Salinas Transit", "tessellate": -1, "extrude": 0, "visibility": -1 }, "geometry": { "type": "Point", "coordinates": [ -121.809162, 36.668118, 0.0 ] } },
{ "type": "Feature", "properties": { "Name": "2nd Ave / 5th St (north)", "description": "stop_id: 7146\nagency: Monterey-Salinas Transit", "tessellate": -1, "extrude": 0, "visibility": -1 }, "geometry": { "type": "Point", "coordinates": [ -121.809099, 36.657459, 0.0 ] } },
{ "type": "Feature", "properties": { "Name": "Imjin Pkwy (East) / 2nd Ave", "description": "stop_id: 7147\nagency: Monterey-Salinas Transit", "tessellate": -1, "extrude": 0, "visibility": -1 }, "geometry": { "type": "Point", "coordinates": [ -121.80794, 36.667385, 0.0 ] } },
{ "type": "Feature", "properties": { "Name": "2nd Ave / Inter-Garrison Rd (north)", "description": "stop_id: 7148\nagency: Monterey-Salinas Transit", "tessellate": -1, "extrude": 0, "visibility": -1 }, "geometry": { "type": "Point", "coordinates": [ -121.809098, 36.65539, 0.0 ] } },
{ "type": "Feature", "properties": { "Name": "Inter-Garrison / Otter Sports Ctr", "description": "stop_id: 7149\nagency: Monterey-Salinas Transit", "tessellate": -1, "extrude": 0, "visibility": -1 }, "geometry": { "type": "Point", "coordinates": [ -121.807973, 36.654824, 0.0 ] } },
{ "type": "Feature", "properties": { "Name": "Soledad / Munras", "description": "stop_id: 7160\nagency: Monterey-Salinas Transit", "tessellate": -1, "extrude": 0, "visibility": -1 }, "geometry": { "type": "Point", "coordinates": [ -121.901308, 36.583009, 0.0 ] } },
{ "type": "Feature", "properties": { "Name": "Inter-Garrison / Building 82 (Opp)", "description": "stop_id: 7161\nagency: Monterey-Salinas Transit", "tessellate": -1, "extrude": 0, "visibility": -1 }, "geometry": { "type": "Point", "coordinates": [ -121.804639, 36.654749, 0.0 ] } },
{ "type": "Feature", "properties": { "Name": "N Mildred / Broadway", "description": "stop_id: 8100\nagency: Monterey-Salinas Transit", "tessellate": -1, "extrude": 0, "visibility": -1 }, "geometry": { "type": "Point", "coordinates": [ -121.132008, 36.209766, 0.0 ] } },
{ "type": "Feature", "properties": { "Name": "N Mildred / Collins", "description": "stop_id: 8101\nagency: Monterey-Salinas Transit", "tessellate": -1, "extrude": 0, "visibility": -1 }, "geometry": { "type": "Point", "coordinates": [ -121.134458, 36.21279, 0.0 ] } },
{ "type": "Feature", "properties": { "Name": "N Mildred / King", "description": "stop_id: 8102\nagency: Monterey-Salinas Transit", "tessellate": -1, "extrude": 0, "visibility": -1 }, "geometry": { "type": "Point", "coordinates": [ -121.136044, 36.214758, 0.0 ] } },
{ "type": "Feature", "properties": { "Name": "San Antonio / Campbell", "description": "stop_id: 8103\nagency: Monterey-Salinas Transit", "tessellate": -1, "extrude": 0, "visibility": -1 }, "geometry": { "type": "Point", "coordinates": [ -121.13537, 36.217517, 0.0 ] } },
{ "type": "Feature", "properties": { "Name": "Third / Collins", "description": "stop_id: 8104\nagency: Monterey-Salinas Transit", "tessellate": -1, "extrude": 0, "visibility": -1 }, "geometry": { "type": "Point", "coordinates": [ -121.128644, 36.21567, 0.0 ] } },
{ "type": "Feature", "properties": { "Name": "Division / First", "description": "stop_id: 8105\nagency: Monterey-Salinas Transit", "tessellate": -1, "extrude": 0, "visibility": -1 }, "geometry": { "type": "Point", "coordinates": [ -121.120311, 36.210508, 0.0 ] } },
{ "type": "Feature", "properties": { "Name": "Division / Vanderhust", "description": "stop_id: 8106\nagency: Monterey-Salinas Transit", "tessellate": -1, "extrude": 0, "visibility": -1 }, "geometry": { "type": "Point", "coordinates": [ -121.124643, 36.208217, 0.0 ] } },
{ "type": "Feature", "properties": { "Name": "Division / Mildred", "description": "stop_id: 8107\nagency: Monterey-Salinas Transit", "tessellate": -1, "extrude": 0, "visibility": -1 }, "geometry": { "type": "Point", "coordinates": [ -121.129063, 36.205857, 0.0 ] } },
{ "type": "Feature", "properties": { "Name": "River / Canal", "description": "stop_id: 8108\nagency: Monterey-Salinas Transit", "tessellate": -1, "extrude": 0, "visibility": -1 }, "geometry": { "type": "Point", "coordinates": [ -121.128624, 36.201203, 0.0 ] } },
{ "type": "Feature", "properties": { "Name": "River / 101 River Drive", "description": "stop_id: 8109\nagency: Monterey-Salinas Transit", "tessellate": -1, "extrude": 0, "visibility": -1 }, "geometry": { "type": "Point", "coordinates": [ -121.131379, 36.201348, 0.0 ] } },
{ "type": "Feature", "properties": { "Name": "River / Broadway Circle", "description": "stop_id: 8110\nagency: Monterey-Salinas Transit", "tessellate": -1, "extrude": 0, "visibility": -1 }, "geometry": { "type": "Point", "coordinates": [ -121.135391, 36.202233, 0.0 ] } },
{ "type": "Feature", "properties": { "Name": "Broadway / 1301 Broadway", "description": "stop_id: 8111\nagency: Monterey-Salinas Transit", "tessellate": -1, "extrude": 0, "visibility": -1 }, "geometry": { "type": "Point", "coordinates": [ -121.137329, 36.203494, 0.0 ] } },
{ "type": "Feature", "properties": { "Name": "Oxford / Amherst", "description": "stop_id: 8112\nagency: Monterey-Salinas Transit", "tessellate": -1, "extrude": 0, "visibility": -1 }, "geometry": { "type": "Point", "coordinates": [ -121.141514, 36.206898, 0.0 ] } },
{ "type": "Feature", "properties": { "Name": "San Antonio / Bedford", "description": "stop_id: 8113\nagency: Monterey-Salinas Transit", "tessellate": -1, "extrude": 0, "visibility": -1 }, "geometry": { "type": "Point", "coordinates": [ -121.139988, 36.209114, 0.0 ] } },
{ "type": "Feature", "properties": { "Name": "Broadway / San Antonio", "description": "stop_id: 8114\nagency: Monterey-Salinas Transit", "tessellate": -1, "extrude": 0, "visibility": -1 }, "geometry": { "type": "Point", "coordinates": [ -121.137392, 36.205477, 0.0 ] } },
{ "type": "Feature", "properties": { "Name": "Mission St / 14th St (South)", "description": "stop_id: 8245\nagency: Monterey-Salinas Transit", "tessellate": -1, "extrude": 0, "visibility": -1 }, "geometry": { "type": "Point", "coordinates": [ -120.696229, 35.7525, 0.0 ] } },
{ "type": "Feature", "properties": { "Name": "Spring  / 24th St", "description": "stop_id: 8250\nagency: Monterey-Salinas Transit", "tessellate": -1, "extrude": 0, "visibility": -1 }, "geometry": { "type": "Point", "coordinates": [ -120.692523, 35.638843, 0.0 ] } },
{ "type": "Feature", "properties": { "Name": "North County Transportation Ctr / Paso Robles", "description": "stop_id: 8260\nagency: Monterey-Salinas Transit", "tessellate": -1, "extrude": 0, "visibility": -1 }, "geometry": { "type": "Point", "coordinates": [ -120.687893, 35.622688, 0.0 ] } },
{ "type": "Feature", "properties": { "Name": "Spring St / 24th St", "description": "stop_id: 8265\nagency: Monterey-Salinas Transit", "tessellate": -1, "extrude": 0, "visibility": -1 }, "geometry": { "type": "Point", "coordinates": [ -120.692398, 35.639552, 0.0 ] } },
{ "type": "Feature", "properties": { "Name": "Mission St / 14th St (North)", "description": "stop_id: 8270\nagency: Monterey-Salinas Transit", "tessellate": -1, "extrude": 0, "visibility": -1 }, "geometry": { "type": "Point", "coordinates": [ -120.696006, 35.75311, 0.0 ] } },
{ "type": "Feature", "properties": { "Name": "San Benito / Rosa", "description": "stop_id: 8280\nagency: Monterey-Salinas Transit", "tessellate": -1, "extrude": 0, "visibility": -1 }, "geometry": { "type": "Point", "coordinates": [ -121.016503, 36.129206, 0.0 ] } },
{ "type": "Feature", "properties": { "Name": "Cattleman Rd & Main St (San Ardo)", "description": "stop_id: 8290\nagency: Monterey-Salinas Transit", "tessellate": -1, "extrude": 0, "visibility": -1 }, "geometry": { "type": "Point", "coordinates": [ -120.904953, 36.020884, 0.0 ] } },
{ "type": "Feature", "properties": { "Name": "Monterey Transit Plaza / Gate 2 Munras", "description": "stop_id: 9102\nagency: Monterey-Salinas Transit", "tessellate": -1, "extrude": 0, "visibility": -1 }, "geometry": { "type": "Point", "coordinates": [ -121.894607, 36.59746, 0.0 ] } },
{ "type": "Feature", "properties": { "Name": "Monterey Transit Plaza / Gate 3 Pearl", "description": "stop_id: 9103\nagency: Monterey-Salinas Transit", "tessellate": -1, "extrude": 0, "visibility": -1 }, "geometry": { "type": "Point", "coordinates": [ -121.894454, 36.597672, 0.0 ] } },
{ "type": "Feature", "properties": { "Name": "Monterey Transit Plaza / Gate 4 Tyler", "description": "stop_id: 9104\nagency: Monterey-Salinas Transit", "tessellate": -1, "extrude": 0, "visibility": -1 }, "geometry": { "type": "Point", "coordinates": [ -121.894225, 36.59735, 0.0 ] } },
{ "type": "Feature", "properties": { "Name": "Salinas Transit Center / Gate 1", "description": "stop_id: 9201\nagency: Monterey-Salinas Transit", "tessellate": -1, "extrude": 0, "visibility": -1 }, "geometry": { "type": "Point", "coordinates": [ -121.656874, 36.676059, 0.0 ] } },
{ "type": "Feature", "properties": { "Name": "Salinas Transit Center / Gate 2", "description": "stop_id: 9202\nagency: Monterey-Salinas Transit", "tessellate": -1, "extrude": 0, "visibility": -1 }, "geometry": { "type": "Point", "coordinates": [ -121.657096, 36.676032, 0.0 ] } },
{ "type": "Feature", "properties": { "Name": "Salinas Transit Center / Gate 3", "description": "stop_id: 9203\nagency: Monterey-Salinas Transit", "tessellate": -1, "extrude": 0, "visibility": -1 }, "geometry": { "type": "Point", "coordinates": [ -121.657299, 36.675963, 0.0 ] } },
{ "type": "Feature", "properties": { "Name": "Salinas Transit Center / Gate 4", "description": "stop_id: 9204\nagency: Monterey-Salinas Transit", "tessellate": -1, "extrude": 0, "visibility": -1 }, "geometry": { "type": "Point", "coordinates": [ -121.657238, 36.676165, 0.0 ] } },
{ "type": "Feature", "properties": { "Name": "Salinas Transit Center / Gate 5", "description": "stop_id: 9205\nagency: Monterey-Salinas Transit", "tessellate": -1, "extrude": 0, "visibility": -1 }, "geometry": { "type": "Point", "coordinates": [ -121.657096, 36.676169, 0.0 ] } },
{ "type": "Feature", "properties": { "Name": "Salinas Transit Center / Gate 6", "description": "stop_id: 9206\nagency: Monterey-Salinas Transit", "tessellate": -1, "extrude": 0, "visibility": -1 }, "geometry": { "type": "Point", "coordinates": [ -121.656924, 36.676429, 0.0 ] } },
{ "type": "Feature", "properties": { "Name": "Salinas Transit Center / Gate 7", "description": "stop_id: 9207\nagency: Monterey-Salinas Transit", "tessellate": -1, "extrude": 0, "visibility": -1 }, "geometry": { "type": "Point", "coordinates": [ -121.656933, 36.676643, 0.0 ] } },
{ "type": "Feature", "properties": { "Name": "Salinas Transit Center / Gate 8", "description": "stop_id: 9208\nagency: Monterey-Salinas Transit", "tessellate": -1, "extrude": 0, "visibility": -1 }, "geometry": { "type": "Point", "coordinates": [ -121.656653, 36.676412, 0.0 ] } },
{ "type": "Feature", "properties": { "Name": "Salinas Transit Center / Gate 9", "description": "stop_id: 9209\nagency: Monterey-Salinas Transit", "tessellate": -1, "extrude": 0, "visibility": -1 }, "geometry": { "type": "Point", "coordinates": [ -121.656642, 36.676281, 0.0 ] } },
{ "type": "Feature", "properties": { "Name": "Marina Transit Exchange Gate 1", "description": "stop_id: 9301\nagency: Monterey-Salinas Transit", "tessellate": -1, "extrude": 0, "visibility": -1 }, "geometry": { "type": "Point", "coordinates": [ -121.794077, 36.684195, 0.0 ] } },
{ "type": "Feature", "properties": { "Name": "Marina Transit Exchange Gate 2", "description": "stop_id: 9302\nagency: Monterey-Salinas Transit", "tessellate": -1, "extrude": 0, "visibility": -1 }, "geometry": { "type": "Point", "coordinates": [ -121.794197, 36.684021, 0.0 ] } },
{ "type": "Feature", "properties": { "Name": "Marina Transit Exchange Gate 3", "description": "stop_id: 9303\nagency: Monterey-Salinas Transit", "tessellate": -1, "extrude": 0, "visibility": -1 }, "geometry": { "type": "Point", "coordinates": [ -121.794317, 36.683859, 0.0 ] } },
{ "type": "Feature", "properties": { "Name": "Marina Transit Exchange Gate 4", "description": "stop_id: 9304\nagency: Monterey-Salinas Transit", "tessellate": -1, "extrude": 0, "visibility": -1 }, "geometry": { "type": "Point", "coordinates": [ -121.794368, 36.683772, 0.0 ] } }
]
}
