{
"type": "FeatureCollection",
"name": "scmetro",
"crs": { "type": "name", "properties": { "name": "urn:ogc:def:crs:OGC:1.3:CRS84" } },
"features": [
{ "type": "Feature", "properties": { "Name": "Barack Obama Blvd & W San Carlos", "description": "stop_id: 864\nagency: Santa Cruz METRO", "tessellate": -1, "extrude": 0, "visibility": -1 }, "geometry": { "type": "Point", "coordinates": [ -121.900528, 37.325176, 0.0 ] } },
{ "type": "Feature", "properties": { "Name": "Barack Obama Blvd & W San Carlos", "description": "stop_id: 865\nagency: Santa Cruz METRO", "tessellate": -1, "extrude": 0, "visibility": -1 }, "geometry": { "type": "Point", "coordinates": [ -121.900352, 37.324211, 0.0 ] } },
{ "type": "Feature", "properties": { "Name": "Diridon Station (Caltrain Depot)", "description": "stop_id: 866\nagency: Santa Cruz METRO", "tessellate": -1, "extrude": 0, "visibility": -1 }, "geometry": { "type": "Point", "coordinates": [ -121.902687, 37.330288, 0.0 ] } },
{ "type": "Feature", "properties": { "Name": "W Santa Clara & Delmas Ave", "description": "stop_id: 867\nagency: Santa Cruz METRO", "tessellate": -1, "extrude": 0, "visibility": -1 }, "geometry": { "type": "Point", "coordinates": [ -121.899422, 37.33197, 0.0 ] } },
{ "type": "Feature", "properties": { "Name": "W Santa Clara & Almaden Blvd", "description": "stop_id: 868\nagency: Santa Cruz METRO", "tessellate": -1, "extrude": 0, "visibility": -1 }, "geometry": { "type": "Point", "coordinates": [ -121.895195, 37.3339, 0.0 ] } },
{ "type": "Feature", "properties": { "Name": "E Santa Clara & S 1st", "description": "stop_id: 869\nagency: Santa Cruz METRO", "tessellate": -1, "extrude": 0, "visibility": -1 }, "geometry": { "type": "Point", "coordinates": [ -121.890053, 37.336327, 0.0 ] } },
{ "type": "Feature", "properties": { "Name": "W Santa Clara & S Market", "description": "stop_id: 870\nagency: Santa Cruz METRO", "tessellate": -1, "extrude": 0, "visibility": -1 }, "geometry": { "type": "Point", "coordinates": [ -121.892365, 37.335377, 0.0 ] } },
{ "type": "Feature", "properties": { "Name": "W Santa Clara & Delmas Ave", "description": "stop_id: 871\nagency: Santa Cruz METRO", "tessellate": -1, "extrude": 0, "visibility": -1 }, "geometry": { "type": "Point", "coordinates": [ -121.89959, 37.33218, 0.0 ] } },
{ "type": "Feature", "properties": { "Name": "E San Fernando & S 7th", "description": "stop_id: 872\nagency: Santa Cruz METRO", "tessellate": -1, "extrude": 0, "visibility": -1 }, "geometry": { "type": "Point", "coordinates": [ -121.883217, 37.337235, 0.0 ] } },
{ "type": "Feature", "properties": { "Name": "Barack Obama Blvd & Park Ave", "description": "stop_id: 873\nagency: Santa Cruz METRO", "tessellate": -1, "extrude": 0, "visibility": -1 }, "geometry": { "type": "Point", "coordinates": [ -121.900932, 37.325935, 0.0 ] } },
{ "type": "Feature", "properties": { "Name": "Big Basin Way & China Grade Rd", "description": "stop_id: 874\nagency: Santa Cruz METRO", "tessellate": -1, "extrude": 0, "visibility": -1 }, "geometry": { "type": "Point", "coordinates": [ -122.163177, 37.165234, 0.0 ] } },
{ "type": "Feature", "properties": { "Name": "W Santa Clara & Almaden Blvd", "description": "stop_id: 875\nagency: Santa Cruz METRO", "tessellate": -1, "extrude": 0, "visibility": -1 }, "geometry": { "type": "Point", "coordinates": [ -121.895737, 37.33379, 0.0 ] } },
{ "type": "Feature", "properties": { "Name": "Barack Obama Blvd & Park Ave", "description": "stop_id: 876\nagency: Santa Cruz METRO", "tessellate": -1, "extrude": 0, "visibility": -1 }, "geometry": { "type": "Point", "coordinates": [ -121.900444, 37.327206, 0.0 ] } },
{ "type": "Feature", "properties": { "Name": "E Santa Clara & S 6th", "description": "stop_id: 877\nagency: Santa Cruz METRO", "tessellate": -1, "extrude": 0, "visibility": -1 }, "geometry": { "type": "Point", "coordinates": [ -121.885567, 37.338436, 0.0 ] } },
{ "type": "Feature", "properties": { "Name": "E Santa Clara & N 5th", "description": "stop_id: 878\nagency: Santa Cruz METRO", "tessellate": -1, "extrude": 0, "visibility": -1 }, "geometry": { "type": "Point", "coordinates": [ -121.886139, 37.338409, 0.0 ] } },
{ "type": "Feature", "properties": { "Name": "Airport Blvd & Airport Rd", "description": "stop_id: 879\nagency: Santa Cruz METRO", "tessellate": -1, "extrude": 0, "visibility": -1 }, "geometry": { "type": "Point", "coordinates": [ -121.782814, 36.934383, 0.0 ] } },
{ "type": "Feature", "properties": { "Name": "Airport Blvd (Airport)", "description": "stop_id: 880\nagency: Santa Cruz METRO", "tessellate": -1, "extrude": 0, "visibility": -1 }, "geometry": { "type": "Point", "coordinates": [ -121.783485, 36.934322, 0.0 ] } },
{ "type": "Feature", "properties": { "Name": "Airport Blvd & Holm Rd", "description": "stop_id: 881\nagency: Santa Cruz METRO", "tessellate": -1, "extrude": 0, "visibility": -1 }, "geometry": { "type": "Point", "coordinates": [ -121.787842, 36.931953, 0.0 ] } },
{ "type": "Feature", "properties": { "Name": "Airport Blvd (Freedom Centre)", "description": "stop_id: 882\nagency: Santa Cruz METRO", "tessellate": -1, "extrude": 0, "visibility": -1 }, "geometry": { "type": "Point", "coordinates": [ -121.77655, 36.939846, 0.0 ] } },
{ "type": "Feature", "properties": { "Name": "Amesti Rd & Green Valley Rd (Amesti School)", "description": "stop_id: 883\nagency: Santa Cruz METRO", "tessellate": -1, "extrude": 0, "visibility": -1 }, "geometry": { "type": "Point", "coordinates": [ -121.767708, 36.946316, 0.0 ] } },
{ "type": "Feature", "properties": { "Name": "Amesti Rd & Mann Ave", "description": "stop_id: 884\nagency: Santa Cruz METRO", "tessellate": -1, "extrude": 0, "visibility": -1 }, "geometry": { "type": "Point", "coordinates": [ -121.781731, 36.956173, 0.0 ] } },
{ "type": "Feature", "properties": { "Name": "Amesti Rd & Bollinger Pl", "description": "stop_id: 885\nagency: Santa Cruz METRO", "tessellate": -1, "extrude": 0, "visibility": -1 }, "geometry": { "type": "Point", "coordinates": [ -121.793793, 36.967934, 0.0 ] } },
{ "type": "Feature", "properties": { "Name": "Bowker Rd & Buena Vista Dr", "description": "stop_id: 886\nagency: Santa Cruz METRO", "tessellate": -1, "extrude": 0, "visibility": -1 }, "geometry": { "type": "Point", "coordinates": [ -121.791351, 36.939789, 0.0 ] } },
{ "type": "Feature", "properties": { "Name": "Bowker Rd & Calabasas Rd", "description": "stop_id: 887\nagency: Santa Cruz METRO", "tessellate": -1, "extrude": 0, "visibility": -1 }, "geometry": { "type": "Point", "coordinates": [ -121.790672, 36.941872, 0.0 ] } },
{ "type": "Feature", "properties": { "Name": "Browns Valley Rd & Corralitos Rd", "description": "stop_id: 889\nagency: Santa Cruz METRO", "tessellate": -1, "extrude": 0, "visibility": -1 }, "geometry": { "type": "Point", "coordinates": [ -121.806686, 36.988743, 0.0 ] } },
{ "type": "Feature", "properties": { "Name": "Clifford Ave (Clifford Manor)", "description": "stop_id: 890\nagency: Santa Cruz METRO", "tessellate": -1, "extrude": 0, "visibility": -1 }, "geometry": { "type": "Point", "coordinates": [ -121.773865, 36.924629, 0.0 ] } },
{ "type": "Feature", "properties": { "Name": "Clifford Ave & Lassen Way", "description": "stop_id: 891\nagency: Santa Cruz METRO", "tessellate": -1, "extrude": 0, "visibility": -1 }, "geometry": { "type": "Point", "coordinates": [ -121.773895, 36.924191, 0.0 ] } },
{ "type": "Feature", "properties": { "Name": "Clifford Ave & Melrose Ave", "description": "stop_id: 892\nagency: Santa Cruz METRO", "tessellate": -1, "extrude": 0, "visibility": -1 }, "geometry": { "type": "Point", "coordinates": [ -121.772972, 36.926682, 0.0 ] } },
{ "type": "Feature", "properties": { "Name": "Clifford Ave & Crescent Dr", "description": "stop_id: 893\nagency: Santa Cruz METRO", "tessellate": -1, "extrude": 0, "visibility": -1 }, "geometry": { "type": "Point", "coordinates": [ -121.7715, 36.927647, 0.0 ] } },
{ "type": "Feature", "properties": { "Name": "Clifford Ave & Freedom Blvd", "description": "stop_id: 894\nagency: Santa Cruz METRO", "tessellate": -1, "extrude": 0, "visibility": -1 }, "geometry": { "type": "Point", "coordinates": [ -121.768669, 36.929779, 0.0 ] } },
{ "type": "Feature", "properties": { "Name": "College Rd & Parker Dr", "description": "stop_id: 895\nagency: Santa Cruz METRO", "tessellate": -1, "extrude": 0, "visibility": -1 }, "geometry": { "type": "Point", "coordinates": [ -121.734009, 36.933037, 0.0 ] } },
{ "type": "Feature", "properties": { "Name": "College Rd & Cutter Dr", "description": "stop_id: 896\nagency: Santa Cruz METRO", "tessellate": -1, "extrude": 0, "visibility": -1 }, "geometry": { "type": "Point", "coordinates": [ -121.738052, 36.934174, 0.0 ] } },
{ "type": "Feature", "properties": { "Name": "College Rd & E Lake Ave", "description": "stop_id: 897\nagency: Santa Cruz METRO", "tessellate": -1, "extrude": 0, "visibility": -1 }, "geometry": { "type": "Point", "coordinates": [ -121.742928, 36.935867, 0.0 ] } },
{ "type": "Feature", "properties": { "Name": "Corralitos Rd (Bradley Elementary)", "description": "stop_id: 898\nagency: Santa Cruz METRO", "tessellate": -1, "extrude": 0, "visibility": -1 }, "geometry": { "type": "Point", "coordinates": [ -121.806442, 36.975407, 0.0 ] } },
{ "type": "Feature", "properties": { "Name": "Corralitos Rd & Varni Rd", "description": "stop_id: 899\nagency: Santa Cruz METRO", "tessellate": -1, "extrude": 0, "visibility": -1 }, "geometry": { "type": "Point", "coordinates": [ -121.807327, 36.968041, 0.0 ] } },
{ "type": "Feature", "properties": { "Name": "E Beach & Marchant", "description": "stop_id: 900\nagency: Santa Cruz METRO", "tessellate": -1, "extrude": 0, "visibility": -1 }, "geometry": { "type": "Point", "coordinates": [ -121.753555, 36.912575, 0.0 ] } },
{ "type": "Feature", "properties": { "Name": "E Beach & Blackburn", "description": "stop_id: 901\nagency: Santa Cruz METRO", "tessellate": -1, "extrude": 0, "visibility": -1 }, "geometry": { "type": "Point", "coordinates": [ -121.749451, 36.915508, 0.0 ] } },
{ "type": "Feature", "properties": { "Name": "E Beach & Beck", "description": "stop_id: 902\nagency: Santa Cruz METRO", "tessellate": -1, "extrude": 0, "visibility": -1 }, "geometry": { "type": "Point", "coordinates": [ -121.747749, 36.916798, 0.0 ] } },
{ "type": "Feature", "properties": { "Name": "E Lake & Sudden", "description": "stop_id: 904\nagency: Santa Cruz METRO", "tessellate": -1, "extrude": 0, "visibility": -1 }, "geometry": { "type": "Point", "coordinates": [ -121.756165, 36.913342, 0.0 ] } },
{ "type": "Feature", "properties": { "Name": "E Lake & Martinelli (East Lake Village)", "description": "stop_id: 905\nagency: Santa Cruz METRO", "tessellate": -1, "extrude": 0, "visibility": -1 }, "geometry": { "type": "Point", "coordinates": [ -121.746262, 36.924847, 0.0 ] } },
{ "type": "Feature", "properties": { "Name": "E Lake & Martinelli (East Lake Village)", "description": "stop_id: 906\nagency: Santa Cruz METRO", "tessellate": -1, "extrude": 0, "visibility": -1 }, "geometry": { "type": "Point", "coordinates": [ -121.745865, 36.925247, 0.0 ] } },
{ "type": "Feature", "properties": { "Name": "Freedom Blvd & Atkinson Ln", "description": "stop_id: 909\nagency: Santa Cruz METRO", "tessellate": -1, "extrude": 0, "visibility": -1 }, "geometry": { "type": "Point", "coordinates": [ -121.767693, 36.929951, 0.0 ] } },
{ "type": "Feature", "properties": { "Name": "Freedom Blvd & Sydney Ave", "description": "stop_id: 910\nagency: Santa Cruz METRO", "tessellate": -1, "extrude": 0, "visibility": -1 }, "geometry": { "type": "Point", "coordinates": [ -121.769493, 36.931419, 0.0 ] } },
{ "type": "Feature", "properties": { "Name": "Freedom Blvd & Blanca Ln", "description": "stop_id: 911\nagency: Santa Cruz METRO", "tessellate": -1, "extrude": 0, "visibility": -1 }, "geometry": { "type": "Point", "coordinates": [ -121.769249, 36.931553, 0.0 ] } },
{ "type": "Feature", "properties": { "Name": "Freedom Blvd & Davis Ave", "description": "stop_id: 912\nagency: Santa Cruz METRO", "tessellate": -1, "extrude": 0, "visibility": -1 }, "geometry": { "type": "Point", "coordinates": [ -121.771362, 36.933136, 0.0 ] } },
{ "type": "Feature", "properties": { "Name": "Freedom Blvd & Green Valley Rd", "description": "stop_id: 913\nagency: Santa Cruz METRO", "tessellate": -1, "extrude": 0, "visibility": -1 }, "geometry": { "type": "Point", "coordinates": [ -121.773621, 36.935398, 0.0 ] } },
{ "type": "Feature", "properties": { "Name": "Freedom Blvd & Airport Blvd (Freedom Centre)", "description": "stop_id: 914\nagency: Santa Cruz METRO", "tessellate": -1, "extrude": 0, "visibility": -1 }, "geometry": { "type": "Point", "coordinates": [ -121.776543, 36.937725, 0.0 ] } },
{ "type": "Feature", "properties": { "Name": "Freedom Blvd & Emme", "description": "stop_id: 915\nagency: Santa Cruz METRO", "tessellate": -1, "extrude": 0, "visibility": -1 }, "geometry": { "type": "Point", "coordinates": [ -121.780052, 36.939388, 0.0 ] } },
{ "type": "Feature", "properties": { "Name": "Freedom Blvd & Compton Ter", "description": "stop_id: 916\nagency: Santa Cruz METRO", "tessellate": -1, "extrude": 0, "visibility": -1 }, "geometry": { "type": "Point", "coordinates": [ -121.779884, 36.939522, 0.0 ] } },
{ "type": "Feature", "properties": { "Name": "Freedom Blvd & Bowker Rd", "description": "stop_id: 917\nagency: Santa Cruz METRO", "tessellate": -1, "extrude": 0, "visibility": -1 }, "geometry": { "type": "Point", "coordinates": [ -121.787468, 36.944496, 0.0 ] } },
{ "type": "Feature", "properties": { "Name": "Freedom Blvd & Bowker Rd", "description": "stop_id: 918\nagency: Santa Cruz METRO", "tessellate": -1, "extrude": 0, "visibility": -1 }, "geometry": { "type": "Point", "coordinates": [ -121.787308, 36.944565, 0.0 ] } },
{ "type": "Feature", "properties": { "Name": "S Green Valley Rd & Melwood", "description": "stop_id: 919\nagency: Santa Cruz METRO", "tessellate": -1, "extrude": 0, "visibility": -1 }, "geometry": { "type": "Point", "coordinates": [ -121.783035, 36.919697, 0.0 ] } },
{ "type": "Feature", "properties": { "Name": "S Green Valley Rd & Melwood", "description": "stop_id: 920\nagency: Santa Cruz METRO", "tessellate": -1, "extrude": 0, "visibility": -1 }, "geometry": { "type": "Point", "coordinates": [ -121.783089, 36.920185, 0.0 ] } },
{ "type": "Feature", "properties": { "Name": "S Green Valley Rd & Oakridge", "description": "stop_id: 921\nagency: Santa Cruz METRO", "tessellate": -1, "extrude": 0, "visibility": -1 }, "geometry": { "type": "Point", "coordinates": [ -121.780571, 36.923981, 0.0 ] } },
{ "type": "Feature", "properties": { "Name": "S Green Valley Rd & Hope Dr (Kingdom Hall)", "description": "stop_id: 922\nagency: Santa Cruz METRO", "tessellate": -1, "extrude": 0, "visibility": -1 }, "geometry": { "type": "Point", "coordinates": [ -121.778175, 36.928142, 0.0 ] } },
{ "type": "Feature", "properties": { "Name": "S Green Valley Rd & Pennsylvania Dr", "description": "stop_id: 923\nagency: Santa Cruz METRO", "tessellate": -1, "extrude": 0, "visibility": -1 }, "geometry": { "type": "Point", "coordinates": [ -121.776855, 36.930405, 0.0 ] } },
{ "type": "Feature", "properties": { "Name": "Green Valley Rd & Freedom Blvd", "description": "stop_id: 924\nagency: Santa Cruz METRO", "tessellate": -1, "extrude": 0, "visibility": -1 }, "geometry": { "type": "Point", "coordinates": [ -121.772751, 36.935593, 0.0 ] } },
{ "type": "Feature", "properties": { "Name": "Green Valley Rd & Holohan Rd (The Towers)", "description": "stop_id: 925\nagency: Santa Cruz METRO", "tessellate": -1, "extrude": 0, "visibility": -1 }, "geometry": { "type": "Point", "coordinates": [ -121.770195, 36.939835, 0.0 ] } },
{ "type": "Feature", "properties": { "Name": "Green Valley Rd & Holohan Rd (The Towers)", "description": "stop_id: 926\nagency: Santa Cruz METRO", "tessellate": -1, "extrude": 0, "visibility": -1 }, "geometry": { "type": "Point", "coordinates": [ -121.77005, 36.939571, 0.0 ] } },
{ "type": "Feature", "properties": { "Name": "Green Valley Rd & Carnation Dr (Medical Plaza)", "description": "stop_id: 927\nagency: Santa Cruz METRO", "tessellate": -1, "extrude": 0, "visibility": -1 }, "geometry": { "type": "Point", "coordinates": [ -121.770973, 36.937897, 0.0 ] } },
{ "type": "Feature", "properties": { "Name": "Green Valley Rd & Amesti Rd", "description": "stop_id: 928\nagency: Santa Cruz METRO", "tessellate": -1, "extrude": 0, "visibility": -1 }, "geometry": { "type": "Point", "coordinates": [ -121.766762, 36.946037, 0.0 ] } },
{ "type": "Feature", "properties": { "Name": "Green Valley Rd & Amesti Rd", "description": "stop_id: 929\nagency: Santa Cruz METRO", "tessellate": -1, "extrude": 0, "visibility": -1 }, "geometry": { "type": "Point", "coordinates": [ -121.766525, 36.945976, 0.0 ] } },
{ "type": "Feature", "properties": { "Name": "Green Valley Rd & Behler Rd (Pinto Lake Pk)", "description": "stop_id: 930\nagency: Santa Cruz METRO", "tessellate": -1, "extrude": 0, "visibility": -1 }, "geometry": { "type": "Point", "coordinates": [ -121.765282, 36.948223, 0.0 ] } },
{ "type": "Feature", "properties": { "Name": "Green Valley Rd & Mello View Ln", "description": "stop_id: 931\nagency: Santa Cruz METRO", "tessellate": -1, "extrude": 0, "visibility": -1 }, "geometry": { "type": "Point", "coordinates": [ -121.764969, 36.950825, 0.0 ] } },
{ "type": "Feature", "properties": { "Name": "Green Valley Rd & Minto Rd", "description": "stop_id: 932\nagency: Santa Cruz METRO", "tessellate": -1, "extrude": 0, "visibility": -1 }, "geometry": { "type": "Point", "coordinates": [ -121.764816, 36.951668, 0.0 ] } },
{ "type": "Feature", "properties": { "Name": "Green Valley Rd & Trembly Ln", "description": "stop_id: 933\nagency: Santa Cruz METRO", "tessellate": -1, "extrude": 0, "visibility": -1 }, "geometry": { "type": "Point", "coordinates": [ -121.764832, 36.958069, 0.0 ] } },
{ "type": "Feature", "properties": { "Name": "Green Valley Rd & Klassen Ln", "description": "stop_id: 934\nagency: Santa Cruz METRO", "tessellate": -1, "extrude": 0, "visibility": -1 }, "geometry": { "type": "Point", "coordinates": [ -121.765038, 36.961384, 0.0 ] } },
{ "type": "Feature", "properties": { "Name": "Green Valley Rd & Klassen Ln", "description": "stop_id: 935\nagency: Santa Cruz METRO", "tessellate": -1, "extrude": 0, "visibility": -1 }, "geometry": { "type": "Point", "coordinates": [ -121.764877, 36.961143, 0.0 ] } },
{ "type": "Feature", "properties": { "Name": "Green Valley Rd & Dalton Ln", "description": "stop_id: 936\nagency: Santa Cruz METRO", "tessellate": -1, "extrude": 0, "visibility": -1 }, "geometry": { "type": "Point", "coordinates": [ -121.764847, 36.963707, 0.0 ] } },
{ "type": "Feature", "properties": { "Name": "Green Valley Rd & Rancho Todos Santos Rd", "description": "stop_id: 937\nagency: Santa Cruz METRO", "tessellate": -1, "extrude": 0, "visibility": -1 }, "geometry": { "type": "Point", "coordinates": [ -121.76506, 36.963921, 0.0 ] } },
{ "type": "Feature", "properties": { "Name": "Herman Ave (Rolling Hills Middle School)", "description": "stop_id: 939\nagency: Santa Cruz METRO", "tessellate": -1, "extrude": 0, "visibility": -1 }, "geometry": { "type": "Point", "coordinates": [ -121.784691, 36.924446, 0.0 ] } },
{ "type": "Feature", "properties": { "Name": "Lakeview Rd & Parkwood Dr", "description": "stop_id: 940\nagency: Santa Cruz METRO", "tessellate": -1, "extrude": 0, "visibility": -1 }, "geometry": { "type": "Point", "coordinates": [ -121.732437, 36.931274, 0.0 ] } },
{ "type": "Feature", "properties": { "Name": "Kralj Dr & Lawrence Ave", "description": "stop_id: 941\nagency: Santa Cruz METRO", "tessellate": -1, "extrude": 0, "visibility": -1 }, "geometry": { "type": "Point", "coordinates": [ -121.783279, 36.922463, 0.0 ] } },
{ "type": "Feature", "properties": { "Name": "Main & Rodriguez", "description": "stop_id: 942\nagency: Santa Cruz METRO", "tessellate": -1, "extrude": 0, "visibility": -1 }, "geometry": { "type": "Point", "coordinates": [ -121.763763, 36.9151, 0.0 ] } },
{ "type": "Feature", "properties": { "Name": "Main & Auto Center Dr", "description": "stop_id: 943\nagency: Santa Cruz METRO", "tessellate": -1, "extrude": 0, "visibility": -1 }, "geometry": { "type": "Point", "coordinates": [ -121.767921, 36.915791, 0.0 ] } },
{ "type": "Feature", "properties": { "Name": "Main & Pennsylvania Dr", "description": "stop_id: 944\nagency: Santa Cruz METRO", "tessellate": -1, "extrude": 0, "visibility": -1 }, "geometry": { "type": "Point", "coordinates": [ -121.771217, 36.91634, 0.0 ] } },
{ "type": "Feature", "properties": { "Name": "Main & Clifford Ave", "description": "stop_id: 945\nagency: Santa Cruz METRO", "tessellate": -1, "extrude": 0, "visibility": -1 }, "geometry": { "type": "Point", "coordinates": [ -121.776237, 36.917484, 0.0 ] } },
{ "type": "Feature", "properties": { "Name": "Main & Ohlone Pkwy", "description": "stop_id: 946\nagency: Santa Cruz METRO", "tessellate": -1, "extrude": 0, "visibility": -1 }, "geometry": { "type": "Point", "coordinates": [ -121.776535, 36.91724, 0.0 ] } },
{ "type": "Feature", "properties": { "Name": "Main & S Green Valley Rd", "description": "stop_id: 947\nagency: Santa Cruz METRO", "tessellate": -1, "extrude": 0, "visibility": -1 }, "geometry": { "type": "Point", "coordinates": [ -121.78241, 36.918545, 0.0 ] } },
{ "type": "Feature", "properties": { "Name": "Main & S Green Valley Rd", "description": "stop_id: 948\nagency: Santa Cruz METRO", "tessellate": -1, "extrude": 0, "visibility": -1 }, "geometry": { "type": "Point", "coordinates": [ -121.782959, 36.918312, 0.0 ] } },
{ "type": "Feature", "properties": { "Name": "Manfre Rd & Larkin Valley Rd", "description": "stop_id: 952\nagency: Santa Cruz METRO", "tessellate": -1, "extrude": 0, "visibility": -1 }, "geometry": { "type": "Point", "coordinates": [ -121.800095, 36.927284, 0.0 ] } },
{ "type": "Feature", "properties": { "Name": "Manfre Rd & Lucerne Ave", "description": "stop_id: 953\nagency: Santa Cruz METRO", "tessellate": -1, "extrude": 0, "visibility": -1 }, "geometry": { "type": "Point", "coordinates": [ -121.799011, 36.933083, 0.0 ] } },
{ "type": "Feature", "properties": { "Name": "Manfre Rd (#222)", "description": "stop_id: 954\nagency: Santa Cruz METRO", "tessellate": -1, "extrude": 0, "visibility": -1 }, "geometry": { "type": "Point", "coordinates": [ -121.798355, 36.935535, 0.0 ] } },
{ "type": "Feature", "properties": { "Name": "Manfre Rd & Buena Vista Dr", "description": "stop_id: 955\nagency: Santa Cruz METRO", "tessellate": -1, "extrude": 0, "visibility": -1 }, "geometry": { "type": "Point", "coordinates": [ -121.79792, 36.939365, 0.0 ] } },
{ "type": "Feature", "properties": { "Name": "Rodriguez & W 5th", "description": "stop_id: 956\nagency: Santa Cruz METRO", "tessellate": -1, "extrude": 0, "visibility": -1 }, "geometry": { "type": "Point", "coordinates": [ -121.762352, 36.911923, 0.0 ] } },
{ "type": "Feature", "properties": { "Name": "Rodriguez & Ford", "description": "stop_id: 957\nagency: Santa Cruz METRO", "tessellate": -1, "extrude": 0, "visibility": -1 }, "geometry": { "type": "Point", "coordinates": [ -121.764084, 36.913075, 0.0 ] } },
{ "type": "Feature", "properties": { "Name": "Airport Blvd & Ross Ave", "description": "stop_id: 958\nagency: Santa Cruz METRO", "tessellate": -1, "extrude": 0, "visibility": -1 }, "geometry": { "type": "Point", "coordinates": [ -121.785049, 36.933208, 0.0 ] } },
{ "type": "Feature", "properties": { "Name": "Shady Oaks Dr & Anna", "description": "stop_id: 959\nagency: Santa Cruz METRO", "tessellate": -1, "extrude": 0, "visibility": -1 }, "geometry": { "type": "Point", "coordinates": [ -121.785393, 36.925869, 0.0 ] } },
{ "type": "Feature", "properties": { "Name": "Shady Oaks Dr & Jeanette Way", "description": "stop_id: 960\nagency: Santa Cruz METRO", "tessellate": -1, "extrude": 0, "visibility": -1 }, "geometry": { "type": "Point", "coordinates": [ -121.78537, 36.927445, 0.0 ] } },
{ "type": "Feature", "properties": { "Name": "Sunnyhills Dr & Shady Oaks Dr", "description": "stop_id: 961\nagency: Santa Cruz METRO", "tessellate": -1, "extrude": 0, "visibility": -1 }, "geometry": { "type": "Point", "coordinates": [ -121.78537, 36.929913, 0.0 ] } },
{ "type": "Feature", "properties": { "Name": "Aptos Beach Dr & Marina Ave", "description": "stop_id: 964\nagency: Santa Cruz METRO", "tessellate": -1, "extrude": 0, "visibility": -1 }, "geometry": { "type": "Point", "coordinates": [ -121.904762, 36.969791, 0.0 ] } },
{ "type": "Feature", "properties": { "Name": "Bay Ave & Capitola Ave", "description": "stop_id: 965\nagency: Santa Cruz METRO", "tessellate": -1, "extrude": 0, "visibility": -1 }, "geometry": { "type": "Point", "coordinates": [ -121.953629, 36.979069, 0.0 ] } },
{ "type": "Feature", "properties": { "Name": "Bay Ave & Hill", "description": "stop_id: 966\nagency: Santa Cruz METRO", "tessellate": -1, "extrude": 0, "visibility": -1 }, "geometry": { "type": "Point", "coordinates": [ -121.95549, 36.980904, 0.0 ] } },
{ "type": "Feature", "properties": { "Name": "Bay & Columbia (Garfield Park Village)", "description": "stop_id: 967\nagency: Santa Cruz METRO", "tessellate": -1, "extrude": 0, "visibility": -1 }, "geometry": { "type": "Point", "coordinates": [ -122.034157, 36.96244, 0.0 ] } },
{ "type": "Feature", "properties": { "Name": "Bay & Columbia (Garfield Park Village)", "description": "stop_id: 968\nagency: Santa Cruz METRO", "tessellate": -1, "extrude": 0, "visibility": -1 }, "geometry": { "type": "Point", "coordinates": [ -122.033958, 36.962483, 0.0 ] } },
{ "type": "Feature", "properties": { "Name": "Bay & Redwood", "description": "stop_id: 969\nagency: Santa Cruz METRO", "tessellate": -1, "extrude": 0, "visibility": -1 }, "geometry": { "type": "Point", "coordinates": [ -122.03643, 36.963928, 0.0 ] } },
{ "type": "Feature", "properties": { "Name": "Bay & Seaside", "description": "stop_id: 970\nagency: Santa Cruz METRO", "tessellate": -1, "extrude": 0, "visibility": -1 }, "geometry": { "type": "Point", "coordinates": [ -122.038498, 36.965504, 0.0 ] } },
{ "type": "Feature", "properties": { "Name": "Bay & Mission (Bay View School)", "description": "stop_id: 972\nagency: Santa Cruz METRO", "tessellate": -1, "extrude": 0, "visibility": -1 }, "geometry": { "type": "Point", "coordinates": [ -122.03981, 36.966209, 0.0 ] } },
{ "type": "Feature", "properties": { "Name": "Bay & Mission", "description": "stop_id: 973\nagency: Santa Cruz METRO", "tessellate": -1, "extrude": 0, "visibility": -1 }, "geometry": { "type": "Point", "coordinates": [ -122.040596, 36.966919, 0.0 ] } },
{ "type": "Feature", "properties": { "Name": "Bay & King", "description": "stop_id: 974\nagency: Santa Cruz METRO", "tessellate": -1, "extrude": 0, "visibility": -1 }, "geometry": { "type": "Point", "coordinates": [ -122.043297, 36.9683, 0.0 ] } },
{ "type": "Feature", "properties": { "Name": "Bay & Escalona Dr", "description": "stop_id: 975\nagency: Santa Cruz METRO", "tessellate": -1, "extrude": 0, "visibility": -1 }, "geometry": { "type": "Point", "coordinates": [ -122.045906, 36.96941, 0.0 ] } },
{ "type": "Feature", "properties": { "Name": "Bay Dr & Iowa Dr", "description": "stop_id: 976\nagency: Santa Cruz METRO", "tessellate": -1, "extrude": 0, "visibility": -1 }, "geometry": { "type": "Point", "coordinates": [ -122.0504, 36.974297, 0.0 ] } },
{ "type": "Feature", "properties": { "Name": "Bay Dr & Nobel Dr", "description": "stop_id: 977\nagency: Santa Cruz METRO", "tessellate": -1, "extrude": 0, "visibility": -1 }, "geometry": { "type": "Point", "coordinates": [ -122.05011, 36.973709, 0.0 ] } },
{ "type": "Feature", "properties": { "Name": "Bay Dr & Meder", "description": "stop_id: 978\nagency: Santa Cruz METRO", "tessellate": -1, "extrude": 0, "visibility": -1 }, "geometry": { "type": "Point", "coordinates": [ -122.052437, 36.975456, 0.0 ] } },
{ "type": "Feature", "properties": { "Name": "Big Basin Way & Hwy 9", "description": "stop_id: 979\nagency: Santa Cruz METRO", "tessellate": -1, "extrude": 0, "visibility": -1 }, "geometry": { "type": "Point", "coordinates": [ -122.122658, 37.125347, 0.0 ] } },
{ "type": "Feature", "properties": { "Name": "Big Basin Way & Boulder Brook Dr", "description": "stop_id: 980\nagency: Santa Cruz METRO", "tessellate": -1, "extrude": 0, "visibility": -1 }, "geometry": { "type": "Point", "coordinates": [ -122.134613, 37.1306, 0.0 ] } },
{ "type": "Feature", "properties": { "Name": "Big Basin Way & Redwood Ave", "description": "stop_id: 981\nagency: Santa Cruz METRO", "tessellate": -1, "extrude": 0, "visibility": -1 }, "geometry": { "type": "Point", "coordinates": [ -122.12619, 37.124828, 0.0 ] } },
{ "type": "Feature", "properties": { "Name": "Big Basin Way & Ridge Dr (Forest Pool)", "description": "stop_id: 982\nagency: Santa Cruz METRO", "tessellate": -1, "extrude": 0, "visibility": -1 }, "geometry": { "type": "Point", "coordinates": [ -122.1409, 37.135456, 0.0 ] } },
{ "type": "Feature", "properties": { "Name": "Big Basin Way (Brackenbrae Br)", "description": "stop_id: 983\nagency: Santa Cruz METRO", "tessellate": -1, "extrude": 0, "visibility": -1 }, "geometry": { "type": "Point", "coordinates": [ -122.143929, 37.138317, 0.0 ] } },
{ "type": "Feature", "properties": { "Name": "Big Basin Way & Acorn Dr", "description": "stop_id: 984\nagency: Santa Cruz METRO", "tessellate": -1, "extrude": 0, "visibility": -1 }, "geometry": { "type": "Point", "coordinates": [ -122.148872, 37.139378, 0.0 ] } },
{ "type": "Feature", "properties": { "Name": "Big Basin Way & Acorn Dr", "description": "stop_id: 985\nagency: Santa Cruz METRO", "tessellate": -1, "extrude": 0, "visibility": -1 }, "geometry": { "type": "Point", "coordinates": [ -122.148087, 37.138859, 0.0 ] } },
{ "type": "Feature", "properties": { "Name": "Big Basin Way & Fallen Leaf Dr", "description": "stop_id: 986\nagency: Santa Cruz METRO", "tessellate": -1, "extrude": 0, "visibility": -1 }, "geometry": { "type": "Point", "coordinates": [ -122.156685, 37.144855, 0.0 ] } },
{ "type": "Feature", "properties": { "Name": "Big Basin Way & Fallen Leaf Dr", "description": "stop_id: 987\nagency: Santa Cruz METRO", "tessellate": -1, "extrude": 0, "visibility": -1 }, "geometry": { "type": "Point", "coordinates": [ -122.156837, 37.144703, 0.0 ] } },
{ "type": "Feature", "properties": { "Name": "Big Basin Way & Jamison Creek Rd", "description": "stop_id: 988\nagency: Santa Cruz METRO", "tessellate": -1, "extrude": 0, "visibility": -1 }, "geometry": { "type": "Point", "coordinates": [ -122.157898, 37.146034, 0.0 ] } },
{ "type": "Feature", "properties": { "Name": "Big Basin Way (Country Club)", "description": "stop_id: 989\nagency: Santa Cruz METRO", "tessellate": -1, "extrude": 0, "visibility": -1 }, "geometry": { "type": "Point", "coordinates": [ -122.161385, 37.153385, 0.0 ] } },
{ "type": "Feature", "properties": { "Name": "Bonny Doon Rd & Phillips Ranch Rd (Mc Henry Vnyd)", "description": "stop_id: 990\nagency: Santa Cruz METRO", "tessellate": -1, "extrude": 0, "visibility": -1 }, "geometry": { "type": "Point", "coordinates": [ -122.151726, 37.065868, 0.0 ] } },
{ "type": "Feature", "properties": { "Name": "Bonny Doon Rd (Country Estates Terrace)", "description": "stop_id: 991\nagency: Santa Cruz METRO", "tessellate": -1, "extrude": 0, "visibility": -1 }, "geometry": { "type": "Point", "coordinates": [ -122.160866, 37.052712, 0.0 ] } },
{ "type": "Feature", "properties": { "Name": "Broadway & Riverside Ave", "description": "stop_id: 992\nagency: Santa Cruz METRO", "tessellate": -1, "extrude": 0, "visibility": -1 }, "geometry": { "type": "Point", "coordinates": [ -122.022049, 36.971329, 0.0 ] } },
{ "type": "Feature", "properties": { "Name": "Broadway & Clay", "description": "stop_id: 993\nagency: Santa Cruz METRO", "tessellate": -1, "extrude": 0, "visibility": -1 }, "geometry": { "type": "Point", "coordinates": [ -122.019501, 36.972656, 0.0 ] } },
{ "type": "Feature", "properties": { "Name": "Broadway & Clay", "description": "stop_id: 994\nagency: Santa Cruz METRO", "tessellate": -1, "extrude": 0, "visibility": -1 }, "geometry": { "type": "Point", "coordinates": [ -122.019524, 36.972805, 0.0 ] } },
{ "type": "Feature", "properties": { "Name": "Broadway & Ocean", "description": "stop_id: 995\nagency: Santa Cruz METRO", "tessellate": -1, "extrude": 0, "visibility": -1 }, "geometry": { "type": "Point", "coordinates": [ -122.017769, 36.973503, 0.0 ] } },
{ "type": "Feature", "properties": { "Name": "Broadway & Pine", "description": "stop_id: 996\nagency: Santa Cruz METRO", "tessellate": -1, "extrude": 0, "visibility": -1 }, "geometry": { "type": "Point", "coordinates": [ -122.012794, 36.974903, 0.0 ] } },
{ "type": "Feature", "properties": { "Name": "Broadway & Cayuga", "description": "stop_id: 997\nagency: Santa Cruz METRO", "tessellate": -1, "extrude": 0, "visibility": -1 }, "geometry": { "type": "Point", "coordinates": [ -122.010559, 36.975063, 0.0 ] } },
{ "type": "Feature", "properties": { "Name": "Broadway & Seabright Ave", "description": "stop_id: 998\nagency: Santa Cruz METRO", "tessellate": -1, "extrude": 0, "visibility": -1 }, "geometry": { "type": "Point", "coordinates": [ -122.00885, 36.975346, 0.0 ] } },
{ "type": "Feature", "properties": { "Name": "Brommer (Sorrento Oaks)", "description": "stop_id: 999\nagency: Santa Cruz METRO", "tessellate": -1, "extrude": 0, "visibility": -1 }, "geometry": { "type": "Point", "coordinates": [ -121.993874, 36.971954, 0.0 ] } },
{ "type": "Feature", "properties": { "Name": "Brommer & Captains Ct", "description": "stop_id: 1000\nagency: Santa Cruz METRO", "tessellate": -1, "extrude": 0, "visibility": -1 }, "geometry": { "type": "Point", "coordinates": [ -121.993774, 36.972103, 0.0 ] } },
{ "type": "Feature", "properties": { "Name": "Brommer & El Dorado Ave", "description": "stop_id: 1001\nagency: Santa Cruz METRO", "tessellate": -1, "extrude": 0, "visibility": -1 }, "geometry": { "type": "Point", "coordinates": [ -121.989578, 36.971947, 0.0 ] } },
{ "type": "Feature", "properties": { "Name": "Brommer & El Dorado Ave", "description": "stop_id: 1002\nagency: Santa Cruz METRO", "tessellate": -1, "extrude": 0, "visibility": -1 }, "geometry": { "type": "Point", "coordinates": [ -121.989075, 36.972061, 0.0 ] } },
{ "type": "Feature", "properties": { "Name": "Brommer & 17th Ave", "description": "stop_id: 1003\nagency: Santa Cruz METRO", "tessellate": -1, "extrude": 0, "visibility": -1 }, "geometry": { "type": "Point", "coordinates": [ -121.985313, 36.971119, 0.0 ] } },
{ "type": "Feature", "properties": { "Name": "Brommer & 17th Ave", "description": "stop_id: 1004\nagency: Santa Cruz METRO", "tessellate": -1, "extrude": 0, "visibility": -1 }, "geometry": { "type": "Point", "coordinates": [ -121.98539, 36.971306, 0.0 ] } },
{ "type": "Feature", "properties": { "Name": "Capitola Rd & 7th Ave", "description": "stop_id: 1007\nagency: Santa Cruz METRO", "tessellate": -1, "extrude": 0, "visibility": -1 }, "geometry": { "type": "Point", "coordinates": [ -121.992188, 36.979492, 0.0 ] } },
{ "type": "Feature", "properties": { "Name": "Capitola Rd & 7th Ave", "description": "stop_id: 1008\nagency: Santa Cruz METRO", "tessellate": -1, "extrude": 0, "visibility": -1 }, "geometry": { "type": "Point", "coordinates": [ -121.991577, 36.97905, 0.0 ] } },
{ "type": "Feature", "properties": { "Name": "Capitola Rd & El Dorado Ave", "description": "stop_id: 1009\nagency: Santa Cruz METRO", "tessellate": -1, "extrude": 0, "visibility": -1 }, "geometry": { "type": "Point", "coordinates": [ -121.988701, 36.977577, 0.0 ] } },
{ "type": "Feature", "properties": { "Name": "Capitola Rd & Jose Ave", "description": "stop_id: 1010\nagency: Santa Cruz METRO", "tessellate": -1, "extrude": 0, "visibility": -1 }, "geometry": { "type": "Point", "coordinates": [ -121.988724, 36.977852, 0.0 ] } },
{ "type": "Feature", "properties": { "Name": "Capitola Rd & 17th Ave", "description": "stop_id: 1011\nagency: Santa Cruz METRO", "tessellate": -1, "extrude": 0, "visibility": -1 }, "geometry": { "type": "Point", "coordinates": [ -121.982391, 36.975636, 0.0 ] } },
{ "type": "Feature", "properties": { "Name": "Capitola Rd & 17th Ave (Live Oak Senior Ctr)", "description": "stop_id: 1012\nagency: Santa Cruz METRO", "tessellate": -1, "extrude": 0, "visibility": -1 }, "geometry": { "type": "Point", "coordinates": [ -121.981972, 36.975834, 0.0 ] } },
{ "type": "Feature", "properties": { "Name": "Capitola Rd & Woodrose Ave", "description": "stop_id: 1013\nagency: Santa Cruz METRO", "tessellate": -1, "extrude": 0, "visibility": -1 }, "geometry": { "type": "Point", "coordinates": [ -121.978172, 36.975285, 0.0 ] } },
{ "type": "Feature", "properties": { "Name": "Capitola Rd & Maciel Ave", "description": "stop_id: 1014\nagency: Santa Cruz METRO", "tessellate": -1, "extrude": 0, "visibility": -1 }, "geometry": { "type": "Point", "coordinates": [ -121.976852, 36.975441, 0.0 ] } },
{ "type": "Feature", "properties": { "Name": "Capitola Rd & 30th Ave", "description": "stop_id: 1015\nagency: Santa Cruz METRO", "tessellate": -1, "extrude": 0, "visibility": -1 }, "geometry": { "type": "Point", "coordinates": [ -121.974098, 36.973675, 0.0 ] } },
{ "type": "Feature", "properties": { "Name": "Capitola Rd & 30th Ave", "description": "stop_id: 1016\nagency: Santa Cruz METRO", "tessellate": -1, "extrude": 0, "visibility": -1 }, "geometry": { "type": "Point", "coordinates": [ -121.972603, 36.973789, 0.0 ] } },
{ "type": "Feature", "properties": { "Name": "Capitola Rd & Thompson Ave", "description": "stop_id: 1017\nagency: Santa Cruz METRO", "tessellate": -1, "extrude": 0, "visibility": -1 }, "geometry": { "type": "Point", "coordinates": [ -121.970589, 36.973602, 0.0 ] } },
{ "type": "Feature", "properties": { "Name": "Capitola Rd & 41st Ave", "description": "stop_id: 1018\nagency: Santa Cruz METRO", "tessellate": -1, "extrude": 0, "visibility": -1 }, "geometry": { "type": "Point", "coordinates": [ -121.966553, 36.973602, 0.0 ] } },
{ "type": "Feature", "properties": { "Name": "Capitola Rd & 41st Ave", "description": "stop_id: 1019\nagency: Santa Cruz METRO", "tessellate": -1, "extrude": 0, "visibility": -1 }, "geometry": { "type": "Point", "coordinates": [ -121.964485, 36.973621, 0.0 ] } },
{ "type": "Feature", "properties": { "Name": "Capitola Rd & 41st Ave", "description": "stop_id: 1020\nagency: Santa Cruz METRO", "tessellate": -1, "extrude": 0, "visibility": -1 }, "geometry": { "type": "Point", "coordinates": [ -121.963669, 36.973843, 0.0 ] } },
{ "type": "Feature", "properties": { "Name": "Capitola Rd & 44th Ave", "description": "stop_id: 1021\nagency: Santa Cruz METRO", "tessellate": -1, "extrude": 0, "visibility": -1 }, "geometry": { "type": "Point", "coordinates": [ -121.960815, 36.973618, 0.0 ] } },
{ "type": "Feature", "properties": { "Name": "Capitola Rd & 43rd Ave", "description": "stop_id: 1022\nagency: Santa Cruz METRO", "tessellate": -1, "extrude": 0, "visibility": -1 }, "geometry": { "type": "Point", "coordinates": [ -121.961472, 36.973843, 0.0 ] } },
{ "type": "Feature", "properties": { "Name": "Capitola Rd & 47th Ave", "description": "stop_id: 1023\nagency: Santa Cruz METRO", "tessellate": -1, "extrude": 0, "visibility": -1 }, "geometry": { "type": "Point", "coordinates": [ -121.958023, 36.973656, 0.0 ] } },
{ "type": "Feature", "properties": { "Name": "Center Ave & East", "description": "stop_id: 1024\nagency: Santa Cruz METRO", "tessellate": -1, "extrude": 0, "visibility": -1 }, "geometry": { "type": "Point", "coordinates": [ -121.910355, 36.974327, 0.0 ] } },
{ "type": "Feature", "properties": { "Name": "Center Ave & Santa Clara Ave", "description": "stop_id: 1025\nagency: Santa Cruz METRO", "tessellate": -1, "extrude": 0, "visibility": -1 }, "geometry": { "type": "Point", "coordinates": [ -121.908646, 36.974441, 0.0 ] } },
{ "type": "Feature", "properties": { "Name": "Center Ave & El Camino Del Mar", "description": "stop_id: 1026\nagency: Santa Cruz METRO", "tessellate": -1, "extrude": 0, "visibility": -1 }, "geometry": { "type": "Point", "coordinates": [ -121.907295, 36.974503, 0.0 ] } },
{ "type": "Feature", "properties": { "Name": "Clubhouse Dr & St Andrews Dr", "description": "stop_id: 1029\nagency: Santa Cruz METRO", "tessellate": -1, "extrude": 0, "visibility": -1 }, "geometry": { "type": "Point", "coordinates": [ -121.879417, 36.964104, 0.0 ] } },
{ "type": "Feature", "properties": { "Name": "Clubhouse Dr & Locke Dr", "description": "stop_id: 1030\nagency: Santa Cruz METRO", "tessellate": -1, "extrude": 0, "visibility": -1 }, "geometry": { "type": "Point", "coordinates": [ -121.883453, 36.967808, 0.0 ] } },
{ "type": "Feature", "properties": { "Name": "Clubhouse Dr & Los Altos Dr", "description": "stop_id: 1031\nagency: Santa Cruz METRO", "tessellate": -1, "extrude": 0, "visibility": -1 }, "geometry": { "type": "Point", "coordinates": [ -121.885704, 36.970222, 0.0 ] } },
{ "type": "Feature", "properties": { "Name": "Clubhouse Dr & Murray Ave", "description": "stop_id: 1032\nagency: Santa Cruz METRO", "tessellate": -1, "extrude": 0, "visibility": -1 }, "geometry": { "type": "Point", "coordinates": [ -121.887932, 36.972874, 0.0 ] } },
{ "type": "Feature", "properties": { "Name": "Bay & High (UCSC - Main Gate)", "description": "stop_id: 1033\nagency: Santa Cruz METRO", "tessellate": -1, "extrude": 0, "visibility": -1 }, "geometry": { "type": "Point", "coordinates": [ -122.053558, 36.97757, 0.0 ] } },
{ "type": "Feature", "properties": { "Name": "Coolidge Dr & Hagar Ct  (UCSC - Lower Campus)", "description": "stop_id: 1034\nagency: Santa Cruz METRO", "tessellate": -1, "extrude": 0, "visibility": -1 }, "geometry": { "type": "Point", "coordinates": [ -122.051926, 36.981369, 0.0 ] } },
{ "type": "Feature", "properties": { "Name": "Coral (Granite Rock)", "description": "stop_id: 1035\nagency: Santa Cruz METRO", "tessellate": -1, "extrude": 0, "visibility": -1 }, "geometry": { "type": "Point", "coordinates": [ -122.032249, 36.984577, 0.0 ] } },
{ "type": "Feature", "properties": { "Name": "Delaware Ave & Shaffer (De Anza)", "description": "stop_id: 1038\nagency: Santa Cruz METRO", "tessellate": -1, "extrude": 0, "visibility": -1 }, "geometry": { "type": "Point", "coordinates": [ -122.062317, 36.954601, 0.0 ] } },
{ "type": "Feature", "properties": { "Name": "Delaware Ave & Natural Bridges Dr", "description": "stop_id: 1039\nagency: Santa Cruz METRO", "tessellate": -1, "extrude": 0, "visibility": -1 }, "geometry": { "type": "Point", "coordinates": [ -122.057671, 36.954792, 0.0 ] } },
{ "type": "Feature", "properties": { "Name": "Delaware Ave & Swift", "description": "stop_id: 1040\nagency: Santa Cruz METRO", "tessellate": -1, "extrude": 0, "visibility": -1 }, "geometry": { "type": "Point", "coordinates": [ -122.048012, 36.955643, 0.0 ] } },
{ "type": "Feature", "properties": { "Name": "Delaware Ave & Almar Ave", "description": "stop_id: 1041\nagency: Santa Cruz METRO", "tessellate": -1, "extrude": 0, "visibility": -1 }, "geometry": { "type": "Point", "coordinates": [ -122.043053, 36.956249, 0.0 ] } },
{ "type": "Feature", "properties": { "Name": "Delaware Ave & Surfside", "description": "stop_id: 1042\nagency: Santa Cruz METRO", "tessellate": -1, "extrude": 0, "visibility": -1 }, "geometry": { "type": "Point", "coordinates": [ -122.040794, 36.956711, 0.0 ] } },
{ "type": "Feature", "properties": { "Name": "Delaware Ave & Woodrow Ave", "description": "stop_id: 1043\nagency: Santa Cruz METRO", "tessellate": -1, "extrude": 0, "visibility": -1 }, "geometry": { "type": "Point", "coordinates": [ -122.037956, 36.956913, 0.0 ] } },
{ "type": "Feature", "properties": { "Name": "Delaware Ave & Woodrow Ave", "description": "stop_id: 1044\nagency: Santa Cruz METRO", "tessellate": -1, "extrude": 0, "visibility": -1 }, "geometry": { "type": "Point", "coordinates": [ -122.037643, 36.957111, 0.0 ] } },
{ "type": "Feature", "properties": { "Name": "E Cliff Dr & 13th Ave", "description": "stop_id: 1045\nagency: Santa Cruz METRO", "tessellate": -1, "extrude": 0, "visibility": -1 }, "geometry": { "type": "Point", "coordinates": [ -121.992393, 36.964195, 0.0 ] } },
{ "type": "Feature", "properties": { "Name": "E Cliff Dr (East Cliff Village)", "description": "stop_id: 1046\nagency: Santa Cruz METRO", "tessellate": -1, "extrude": 0, "visibility": -1 }, "geometry": { "type": "Point", "coordinates": [ -121.990685, 36.963562, 0.0 ] } },
{ "type": "Feature", "properties": { "Name": "E Cliff Dr & 15th Ave", "description": "stop_id: 1047\nagency: Santa Cruz METRO", "tessellate": -1, "extrude": 0, "visibility": -1 }, "geometry": { "type": "Point", "coordinates": [ -121.991188, 36.963505, 0.0 ] } },
{ "type": "Feature", "properties": { "Name": "Emeline Ave & Grant", "description": "stop_id: 1049\nagency: Santa Cruz METRO", "tessellate": -1, "extrude": 0, "visibility": -1 }, "geometry": { "type": "Point", "coordinates": [ -122.018837, 36.985378, 0.0 ] } },
{ "type": "Feature", "properties": { "Name": "Emeline Ave & Avalon", "description": "stop_id: 1050\nagency: Santa Cruz METRO", "tessellate": -1, "extrude": 0, "visibility": -1 }, "geometry": { "type": "Point", "coordinates": [ -122.018623, 36.985912, 0.0 ] } },
{ "type": "Feature", "properties": { "Name": "Emeline Ave & Button", "description": "stop_id: 1051\nagency: Santa Cruz METRO", "tessellate": -1, "extrude": 0, "visibility": -1 }, "geometry": { "type": "Point", "coordinates": [ -122.018532, 36.986755, 0.0 ] } },
{ "type": "Feature", "properties": { "Name": "Emeline Ave & Belmont", "description": "stop_id: 1052\nagency: Santa Cruz METRO", "tessellate": -1, "extrude": 0, "visibility": -1 }, "geometry": { "type": "Point", "coordinates": [ -122.01828, 36.988178, 0.0 ] } },
{ "type": "Feature", "properties": { "Name": "Emeline Ave & Fernside", "description": "stop_id: 1053\nagency: Santa Cruz METRO", "tessellate": -1, "extrude": 0, "visibility": -1 }, "geometry": { "type": "Point", "coordinates": [ -122.018066, 36.988522, 0.0 ] } },
{ "type": "Feature", "properties": { "Name": "Emeline Ave & Sutphen", "description": "stop_id: 1054\nagency: Santa Cruz METRO", "tessellate": -1, "extrude": 0, "visibility": -1 }, "geometry": { "type": "Point", "coordinates": [ -122.017708, 36.991451, 0.0 ] } },
{ "type": "Feature", "properties": { "Name": "Empire Grade (UCSC - Arboretum)", "description": "stop_id: 1055\nagency: Santa Cruz METRO", "tessellate": -1, "extrude": 0, "visibility": -1 }, "geometry": { "type": "Point", "coordinates": [ -122.062706, 36.982777, 0.0 ] } },
{ "type": "Feature", "properties": { "Name": "Empire Grade & Heller Dr", "description": "stop_id: 1056\nagency: Santa Cruz METRO", "tessellate": -1, "extrude": 0, "visibility": -1 }, "geometry": { "type": "Point", "coordinates": [ -122.068787, 36.988293, 0.0 ] } },
{ "type": "Feature", "properties": { "Name": "Empire Grade (Waldorf School)", "description": "stop_id: 1057\nagency: Santa Cruz METRO", "tessellate": -1, "extrude": 0, "visibility": -1 }, "geometry": { "type": "Point", "coordinates": [ -122.07399, 37.005913, 0.0 ] } },
{ "type": "Feature", "properties": { "Name": "Empire Grade & Smith Grade Rd", "description": "stop_id: 1058\nagency: Santa Cruz METRO", "tessellate": -1, "extrude": 0, "visibility": -1 }, "geometry": { "type": "Point", "coordinates": [ -122.099411, 37.026981, 0.0 ] } },
{ "type": "Feature", "properties": { "Name": "Empire Grade & Pineridge Rd", "description": "stop_id: 1059\nagency: Santa Cruz METRO", "tessellate": -1, "extrude": 0, "visibility": -1 }, "geometry": { "type": "Point", "coordinates": [ -122.109467, 37.045361, 0.0 ] } },
{ "type": "Feature", "properties": { "Name": "Empire Grade & Pineridge Rd", "description": "stop_id: 1060\nagency: Santa Cruz METRO", "tessellate": -1, "extrude": 0, "visibility": -1 }, "geometry": { "type": "Point", "coordinates": [ -122.109734, 37.0457, 0.0 ] } },
{ "type": "Feature", "properties": { "Name": "Empire Grade & McGivern Way", "description": "stop_id: 1061\nagency: Santa Cruz METRO", "tessellate": -1, "extrude": 0, "visibility": -1 }, "geometry": { "type": "Point", "coordinates": [ -122.117096, 37.053997, 0.0 ] } },
{ "type": "Feature", "properties": { "Name": "Empire Grade & Felton Empire Rd", "description": "stop_id: 1062\nagency: Santa Cruz METRO", "tessellate": -1, "extrude": 0, "visibility": -1 }, "geometry": { "type": "Point", "coordinates": [ -122.122879, 37.057629, 0.0 ] } },
{ "type": "Feature", "properties": { "Name": "Empire Grade & Felton Empire Rd", "description": "stop_id: 1063\nagency: Santa Cruz METRO", "tessellate": -1, "extrude": 0, "visibility": -1 }, "geometry": { "type": "Point", "coordinates": [ -122.122986, 37.057446, 0.0 ] } },
{ "type": "Feature", "properties": { "Name": "Empire Grade & Wild Iris Ln", "description": "stop_id: 1064\nagency: Santa Cruz METRO", "tessellate": -1, "extrude": 0, "visibility": -1 }, "geometry": { "type": "Point", "coordinates": [ -122.123215, 37.064621, 0.0 ] } },
{ "type": "Feature", "properties": { "Name": "Empire Grade & Feather Ln", "description": "stop_id: 1065\nagency: Santa Cruz METRO", "tessellate": -1, "extrude": 0, "visibility": -1 }, "geometry": { "type": "Point", "coordinates": [ -122.122498, 37.066418, 0.0 ] } },
{ "type": "Feature", "properties": { "Name": "Empire Grade & Sunlit Ln", "description": "stop_id: 1066\nagency: Santa Cruz METRO", "tessellate": -1, "extrude": 0, "visibility": -1 }, "geometry": { "type": "Point", "coordinates": [ -122.123344, 37.068131, 0.0 ] } },
{ "type": "Feature", "properties": { "Name": "Empire Grade & Granger Rd", "description": "stop_id: 1067\nagency: Santa Cruz METRO", "tessellate": -1, "extrude": 0, "visibility": -1 }, "geometry": { "type": "Point", "coordinates": [ -122.129517, 37.073196, 0.0 ] } },
{ "type": "Feature", "properties": { "Name": "Empire Grade & Rustic Ln", "description": "stop_id: 1068\nagency: Santa Cruz METRO", "tessellate": -1, "extrude": 0, "visibility": -1 }, "geometry": { "type": "Point", "coordinates": [ -122.130234, 37.074287, 0.0 ] } },
{ "type": "Feature", "properties": { "Name": "Encinal & River", "description": "stop_id: 1069\nagency: Santa Cruz METRO", "tessellate": -1, "extrude": 0, "visibility": -1 }, "geometry": { "type": "Point", "coordinates": [ -122.030769, 36.98671, 0.0 ] } },
{ "type": "Feature", "properties": { "Name": "Delaware Ave & Fair Ave", "description": "stop_id: 1070\nagency: Santa Cruz METRO", "tessellate": -1, "extrude": 0, "visibility": -1 }, "geometry": { "type": "Point", "coordinates": [ -122.04528, 36.955929, 0.0 ] } },
{ "type": "Feature", "properties": { "Name": "Freedom Blvd & Soquel Dr", "description": "stop_id: 1071\nagency: Santa Cruz METRO", "tessellate": -1, "extrude": 0, "visibility": -1 }, "geometry": { "type": "Point", "coordinates": [ -121.871498, 36.972557, 0.0 ] } },
{ "type": "Feature", "properties": { "Name": "Freedom Blvd & Soquel Dr", "description": "stop_id: 1072\nagency: Santa Cruz METRO", "tessellate": -1, "extrude": 0, "visibility": -1 }, "geometry": { "type": "Point", "coordinates": [ -121.870911, 36.97292, 0.0 ] } },
{ "type": "Feature", "properties": { "Name": "Freedom Blvd (Aptos High School)", "description": "stop_id: 1073\nagency: Santa Cruz METRO", "tessellate": -1, "extrude": 0, "visibility": -1 }, "geometry": { "type": "Point", "coordinates": [ -121.869881, 36.975254, 0.0 ] } },
{ "type": "Feature", "properties": { "Name": "Freedom Blvd (Aptos High School)", "description": "stop_id: 1074\nagency: Santa Cruz METRO", "tessellate": -1, "extrude": 0, "visibility": -1 }, "geometry": { "type": "Point", "coordinates": [ -121.869362, 36.975643, 0.0 ] } },
{ "type": "Feature", "properties": { "Name": "Freedom Blvd & Valencia Rd", "description": "stop_id: 1075\nagency: Santa Cruz METRO", "tessellate": -1, "extrude": 0, "visibility": -1 }, "geometry": { "type": "Point", "coordinates": [ -121.864647, 36.981274, 0.0 ] } },
{ "type": "Feature", "properties": { "Name": "Freedom Blvd & Valencia Rd", "description": "stop_id: 1076\nagency: Santa Cruz METRO", "tessellate": -1, "extrude": 0, "visibility": -1 }, "geometry": { "type": "Point", "coordinates": [ -121.86425, 36.981598, 0.0 ] } },
{ "type": "Feature", "properties": { "Name": "Freedom Blvd & McDonald Rd", "description": "stop_id: 1077\nagency: Santa Cruz METRO", "tessellate": -1, "extrude": 0, "visibility": -1 }, "geometry": { "type": "Point", "coordinates": [ -121.859665, 36.986607, 0.0 ] } },
{ "type": "Feature", "properties": { "Name": "Freedom Blvd & McDonald Rd", "description": "stop_id: 1078\nagency: Santa Cruz METRO", "tessellate": -1, "extrude": 0, "visibility": -1 }, "geometry": { "type": "Point", "coordinates": [ -121.859947, 36.98629, 0.0 ] } },
{ "type": "Feature", "properties": { "Name": "Freedom Blvd & Parkhurst Cir", "description": "stop_id: 1079\nagency: Santa Cruz METRO", "tessellate": -1, "extrude": 0, "visibility": -1 }, "geometry": { "type": "Point", "coordinates": [ -121.856277, 36.986561, 0.0 ] } },
{ "type": "Feature", "properties": { "Name": "Freedom Blvd & Parkhurst Cir", "description": "stop_id: 1080\nagency: Santa Cruz METRO", "tessellate": -1, "extrude": 0, "visibility": -1 }, "geometry": { "type": "Point", "coordinates": [ -121.856224, 36.986397, 0.0 ] } },
{ "type": "Feature", "properties": { "Name": "Freedom Blvd (#5620)", "description": "stop_id: 1081\nagency: Santa Cruz METRO", "tessellate": -1, "extrude": 0, "visibility": -1 }, "geometry": { "type": "Point", "coordinates": [ -121.847649, 36.986664, 0.0 ] } },
{ "type": "Feature", "properties": { "Name": "Freedom Blvd (#5620)", "description": "stop_id: 1082\nagency: Santa Cruz METRO", "tessellate": -1, "extrude": 0, "visibility": -1 }, "geometry": { "type": "Point", "coordinates": [ -121.847328, 36.986568, 0.0 ] } },
{ "type": "Feature", "properties": { "Name": "Freedom Blvd (#5310)", "description": "stop_id: 1083\nagency: Santa Cruz METRO", "tessellate": -1, "extrude": 0, "visibility": -1 }, "geometry": { "type": "Point", "coordinates": [ -121.84227, 36.987724, 0.0 ] } },
{ "type": "Feature", "properties": { "Name": "Freedom Blvd & Day Valley Rd", "description": "stop_id: 1084\nagency: Santa Cruz METRO", "tessellate": -1, "extrude": 0, "visibility": -1 }, "geometry": { "type": "Point", "coordinates": [ -121.838165, 36.987881, 0.0 ] } },
{ "type": "Feature", "properties": { "Name": "Freedom Blvd & Day Valley Rd", "description": "stop_id: 1085\nagency: Santa Cruz METRO", "tessellate": -1, "extrude": 0, "visibility": -1 }, "geometry": { "type": "Point", "coordinates": [ -121.837944, 36.987694, 0.0 ] } },
{ "type": "Feature", "properties": { "Name": "Freedom Blvd & La Vida Dr", "description": "stop_id: 1086\nagency: Santa Cruz METRO", "tessellate": -1, "extrude": 0, "visibility": -1 }, "geometry": { "type": "Point", "coordinates": [ -121.828217, 36.980305, 0.0 ] } },
{ "type": "Feature", "properties": { "Name": "Freedom Blvd & Pleasant Valley Rd", "description": "stop_id: 1087\nagency: Santa Cruz METRO", "tessellate": -1, "extrude": 0, "visibility": -1 }, "geometry": { "type": "Point", "coordinates": [ -121.825348, 36.976585, 0.0 ] } },
{ "type": "Feature", "properties": { "Name": "Freedom Blvd & Willow Heights", "description": "stop_id: 1088\nagency: Santa Cruz METRO", "tessellate": -1, "extrude": 0, "visibility": -1 }, "geometry": { "type": "Point", "coordinates": [ -121.825211, 36.976177, 0.0 ] } },
{ "type": "Feature", "properties": { "Name": "Freedom Blvd & Eagle Ridge (Scott Park)", "description": "stop_id: 1089\nagency: Santa Cruz METRO", "tessellate": -1, "extrude": 0, "visibility": -1 }, "geometry": { "type": "Point", "coordinates": [ -121.819077, 36.970886, 0.0 ] } },
{ "type": "Feature", "properties": { "Name": "Freedom Blvd & White Rd (Scott Park)", "description": "stop_id: 1090\nagency: Santa Cruz METRO", "tessellate": -1, "extrude": 0, "visibility": -1 }, "geometry": { "type": "Point", "coordinates": [ -121.818985, 36.970436, 0.0 ] } },
{ "type": "Feature", "properties": { "Name": "Freedom Blvd & Corralitos Rd", "description": "stop_id: 1091\nagency: Santa Cruz METRO", "tessellate": -1, "extrude": 0, "visibility": -1 }, "geometry": { "type": "Point", "coordinates": [ -121.809837, 36.964157, 0.0 ] } },
{ "type": "Feature", "properties": { "Name": "Freedom Blvd & Corralitos Rd", "description": "stop_id: 1092\nagency: Santa Cruz METRO", "tessellate": -1, "extrude": 0, "visibility": -1 }, "geometry": { "type": "Point", "coordinates": [ -121.809448, 36.963253, 0.0 ] } },
{ "type": "Feature", "properties": { "Name": "Freedom Blvd (Manns Apples)", "description": "stop_id: 1093\nagency: Santa Cruz METRO", "tessellate": -1, "extrude": 0, "visibility": -1 }, "geometry": { "type": "Point", "coordinates": [ -121.806229, 36.960724, 0.0 ] } },
{ "type": "Feature", "properties": { "Name": "Freedom Blvd (Manns Apples)", "description": "stop_id: 1094\nagency: Santa Cruz METRO", "tessellate": -1, "extrude": 0, "visibility": -1 }, "geometry": { "type": "Point", "coordinates": [ -121.806358, 36.960606, 0.0 ] } },
{ "type": "Feature", "properties": { "Name": "Freedom Blvd (Rider Apples)", "description": "stop_id: 1095\nagency: Santa Cruz METRO", "tessellate": -1, "extrude": 0, "visibility": -1 }, "geometry": { "type": "Point", "coordinates": [ -121.790741, 36.947907, 0.0 ] } },
{ "type": "Feature", "properties": { "Name": "Freedom Blvd (Rider Apples)", "description": "stop_id: 1096\nagency: Santa Cruz METRO", "tessellate": -1, "extrude": 0, "visibility": -1 }, "geometry": { "type": "Point", "coordinates": [ -121.792099, 36.948822, 0.0 ] } },
{ "type": "Feature", "properties": { "Name": "Freedom Blvd (Filipino Community Center)", "description": "stop_id: 1097\nagency: Santa Cruz METRO", "tessellate": -1, "extrude": 0, "visibility": -1 }, "geometry": { "type": "Point", "coordinates": [ -121.789612, 36.946781, 0.0 ] } },
{ "type": "Feature", "properties": { "Name": "Freedom Blvd (Filipino Community Center)", "description": "stop_id: 1098\nagency: Santa Cruz METRO", "tessellate": -1, "extrude": 0, "visibility": -1 }, "geometry": { "type": "Point", "coordinates": [ -121.789742, 36.946686, 0.0 ] } },
{ "type": "Feature", "properties": { "Name": "Glen Arbor Rd & Hermosa Ave", "description": "stop_id: 1100\nagency: Santa Cruz METRO", "tessellate": -1, "extrude": 0, "visibility": -1 }, "geometry": { "type": "Point", "coordinates": [ -122.08252, 37.074276, 0.0 ] } },
{ "type": "Feature", "properties": { "Name": "Glen Arbor Rd & Hermosa Ave", "description": "stop_id: 1101\nagency: Santa Cruz METRO", "tessellate": -1, "extrude": 0, "visibility": -1 }, "geometry": { "type": "Point", "coordinates": [ -122.082664, 37.074192, 0.0 ] } },
{ "type": "Feature", "properties": { "Name": "Glen Arbor Rd & Azalea Ave", "description": "stop_id: 1102\nagency: Santa Cruz METRO", "tessellate": -1, "extrude": 0, "visibility": -1 }, "geometry": { "type": "Point", "coordinates": [ -122.080383, 37.075436, 0.0 ] } },
{ "type": "Feature", "properties": { "Name": "Glen Arbor Rd & Azalea Ave", "description": "stop_id: 1103\nagency: Santa Cruz METRO", "tessellate": -1, "extrude": 0, "visibility": -1 }, "geometry": { "type": "Point", "coordinates": [ -122.080284, 37.075413, 0.0 ] } },
{ "type": "Feature", "properties": { "Name": "Glen Arbor Rd & Pine", "description": "stop_id: 1104\nagency: Santa Cruz METRO", "tessellate": -1, "extrude": 0, "visibility": -1 }, "geometry": { "type": "Point", "coordinates": [ -122.084755, 37.088444, 0.0 ] } },
{ "type": "Feature", "properties": { "Name": "Glen Arbor Rd & Quail Hollow Rd", "description": "stop_id: 1105\nagency: Santa Cruz METRO", "tessellate": -1, "extrude": 0, "visibility": -1 }, "geometry": { "type": "Point", "coordinates": [ -122.077835, 37.078968, 0.0 ] } },
{ "type": "Feature", "properties": { "Name": "Glen Arbor Rd & River", "description": "stop_id: 1106\nagency: Santa Cruz METRO", "tessellate": -1, "extrude": 0, "visibility": -1 }, "geometry": { "type": "Point", "coordinates": [ -122.077965, 37.081215, 0.0 ] } },
{ "type": "Feature", "properties": { "Name": "Glen Arbor Rd & Madrone Ave", "description": "stop_id: 1107\nagency: Santa Cruz METRO", "tessellate": -1, "extrude": 0, "visibility": -1 }, "geometry": { "type": "Point", "coordinates": [ -122.081886, 37.083786, 0.0 ] } },
{ "type": "Feature", "properties": { "Name": "Glen Arbor Rd & Madrone Ave", "description": "stop_id: 1108\nagency: Santa Cruz METRO", "tessellate": -1, "extrude": 0, "visibility": -1 }, "geometry": { "type": "Point", "coordinates": [ -122.082275, 37.08408, 0.0 ] } },
{ "type": "Feature", "properties": { "Name": "Glen Arbor Rd & Hillcrest Ave", "description": "stop_id: 1109\nagency: Santa Cruz METRO", "tessellate": -1, "extrude": 0, "visibility": -1 }, "geometry": { "type": "Point", "coordinates": [ -122.083244, 37.085506, 0.0 ] } },
{ "type": "Feature", "properties": { "Name": "Glen Arbor Rd & Locust", "description": "stop_id: 1110\nagency: Santa Cruz METRO", "tessellate": -1, "extrude": 0, "visibility": -1 }, "geometry": { "type": "Point", "coordinates": [ -122.08387, 37.086822, 0.0 ] } },
{ "type": "Feature", "properties": { "Name": "Glen Arbor Rd & Hihn Rd", "description": "stop_id: 1111\nagency: Santa Cruz METRO", "tessellate": -1, "extrude": 0, "visibility": -1 }, "geometry": { "type": "Point", "coordinates": [ -122.079124, 37.078354, 0.0 ] } },
{ "type": "Feature", "properties": { "Name": "Glen Arbor Rd & Hihn Rd", "description": "stop_id: 1112\nagency: Santa Cruz METRO", "tessellate": -1, "extrude": 0, "visibility": -1 }, "geometry": { "type": "Point", "coordinates": [ -122.079514, 37.078114, 0.0 ] } },
{ "type": "Feature", "properties": { "Name": "Glen Arbor Rd & Riverside Ave", "description": "stop_id: 1113\nagency: Santa Cruz METRO", "tessellate": -1, "extrude": 0, "visibility": -1 }, "geometry": { "type": "Point", "coordinates": [ -122.087883, 37.088734, 0.0 ] } },
{ "type": "Feature", "properties": { "Name": "Graham Hill Rd & Covered Bridge Rd N", "description": "stop_id: 1114\nagency: Santa Cruz METRO", "tessellate": -1, "extrude": 0, "visibility": -1 }, "geometry": { "type": "Point", "coordinates": [ -122.072395, 37.052555, 0.0 ] } },
{ "type": "Feature", "properties": { "Name": "Grant (Grant Park)", "description": "stop_id: 1115\nagency: Santa Cruz METRO", "tessellate": -1, "extrude": 0, "visibility": -1 }, "geometry": { "type": "Point", "coordinates": [ -122.021599, 36.985538, 0.0 ] } },
{ "type": "Feature", "properties": { "Name": "Hagar Dr (UCSC - East Remote Parking)", "description": "stop_id: 1116\nagency: Santa Cruz METRO", "tessellate": -1, "extrude": 0, "visibility": -1 }, "geometry": { "type": "Point", "coordinates": [ -122.054665, 36.991314, 0.0 ] } },
{ "type": "Feature", "properties": { "Name": "Heller Dr (UCSC - Oakes College)", "description": "stop_id: 1117\nagency: Santa Cruz METRO", "tessellate": -1, "extrude": 0, "visibility": -1 }, "geometry": { "type": "Point", "coordinates": [ -122.0672, 36.989945, 0.0 ] } },
{ "type": "Feature", "properties": { "Name": "Heller Dr & McLaughlin Dr (UCSC - Kresge College)", "description": "stop_id: 1118\nagency: Santa Cruz METRO", "tessellate": -1, "extrude": 0, "visibility": -1 }, "geometry": { "type": "Point", "coordinates": [ -122.064552, 36.999287, 0.0 ] } },
{ "type": "Feature", "properties": { "Name": "High & Western Dr", "description": "stop_id: 1119\nagency: Santa Cruz METRO", "tessellate": -1, "extrude": 0, "visibility": -1 }, "geometry": { "type": "Point", "coordinates": [ -122.057823, 36.978645, 0.0 ] } },
{ "type": "Feature", "properties": { "Name": "High & Moore", "description": "stop_id: 1120\nagency: Santa Cruz METRO", "tessellate": -1, "extrude": 0, "visibility": -1 }, "geometry": { "type": "Point", "coordinates": [ -122.048607, 36.977596, 0.0 ] } },
{ "type": "Feature", "properties": { "Name": "High & Moore", "description": "stop_id: 1121\nagency: Santa Cruz METRO", "tessellate": -1, "extrude": 0, "visibility": -1 }, "geometry": { "type": "Point", "coordinates": [ -122.048325, 36.97786, 0.0 ] } },
{ "type": "Feature", "properties": { "Name": "High & Laurent", "description": "stop_id: 1122\nagency: Santa Cruz METRO", "tessellate": -1, "extrude": 0, "visibility": -1 }, "geometry": { "type": "Point", "coordinates": [ -122.042374, 36.977737, 0.0 ] } },
{ "type": "Feature", "properties": { "Name": "High & Highland", "description": "stop_id: 1123\nagency: Santa Cruz METRO", "tessellate": -1, "extrude": 0, "visibility": -1 }, "geometry": { "type": "Point", "coordinates": [ -122.033669, 36.977902, 0.0 ] } },
{ "type": "Feature", "properties": { "Name": "Highland Ave & Escalona Dr", "description": "stop_id: 1124\nagency: Santa Cruz METRO", "tessellate": -1, "extrude": 0, "visibility": -1 }, "geometry": { "type": "Point", "coordinates": [ -122.032921, 36.976994, 0.0 ] } },
{ "type": "Feature", "properties": { "Name": "Hwy 1 & Davenport Ave (Cash Store)", "description": "stop_id: 1125\nagency: Santa Cruz METRO", "tessellate": -1, "extrude": 0, "visibility": -1 }, "geometry": { "type": "Point", "coordinates": [ -122.194145, 37.010872, 0.0 ] } },
{ "type": "Feature", "properties": { "Name": "Hwy 1 & Coast Rd", "description": "stop_id: 1126\nagency: Santa Cruz METRO", "tessellate": -1, "extrude": 0, "visibility": -1 }, "geometry": { "type": "Point", "coordinates": [ -122.143456, 36.982559, 0.0 ] } },
{ "type": "Feature", "properties": { "Name": "Hwy 9 (#6519)", "description": "stop_id: 1127\nagency: Santa Cruz METRO", "tessellate": -1, "extrude": 0, "visibility": -1 }, "geometry": { "type": "Point", "coordinates": [ -122.075081, 37.05563, 0.0 ] } },
{ "type": "Feature", "properties": { "Name": "Hwy 9 (Viking Cottages)", "description": "stop_id: 1128\nagency: Santa Cruz METRO", "tessellate": -1, "extrude": 0, "visibility": -1 }, "geometry": { "type": "Point", "coordinates": [ -122.077408, 37.058273, 0.0 ] } },
{ "type": "Feature", "properties": { "Name": "Hwy 9 (SLV High School)", "description": "stop_id: 1129\nagency: Santa Cruz METRO", "tessellate": -1, "extrude": 0, "visibility": -1 }, "geometry": { "type": "Point", "coordinates": [ -122.080154, 37.06131, 0.0 ] } },
{ "type": "Feature", "properties": { "Name": "Hwy 9 (SLV High School)", "description": "stop_id: 1130\nagency: Santa Cruz METRO", "tessellate": -1, "extrude": 0, "visibility": -1 }, "geometry": { "type": "Point", "coordinates": [ -122.080193, 37.061214, 0.0 ] } },
{ "type": "Feature", "properties": { "Name": "Hwy 9 & El Solyo Heights Dr", "description": "stop_id: 1131\nagency: Santa Cruz METRO", "tessellate": -1, "extrude": 0, "visibility": -1 }, "geometry": { "type": "Point", "coordinates": [ -122.079758, 37.065662, 0.0 ] } },
{ "type": "Feature", "properties": { "Name": "Hwy 9 & El Solyo Heights Dr", "description": "stop_id: 1132\nagency: Santa Cruz METRO", "tessellate": -1, "extrude": 0, "visibility": -1 }, "geometry": { "type": "Point", "coordinates": [ -122.079704, 37.066677, 0.0 ] } },
{ "type": "Feature", "properties": { "Name": "Hwy 9 & Glen Lomond Ln", "description": "stop_id: 1133\nagency: Santa Cruz METRO", "tessellate": -1, "extrude": 0, "visibility": -1 }, "geometry": { "type": "Point", "coordinates": [ -122.083977, 37.069176, 0.0 ] } },
{ "type": "Feature", "properties": { "Name": "Hwy 9 & Sunnycroft Rd", "description": "stop_id: 1134\nagency: Santa Cruz METRO", "tessellate": -1, "extrude": 0, "visibility": -1 }, "geometry": { "type": "Point", "coordinates": [ -122.084068, 37.071644, 0.0 ] } },
{ "type": "Feature", "properties": { "Name": "Hwy 9 (Highlands Park)", "description": "stop_id: 1135\nagency: Santa Cruz METRO", "tessellate": -1, "extrude": 0, "visibility": -1 }, "geometry": { "type": "Point", "coordinates": [ -122.083565, 37.079186, 0.0 ] } },
{ "type": "Feature", "properties": { "Name": "Hwy 9 (Highlands Park)", "description": "stop_id: 1136\nagency: Santa Cruz METRO", "tessellate": -1, "extrude": 0, "visibility": -1 }, "geometry": { "type": "Point", "coordinates": [ -122.083397, 37.079517, 0.0 ] } },
{ "type": "Feature", "properties": { "Name": "Hwy 9 & Park Way", "description": "stop_id: 1137\nagency: Santa Cruz METRO", "tessellate": -1, "extrude": 0, "visibility": -1 }, "geometry": { "type": "Point", "coordinates": [ -122.084381, 37.080986, 0.0 ] } },
{ "type": "Feature", "properties": { "Name": "Hwy 9 & Shadowbrook Rd", "description": "stop_id: 1138\nagency: Santa Cruz METRO", "tessellate": -1, "extrude": 0, "visibility": -1 }, "geometry": { "type": "Point", "coordinates": [ -122.084435, 37.081261, 0.0 ] } },
{ "type": "Feature", "properties": { "Name": "Hwy 9 & Hillside Ave", "description": "stop_id: 1139\nagency: Santa Cruz METRO", "tessellate": -1, "extrude": 0, "visibility": -1 }, "geometry": { "type": "Point", "coordinates": [ -122.08873, 37.087681, 0.0 ] } },
{ "type": "Feature", "properties": { "Name": "Hwy 9 & Hillside Ave", "description": "stop_id: 1140\nagency: Santa Cruz METRO", "tessellate": -1, "extrude": 0, "visibility": -1 }, "geometry": { "type": "Point", "coordinates": [ -122.088585, 37.087646, 0.0 ] } },
{ "type": "Feature", "properties": { "Name": "Hwy 9 & Main", "description": "stop_id: 1141\nagency: Santa Cruz METRO", "tessellate": -1, "extrude": 0, "visibility": -1 }, "geometry": { "type": "Point", "coordinates": [ -122.089676, 37.089657, 0.0 ] } },
{ "type": "Feature", "properties": { "Name": "Hwy 9 & Main", "description": "stop_id: 1142\nagency: Santa Cruz METRO", "tessellate": -1, "extrude": 0, "visibility": -1 }, "geometry": { "type": "Point", "coordinates": [ -122.089813, 37.089844, 0.0 ] } },
{ "type": "Feature", "properties": { "Name": "Hwy 9 & Brown Gables Rd", "description": "stop_id: 1143\nagency: Santa Cruz METRO", "tessellate": -1, "extrude": 0, "visibility": -1 }, "geometry": { "type": "Point", "coordinates": [ -122.09626, 37.09296, 0.0 ] } },
{ "type": "Feature", "properties": { "Name": "Hwy 9 & California Dr", "description": "stop_id: 1144\nagency: Santa Cruz METRO", "tessellate": -1, "extrude": 0, "visibility": -1 }, "geometry": { "type": "Point", "coordinates": [ -122.09742, 37.09573, 0.0 ] } },
{ "type": "Feature", "properties": { "Name": "Hwy 9 & California Dr", "description": "stop_id: 1145\nagency: Santa Cruz METRO", "tessellate": -1, "extrude": 0, "visibility": -1 }, "geometry": { "type": "Point", "coordinates": [ -122.097122, 37.095489, 0.0 ] } },
{ "type": "Feature", "properties": { "Name": "Hwy 9 & Pike Rd", "description": "stop_id: 1146\nagency: Santa Cruz METRO", "tessellate": -1, "extrude": 0, "visibility": -1 }, "geometry": { "type": "Point", "coordinates": [ -122.100967, 37.099701, 0.0 ] } },
{ "type": "Feature", "properties": { "Name": "Hwy 9 & Western Ave", "description": "stop_id: 1147\nagency: Santa Cruz METRO", "tessellate": -1, "extrude": 0, "visibility": -1 }, "geometry": { "type": "Point", "coordinates": [ -122.105988, 37.105839, 0.0 ] } },
{ "type": "Feature", "properties": { "Name": "Hwy 9 & Larkspur", "description": "stop_id: 1148\nagency: Santa Cruz METRO", "tessellate": -1, "extrude": 0, "visibility": -1 }, "geometry": { "type": "Point", "coordinates": [ -122.10656, 37.106651, 0.0 ] } },
{ "type": "Feature", "properties": { "Name": "Hwy 9 & Clear Creek Rd", "description": "stop_id: 1149\nagency: Santa Cruz METRO", "tessellate": -1, "extrude": 0, "visibility": -1 }, "geometry": { "type": "Point", "coordinates": [ -122.109261, 37.107697, 0.0 ] } },
{ "type": "Feature", "properties": { "Name": "Hwy 9 & Pacific", "description": "stop_id: 1150\nagency: Santa Cruz METRO", "tessellate": -1, "extrude": 0, "visibility": -1 }, "geometry": { "type": "Point", "coordinates": [ -122.109627, 37.107861, 0.0 ] } },
{ "type": "Feature", "properties": { "Name": "Hwy 9 & Irwin Way", "description": "stop_id: 1151\nagency: Santa Cruz METRO", "tessellate": -1, "extrude": 0, "visibility": -1 }, "geometry": { "type": "Point", "coordinates": [ -122.11441, 37.111294, 0.0 ] } },
{ "type": "Feature", "properties": { "Name": "Hwy 9 & Irwin Way", "description": "stop_id: 1152\nagency: Santa Cruz METRO", "tessellate": -1, "extrude": 0, "visibility": -1 }, "geometry": { "type": "Point", "coordinates": [ -122.11422, 37.111439, 0.0 ] } },
{ "type": "Feature", "properties": { "Name": "Hwy 9 & River", "description": "stop_id: 1153\nagency: Santa Cruz METRO", "tessellate": -1, "extrude": 0, "visibility": -1 }, "geometry": { "type": "Point", "coordinates": [ -122.120453, 37.116161, 0.0 ] } },
{ "type": "Feature", "properties": { "Name": "Hwy 9 & River", "description": "stop_id: 1154\nagency: Santa Cruz METRO", "tessellate": -1, "extrude": 0, "visibility": -1 }, "geometry": { "type": "Point", "coordinates": [ -122.120216, 37.116524, 0.0 ] } },
{ "type": "Feature", "properties": { "Name": "Hwy 9 & Mountain", "description": "stop_id: 1155\nagency: Santa Cruz METRO", "tessellate": -1, "extrude": 0, "visibility": -1 }, "geometry": { "type": "Point", "coordinates": [ -122.120834, 37.120399, 0.0 ] } },
{ "type": "Feature", "properties": { "Name": "Hwy 9 & Lomond", "description": "stop_id: 1156\nagency: Santa Cruz METRO", "tessellate": -1, "extrude": 0, "visibility": -1 }, "geometry": { "type": "Point", "coordinates": [ -122.121696, 37.123093, 0.0 ] } },
{ "type": "Feature", "properties": { "Name": "Hwy 9 & Monaco Ln", "description": "stop_id: 1157\nagency: Santa Cruz METRO", "tessellate": -1, "extrude": 0, "visibility": -1 }, "geometry": { "type": "Point", "coordinates": [ -122.125984, 37.133812, 0.0 ] } },
{ "type": "Feature", "properties": { "Name": "Hwy 9 & Cresta Dr", "description": "stop_id: 1158\nagency: Santa Cruz METRO", "tessellate": -1, "extrude": 0, "visibility": -1 }, "geometry": { "type": "Point", "coordinates": [ -122.129517, 37.138687, 0.0 ] } },
{ "type": "Feature", "properties": { "Name": "Hwy 9 & Sequoia Rd", "description": "stop_id: 1159\nagency: Santa Cruz METRO", "tessellate": -1, "extrude": 0, "visibility": -1 }, "geometry": { "type": "Point", "coordinates": [ -122.134529, 37.152439, 0.0 ] } },
{ "type": "Feature", "properties": { "Name": "Hwy 9 & Sylvan Ave", "description": "stop_id: 1161\nagency: Santa Cruz METRO", "tessellate": -1, "extrude": 0, "visibility": -1 }, "geometry": { "type": "Point", "coordinates": [ -122.145607, 37.195713, 0.0 ] } },
{ "type": "Feature", "properties": { "Name": "Hwy 17 & Pasatiempo Dr", "description": "stop_id: 1162\nagency: Santa Cruz METRO", "tessellate": -1, "extrude": 0, "visibility": -1 }, "geometry": { "type": "Point", "coordinates": [ -122.020912, 36.999294, 0.0 ] } },
{ "type": "Feature", "properties": { "Name": "Hwy 17 & Pasatiempo Dr", "description": "stop_id: 1163\nagency: Santa Cruz METRO", "tessellate": -1, "extrude": 0, "visibility": -1 }, "geometry": { "type": "Point", "coordinates": [ -122.022064, 36.999645, 0.0 ] } },
{ "type": "Feature", "properties": { "Name": "Laurel & Blackburn", "description": "stop_id: 1166\nagency: Santa Cruz METRO", "tessellate": -1, "extrude": 0, "visibility": -1 }, "geometry": { "type": "Point", "coordinates": [ -122.031158, 36.968449, 0.0 ] } },
{ "type": "Feature", "properties": { "Name": "Laurel & Center", "description": "stop_id: 1167\nagency: Santa Cruz METRO", "tessellate": -1, "extrude": 0, "visibility": -1 }, "geometry": { "type": "Point", "coordinates": [ -122.02774, 36.968918, 0.0 ] } },
{ "type": "Feature", "properties": { "Name": "McLaughlin Dr (UCSC - Science Hill)", "description": "stop_id: 1168\nagency: Santa Cruz METRO", "tessellate": -1, "extrude": 0, "visibility": -1 }, "geometry": { "type": "Point", "coordinates": [ -122.062332, 36.999973, 0.0 ] } },
{ "type": "Feature", "properties": { "Name": "McLaughlin Dr (UCSC - College 9 & John R. Lewis)", "description": "stop_id: 1169\nagency: Santa Cruz METRO", "tessellate": -1, "extrude": 0, "visibility": -1 }, "geometry": { "type": "Point", "coordinates": [ -122.058319, 36.999924, 0.0 ] } },
{ "type": "Feature", "properties": { "Name": "McLaughlin Dr (UCSC - Crown & Merrill College)", "description": "stop_id: 1170\nagency: Santa Cruz METRO", "tessellate": -1, "extrude": 0, "visibility": -1 }, "geometry": { "type": "Point", "coordinates": [ -122.055176, 36.999008, 0.0 ] } },
{ "type": "Feature", "properties": { "Name": "Mission & Miramar Dr (Almar Shopping Ctr)", "description": "stop_id: 1171\nagency: Santa Cruz METRO", "tessellate": -1, "extrude": 0, "visibility": -1 }, "geometry": { "type": "Point", "coordinates": [ -122.044601, 36.962131, 0.0 ] } },
{ "type": "Feature", "properties": { "Name": "Mission & Miramar Dr (Almar Shopping Ctr)", "description": "stop_id: 1172\nagency: Santa Cruz METRO", "tessellate": -1, "extrude": 0, "visibility": -1 }, "geometry": { "type": "Point", "coordinates": [ -122.044502, 36.962398, 0.0 ] } },
{ "type": "Feature", "properties": { "Name": "Mission & Palm (Palm Center)", "description": "stop_id: 1173\nagency: Santa Cruz METRO", "tessellate": -1, "extrude": 0, "visibility": -1 }, "geometry": { "type": "Point", "coordinates": [ -122.041534, 36.965111, 0.0 ] } },
{ "type": "Feature", "properties": { "Name": "Mission & Olive", "description": "stop_id: 1174\nagency: Santa Cruz METRO", "tessellate": -1, "extrude": 0, "visibility": -1 }, "geometry": { "type": "Point", "coordinates": [ -122.041832, 36.965073, 0.0 ] } },
{ "type": "Feature", "properties": { "Name": "Mission & Trescony", "description": "stop_id: 1175\nagency: Santa Cruz METRO", "tessellate": -1, "extrude": 0, "visibility": -1 }, "geometry": { "type": "Point", "coordinates": [ -122.039131, 36.967289, 0.0 ] } },
{ "type": "Feature", "properties": { "Name": "Mission & Laurel", "description": "stop_id: 1176\nagency: Santa Cruz METRO", "tessellate": -1, "extrude": 0, "visibility": -1 }, "geometry": { "type": "Point", "coordinates": [ -122.037437, 36.96917, 0.0 ] } },
{ "type": "Feature", "properties": { "Name": "Mission & Laurel", "description": "stop_id: 1177\nagency: Santa Cruz METRO", "tessellate": -1, "extrude": 0, "visibility": -1 }, "geometry": { "type": "Point", "coordinates": [ -122.037788, 36.969029, 0.0 ] } },
{ "type": "Feature", "properties": { "Name": "Mission & Rigg", "description": "stop_id: 1178\nagency: Santa Cruz METRO", "tessellate": -1, "extrude": 0, "visibility": -1 }, "geometry": { "type": "Point", "coordinates": [ -122.036392, 36.970787, 0.0 ] } },
{ "type": "Feature", "properties": { "Name": "Mission & Otis", "description": "stop_id: 1179\nagency: Santa Cruz METRO", "tessellate": -1, "extrude": 0, "visibility": -1 }, "geometry": { "type": "Point", "coordinates": [ -122.036552, 36.970921, 0.0 ] } },
{ "type": "Feature", "properties": { "Name": "Mission & Sylvar", "description": "stop_id: 1180\nagency: Santa Cruz METRO", "tessellate": -1, "extrude": 0, "visibility": -1 }, "geometry": { "type": "Point", "coordinates": [ -122.030281, 36.977268, 0.0 ] } },
{ "type": "Feature", "properties": { "Name": "Mt Hermon Rd & Covenant Ln", "description": "stop_id: 1181\nagency: Santa Cruz METRO", "tessellate": -1, "extrude": 0, "visibility": -1 }, "geometry": { "type": "Point", "coordinates": [ -122.061325, 37.055664, 0.0 ] } },
{ "type": "Feature", "properties": { "Name": "Mt Hermon Rd & Conference Dr", "description": "stop_id: 1182\nagency: Santa Cruz METRO", "tessellate": -1, "extrude": 0, "visibility": -1 }, "geometry": { "type": "Point", "coordinates": [ -122.039589, 37.053524, 0.0 ] } },
{ "type": "Feature", "properties": { "Name": "Mt Hermon Rd & Conference Dr", "description": "stop_id: 1183\nagency: Santa Cruz METRO", "tessellate": -1, "extrude": 0, "visibility": -1 }, "geometry": { "type": "Point", "coordinates": [ -122.039986, 37.054188, 0.0 ] } },
{ "type": "Feature", "properties": { "Name": "Mt Hermon Rd & Quarry Rd", "description": "stop_id: 1184\nagency: Santa Cruz METRO", "tessellate": -1, "extrude": 0, "visibility": -1 }, "geometry": { "type": "Point", "coordinates": [ -122.036583, 37.04977, 0.0 ] } },
{ "type": "Feature", "properties": { "Name": "Mt Hermon Rd & Lockhart Gulch Rd", "description": "stop_id: 1185\nagency: Santa Cruz METRO", "tessellate": -1, "extrude": 0, "visibility": -1 }, "geometry": { "type": "Point", "coordinates": [ -122.037148, 37.050823, 0.0 ] } },
{ "type": "Feature", "properties": { "Name": "Mt Hermon Rd & Kings Village Rd", "description": "stop_id: 1186\nagency: Santa Cruz METRO", "tessellate": -1, "extrude": 0, "visibility": -1 }, "geometry": { "type": "Point", "coordinates": [ -122.027496, 37.045651, 0.0 ] } },
{ "type": "Feature", "properties": { "Name": "Mt Hermon Rd (Graham Plaza)", "description": "stop_id: 1187\nagency: Santa Cruz METRO", "tessellate": -1, "extrude": 0, "visibility": -1 }, "geometry": { "type": "Point", "coordinates": [ -122.026665, 37.044693, 0.0 ] } },
{ "type": "Feature", "properties": { "Name": "Mt Hermon Rd & Whispering Pines Dr", "description": "stop_id: 1188\nagency: Santa Cruz METRO", "tessellate": -1, "extrude": 0, "visibility": -1 }, "geometry": { "type": "Point", "coordinates": [ -122.024902, 37.042404, 0.0 ] } },
{ "type": "Feature", "properties": { "Name": "Ocean & Water", "description": "stop_id: 1190\nagency: Santa Cruz METRO", "tessellate": -1, "extrude": 0, "visibility": -1 }, "geometry": { "type": "Point", "coordinates": [ -122.02124, 36.979939, 0.0 ] } },
{ "type": "Feature", "properties": { "Name": "Ocean & Hubbard", "description": "stop_id: 1192\nagency: Santa Cruz METRO", "tessellate": -1, "extrude": 0, "visibility": -1 }, "geometry": { "type": "Point", "coordinates": [ -122.022232, 36.982422, 0.0 ] } },
{ "type": "Feature", "properties": { "Name": "Pine Flat Rd & Empire Grade", "description": "stop_id: 1194\nagency: Santa Cruz METRO", "tessellate": -1, "extrude": 0, "visibility": -1 }, "geometry": { "type": "Point", "coordinates": [ -122.133873, 37.078445, 0.0 ] } },
{ "type": "Feature", "properties": { "Name": "Pine Flat Rd & Empire Grade", "description": "stop_id: 1195\nagency: Santa Cruz METRO", "tessellate": -1, "extrude": 0, "visibility": -1 }, "geometry": { "type": "Point", "coordinates": [ -122.133743, 37.078674, 0.0 ] } },
{ "type": "Feature", "properties": { "Name": "Plymouth & Ocean", "description": "stop_id: 1196\nagency: Santa Cruz METRO", "tessellate": -1, "extrude": 0, "visibility": -1 }, "geometry": { "type": "Point", "coordinates": [ -122.023018, 36.985016, 0.0 ] } },
{ "type": "Feature", "properties": { "Name": "Pool Dr & Hwy 9 (Mountain Store)", "description": "stop_id: 1197\nagency: Santa Cruz METRO", "tessellate": -1, "extrude": 0, "visibility": -1 }, "geometry": { "type": "Point", "coordinates": [ -122.133217, 37.15493, 0.0 ] } },
{ "type": "Feature", "properties": { "Name": "Portola Dr & 18th Ave", "description": "stop_id: 1198\nagency: Santa Cruz METRO", "tessellate": -1, "extrude": 0, "visibility": -1 }, "geometry": { "type": "Point", "coordinates": [ -121.987198, 36.962604, 0.0 ] } },
{ "type": "Feature", "properties": { "Name": "Portola Dr & Clearwater Ct", "description": "stop_id: 1199\nagency: Santa Cruz METRO", "tessellate": -1, "extrude": 0, "visibility": -1 }, "geometry": { "type": "Point", "coordinates": [ -121.983597, 36.962486, 0.0 ] } },
{ "type": "Feature", "properties": { "Name": "Portola Dr & 21st Ave", "description": "stop_id: 1200\nagency: Santa Cruz METRO", "tessellate": -1, "extrude": 0, "visibility": -1 }, "geometry": { "type": "Point", "coordinates": [ -121.984566, 36.962254, 0.0 ] } },
{ "type": "Feature", "properties": { "Name": "Portola Dr & 24th Ave (Live Oak Library)", "description": "stop_id: 1201\nagency: Santa Cruz METRO", "tessellate": -1, "extrude": 0, "visibility": -1 }, "geometry": { "type": "Point", "coordinates": [ -121.980385, 36.962967, 0.0 ] } },
{ "type": "Feature", "properties": { "Name": "Portola Dr & 26th Ave (Trailer Haven)", "description": "stop_id: 1202\nagency: Santa Cruz METRO", "tessellate": -1, "extrude": 0, "visibility": -1 }, "geometry": { "type": "Point", "coordinates": [ -121.974937, 36.963348, 0.0 ] } },
{ "type": "Feature", "properties": { "Name": "Portola Dr & 30th Ave", "description": "stop_id: 1203\nagency: Santa Cruz METRO", "tessellate": -1, "extrude": 0, "visibility": -1 }, "geometry": { "type": "Point", "coordinates": [ -121.973892, 36.963566, 0.0 ] } },
{ "type": "Feature", "properties": { "Name": "Portola Dr & 30th Ave", "description": "stop_id: 1204\nagency: Santa Cruz METRO", "tessellate": -1, "extrude": 0, "visibility": -1 }, "geometry": { "type": "Point", "coordinates": [ -121.972389, 36.963345, 0.0 ] } },
{ "type": "Feature", "properties": { "Name": "Portola Dr & 35th Ave", "description": "stop_id: 1205\nagency: Santa Cruz METRO", "tessellate": -1, "extrude": 0, "visibility": -1 }, "geometry": { "type": "Point", "coordinates": [ -121.971924, 36.963554, 0.0 ] } },
{ "type": "Feature", "properties": { "Name": "Portola Dr & 37th Ave", "description": "stop_id: 1206\nagency: Santa Cruz METRO", "tessellate": -1, "extrude": 0, "visibility": -1 }, "geometry": { "type": "Point", "coordinates": [ -121.968834, 36.963535, 0.0 ] } },
{ "type": "Feature", "properties": { "Name": "Portola Dr & 37th Ave", "description": "stop_id: 1207\nagency: Santa Cruz METRO", "tessellate": -1, "extrude": 0, "visibility": -1 }, "geometry": { "type": "Point", "coordinates": [ -121.968773, 36.963318, 0.0 ] } },
{ "type": "Feature", "properties": { "Name": "Rio Del Mar Blvd & Kingsbury Dr", "description": "stop_id: 1208\nagency: Santa Cruz METRO", "tessellate": -1, "extrude": 0, "visibility": -1 }, "geometry": { "type": "Point", "coordinates": [ -121.901215, 36.968151, 0.0 ] } },
{ "type": "Feature", "properties": { "Name": "Rio Del Mar Blvd & Highland Dr", "description": "stop_id: 1209\nagency: Santa Cruz METRO", "tessellate": -1, "extrude": 0, "visibility": -1 }, "geometry": { "type": "Point", "coordinates": [ -121.899513, 36.96909, 0.0 ] } },
{ "type": "Feature", "properties": { "Name": "Rio Del Mar Blvd & Martin Dr", "description": "stop_id: 1210\nagency: Santa Cruz METRO", "tessellate": -1, "extrude": 0, "visibility": -1 }, "geometry": { "type": "Point", "coordinates": [ -121.898155, 36.970234, 0.0 ] } },
{ "type": "Feature", "properties": { "Name": "Rio Del Mar Blvd & Sumner Ave", "description": "stop_id: 1211\nagency: Santa Cruz METRO", "tessellate": -1, "extrude": 0, "visibility": -1 }, "geometry": { "type": "Point", "coordinates": [ -121.896011, 36.97105, 0.0 ] } },
{ "type": "Feature", "properties": { "Name": "Rio Del Mar Blvd & Palmer Ave", "description": "stop_id: 1212\nagency: Santa Cruz METRO", "tessellate": -1, "extrude": 0, "visibility": -1 }, "geometry": { "type": "Point", "coordinates": [ -121.891838, 36.971233, 0.0 ] } },
{ "type": "Feature", "properties": { "Name": "Rio Del Mar Blvd & Clubhouse Dr", "description": "stop_id: 1213\nagency: Santa Cruz METRO", "tessellate": -1, "extrude": 0, "visibility": -1 }, "geometry": { "type": "Point", "coordinates": [ -121.888908, 36.973217, 0.0 ] } },
{ "type": "Feature", "properties": { "Name": "River & N Pacific Ave", "description": "stop_id: 1215\nagency: Santa Cruz METRO", "tessellate": -1, "extrude": 0, "visibility": -1 }, "geometry": { "type": "Point", "coordinates": [ -122.027489, 36.97921, 0.0 ] } },
{ "type": "Feature", "properties": { "Name": "River & Josephine", "description": "stop_id: 1216\nagency: Santa Cruz METRO", "tessellate": -1, "extrude": 0, "visibility": -1 }, "geometry": { "type": "Point", "coordinates": [ -122.02919, 36.981705, 0.0 ] } },
{ "type": "Feature", "properties": { "Name": "River & Golf Club Dr (City Corp. Yard)", "description": "stop_id: 1217\nagency: Santa Cruz METRO", "tessellate": -1, "extrude": 0, "visibility": -1 }, "geometry": { "type": "Point", "coordinates": [ -122.030769, 36.988747, 0.0 ] } },
{ "type": "Feature", "properties": { "Name": "Scotts Valley Dr & Bean Creek Rd (Middle School)", "description": "stop_id: 1218\nagency: Santa Cruz METRO", "tessellate": -1, "extrude": 0, "visibility": -1 }, "geometry": { "type": "Point", "coordinates": [ -122.023293, 37.044632, 0.0 ] } },
{ "type": "Feature", "properties": { "Name": "Scotts Valley Dr & Blake Lane", "description": "stop_id: 1219\nagency: Santa Cruz METRO", "tessellate": -1, "extrude": 0, "visibility": -1 }, "geometry": { "type": "Point", "coordinates": [ -122.021118, 37.045773, 0.0 ] } },
{ "type": "Feature", "properties": { "Name": "Scotts Valley Dr & Civic Center Dr", "description": "stop_id: 1220\nagency: Santa Cruz METRO", "tessellate": -1, "extrude": 0, "visibility": -1 }, "geometry": { "type": "Point", "coordinates": [ -122.017265, 37.048088, 0.0 ] } },
{ "type": "Feature", "properties": { "Name": "Scotts Valley Dr & Disc Dr", "description": "stop_id: 1221\nagency: Santa Cruz METRO", "tessellate": -1, "extrude": 0, "visibility": -1 }, "geometry": { "type": "Point", "coordinates": [ -122.016434, 37.048546, 0.0 ] } },
{ "type": "Feature", "properties": { "Name": "Scotts Valley Dr & Dunslee Way", "description": "stop_id: 1222\nagency: Santa Cruz METRO", "tessellate": -1, "extrude": 0, "visibility": -1 }, "geometry": { "type": "Point", "coordinates": [ -122.013596, 37.052338, 0.0 ] } },
{ "type": "Feature", "properties": { "Name": "Scotts Valley Dr & Dunslee Way", "description": "stop_id: 1223\nagency: Santa Cruz METRO", "tessellate": -1, "extrude": 0, "visibility": -1 }, "geometry": { "type": "Point", "coordinates": [ -122.013931, 37.052372, 0.0 ] } },
{ "type": "Feature", "properties": { "Name": "Scotts Valley Dr & Frapwell Cir", "description": "stop_id: 1224\nagency: Santa Cruz METRO", "tessellate": -1, "extrude": 0, "visibility": -1 }, "geometry": { "type": "Point", "coordinates": [ -122.012421, 37.055168, 0.0 ] } },
{ "type": "Feature", "properties": { "Name": "Scotts Valley Dr & Victor Square", "description": "stop_id: 1225\nagency: Santa Cruz METRO", "tessellate": -1, "extrude": 0, "visibility": -1 }, "geometry": { "type": "Point", "coordinates": [ -122.010323, 37.058823, 0.0 ] } },
{ "type": "Feature", "properties": { "Name": "Scotts Valley Dr (#5437 Executive Center)", "description": "stop_id: 1227\nagency: Santa Cruz METRO", "tessellate": -1, "extrude": 0, "visibility": -1 }, "geometry": { "type": "Point", "coordinates": [ -122.009262, 37.06012, 0.0 ] } },
{ "type": "Feature", "properties": { "Name": "Scotts Valley Dr & Victor Square", "description": "stop_id: 1228\nagency: Santa Cruz METRO", "tessellate": -1, "extrude": 0, "visibility": -1 }, "geometry": { "type": "Point", "coordinates": [ -122.009407, 37.059498, 0.0 ] } },
{ "type": "Feature", "properties": { "Name": "Scotts Valley Dr & Granite Creek Rd", "description": "stop_id: 1229\nagency: Santa Cruz METRO", "tessellate": -1, "extrude": 0, "visibility": -1 }, "geometry": { "type": "Point", "coordinates": [ -122.007301, 37.06155, 0.0 ] } },
{ "type": "Feature", "properties": { "Name": "Scotts Valley Dr & Terrace View Dr", "description": "stop_id: 1230\nagency: Santa Cruz METRO", "tessellate": -1, "extrude": 0, "visibility": -1 }, "geometry": { "type": "Point", "coordinates": [ -122.019424, 37.046673, 0.0 ] } },
{ "type": "Feature", "properties": { "Name": "Scotts Valley Dr & Oak Creek Blvd", "description": "stop_id: 1231\nagency: Santa Cruz METRO", "tessellate": -1, "extrude": 0, "visibility": -1 }, "geometry": { "type": "Point", "coordinates": [ -122.018944, 37.046619, 0.0 ] } },
{ "type": "Feature", "properties": { "Name": "Seascape Blvd & Vineyard Ct", "description": "stop_id: 1240\nagency: Santa Cruz METRO", "tessellate": -1, "extrude": 0, "visibility": -1 }, "geometry": { "type": "Point", "coordinates": [ -121.873009, 36.952278, 0.0 ] } },
{ "type": "Feature", "properties": { "Name": "Seascape Blvd & Dolphin Dr", "description": "stop_id: 1241\nagency: Santa Cruz METRO", "tessellate": -1, "extrude": 0, "visibility": -1 }, "geometry": { "type": "Point", "coordinates": [ -121.869675, 36.951683, 0.0 ] } },
{ "type": "Feature", "properties": { "Name": "Soquel Ave & Ocean", "description": "stop_id: 1244\nagency: Santa Cruz METRO", "tessellate": -1, "extrude": 0, "visibility": -1 }, "geometry": { "type": "Point", "coordinates": [ -122.019623, 36.974438, 0.0 ] } },
{ "type": "Feature", "properties": { "Name": "Soquel Ave & Ocean", "description": "stop_id: 1245\nagency: Santa Cruz METRO", "tessellate": -1, "extrude": 0, "visibility": -1 }, "geometry": { "type": "Point", "coordinates": [ -122.018517, 36.974598, 0.0 ] } },
{ "type": "Feature", "properties": { "Name": "Soquel Ave & Pine", "description": "stop_id: 1247\nagency: Santa Cruz METRO", "tessellate": -1, "extrude": 0, "visibility": -1 }, "geometry": { "type": "Point", "coordinates": [ -122.014389, 36.977913, 0.0 ] } },
{ "type": "Feature", "properties": { "Name": "Soquel Ave & Seabright Ave", "description": "stop_id: 1250\nagency: Santa Cruz METRO", "tessellate": -1, "extrude": 0, "visibility": -1 }, "geometry": { "type": "Point", "coordinates": [ -122.01107, 36.979675, 0.0 ] } },
{ "type": "Feature", "properties": { "Name": "Soquel Ave & Seabright Ave", "description": "stop_id: 1251\nagency: Santa Cruz METRO", "tessellate": -1, "extrude": 0, "visibility": -1 }, "geometry": { "type": "Point", "coordinates": [ -122.00975, 36.98008, 0.0 ] } },
{ "type": "Feature", "properties": { "Name": "Soquel Ave & Poplar Ave", "description": "stop_id: 1252\nagency: Santa Cruz METRO", "tessellate": -1, "extrude": 0, "visibility": -1 }, "geometry": { "type": "Point", "coordinates": [ -122.008446, 36.980846, 0.0 ] } },
{ "type": "Feature", "properties": { "Name": "Soquel Ave & Frederick", "description": "stop_id: 1253\nagency: Santa Cruz METRO", "tessellate": -1, "extrude": 0, "visibility": -1 }, "geometry": { "type": "Point", "coordinates": [ -122.00415, 36.981407, 0.0 ] } },
{ "type": "Feature", "properties": { "Name": "Soquel Ave & San Juan Ave", "description": "stop_id: 1254\nagency: Santa Cruz METRO", "tessellate": -1, "extrude": 0, "visibility": -1 }, "geometry": { "type": "Point", "coordinates": [ -122.005196, 36.98156, 0.0 ] } },
{ "type": "Feature", "properties": { "Name": "Soquel Ave & Park Way", "description": "stop_id: 1257\nagency: Santa Cruz METRO", "tessellate": -1, "extrude": 0, "visibility": -1 }, "geometry": { "type": "Point", "coordinates": [ -121.999367, 36.981712, 0.0 ] } },
{ "type": "Feature", "properties": { "Name": "Soquel Ave & Park Way", "description": "stop_id: 1258\nagency: Santa Cruz METRO", "tessellate": -1, "extrude": 0, "visibility": -1 }, "geometry": { "type": "Point", "coordinates": [ -121.998894, 36.981575, 0.0 ] } },
{ "type": "Feature", "properties": { "Name": "Soquel Ave & La Fonda Ave", "description": "stop_id: 1259\nagency: Santa Cruz METRO", "tessellate": -1, "extrude": 0, "visibility": -1 }, "geometry": { "type": "Point", "coordinates": [ -121.995224, 36.983223, 0.0 ] } },
{ "type": "Feature", "properties": { "Name": "Soquel Ave & La Fonda Ave", "description": "stop_id: 1260\nagency: Santa Cruz METRO", "tessellate": -1, "extrude": 0, "visibility": -1 }, "geometry": { "type": "Point", "coordinates": [ -121.995026, 36.982987, 0.0 ] } },
{ "type": "Feature", "properties": { "Name": "Soquel Ave & 7th Ave", "description": "stop_id: 1261\nagency: Santa Cruz METRO", "tessellate": -1, "extrude": 0, "visibility": -1 }, "geometry": { "type": "Point", "coordinates": [ -121.990616, 36.985233, 0.0 ] } },
{ "type": "Feature", "properties": { "Name": "Soquel Ave & 7th Ave", "description": "stop_id: 1262\nagency: Santa Cruz METRO", "tessellate": -1, "extrude": 0, "visibility": -1 }, "geometry": { "type": "Point", "coordinates": [ -121.989456, 36.985344, 0.0 ] } },
{ "type": "Feature", "properties": { "Name": "Soquel Dr (Dominican Hospital)", "description": "stop_id: 1263\nagency: Santa Cruz METRO", "tessellate": -1, "extrude": 0, "visibility": -1 }, "geometry": { "type": "Point", "coordinates": [ -121.983345, 36.988644, 0.0 ] } },
{ "type": "Feature", "properties": { "Name": "Soquel Dr (Dominican Hospital)", "description": "stop_id: 1264\nagency: Santa Cruz METRO", "tessellate": -1, "extrude": 0, "visibility": -1 }, "geometry": { "type": "Point", "coordinates": [ -121.982544, 36.988667, 0.0 ] } },
{ "type": "Feature", "properties": { "Name": "Soquel Dr & Thurber Ln", "description": "stop_id: 1267\nagency: Santa Cruz METRO", "tessellate": -1, "extrude": 0, "visibility": -1 }, "geometry": { "type": "Point", "coordinates": [ -121.978905, 36.988811, 0.0 ] } },
{ "type": "Feature", "properties": { "Name": "Soquel Dr & Winkle Ave", "description": "stop_id: 1268\nagency: Santa Cruz METRO", "tessellate": -1, "extrude": 0, "visibility": -1 }, "geometry": { "type": "Point", "coordinates": [ -121.974579, 36.988236, 0.0 ] } },
{ "type": "Feature", "properties": { "Name": "Soquel Dr & Winkle Ave", "description": "stop_id: 1269\nagency: Santa Cruz METRO", "tessellate": -1, "extrude": 0, "visibility": -1 }, "geometry": { "type": "Point", "coordinates": [ -121.974335, 36.988003, 0.0 ] } },
{ "type": "Feature", "properties": { "Name": "Soquel Dr & Rodeo Gulch Rd", "description": "stop_id: 1271\nagency: Santa Cruz METRO", "tessellate": -1, "extrude": 0, "visibility": -1 }, "geometry": { "type": "Point", "coordinates": [ -121.968498, 36.987434, 0.0 ] } },
{ "type": "Feature", "properties": { "Name": "Soquel Dr & 41st Ave", "description": "stop_id: 1272\nagency: Santa Cruz METRO", "tessellate": -1, "extrude": 0, "visibility": -1 }, "geometry": { "type": "Point", "coordinates": [ -121.963936, 36.987656, 0.0 ] } },
{ "type": "Feature", "properties": { "Name": "Soquel Dr & 41st Ave", "description": "stop_id: 1273\nagency: Santa Cruz METRO", "tessellate": -1, "extrude": 0, "visibility": -1 }, "geometry": { "type": "Point", "coordinates": [ -121.964043, 36.987473, 0.0 ] } },
{ "type": "Feature", "properties": { "Name": "Soquel Dr & Daubenbiss Ave", "description": "stop_id: 1274\nagency: Santa Cruz METRO", "tessellate": -1, "extrude": 0, "visibility": -1 }, "geometry": { "type": "Point", "coordinates": [ -121.958481, 36.98764, 0.0 ] } },
{ "type": "Feature", "properties": { "Name": "Soquel Dr & Daubenbiss Ave", "description": "stop_id: 1275\nagency: Santa Cruz METRO", "tessellate": -1, "extrude": 0, "visibility": -1 }, "geometry": { "type": "Point", "coordinates": [ -121.958763, 36.987831, 0.0 ] } },
{ "type": "Feature", "properties": { "Name": "Soquel Dr & Main", "description": "stop_id: 1276\nagency: Santa Cruz METRO", "tessellate": -1, "extrude": 0, "visibility": -1 }, "geometry": { "type": "Point", "coordinates": [ -121.954857, 36.98893, 0.0 ] } },
{ "type": "Feature", "properties": { "Name": "Soquel Dr & Main", "description": "stop_id: 1277\nagency: Santa Cruz METRO", "tessellate": -1, "extrude": 0, "visibility": -1 }, "geometry": { "type": "Point", "coordinates": [ -121.954994, 36.988735, 0.0 ] } },
{ "type": "Feature", "properties": { "Name": "Soquel Dr & Capitola Ave", "description": "stop_id: 1279\nagency: Santa Cruz METRO", "tessellate": -1, "extrude": 0, "visibility": -1 }, "geometry": { "type": "Point", "coordinates": [ -121.950851, 36.987072, 0.0 ] } },
{ "type": "Feature", "properties": { "Name": "Soquel Dr & Capitola Ave", "description": "stop_id: 1280\nagency: Santa Cruz METRO", "tessellate": -1, "extrude": 0, "visibility": -1 }, "geometry": { "type": "Point", "coordinates": [ -121.950958, 36.987335, 0.0 ] } },
{ "type": "Feature", "properties": { "Name": "Soquel Dr & Orchard", "description": "stop_id: 1282\nagency: Santa Cruz METRO", "tessellate": -1, "extrude": 0, "visibility": -1 }, "geometry": { "type": "Point", "coordinates": [ -121.94709, 36.987556, 0.0 ] } },
{ "type": "Feature", "properties": { "Name": "Soquel Dr & Fairway Dr", "description": "stop_id: 1283\nagency: Santa Cruz METRO", "tessellate": -1, "extrude": 0, "visibility": -1 }, "geometry": { "type": "Point", "coordinates": [ -121.946442, 36.987823, 0.0 ] } },
{ "type": "Feature", "properties": { "Name": "Soquel Dr & Cunnison Ln", "description": "stop_id: 1285\nagency: Santa Cruz METRO", "tessellate": -1, "extrude": 0, "visibility": -1 }, "geometry": { "type": "Point", "coordinates": [ -121.943474, 36.987965, 0.0 ] } },
{ "type": "Feature", "properties": { "Name": "Soquel Dr & Monterey Ave", "description": "stop_id: 1286\nagency: Santa Cruz METRO", "tessellate": -1, "extrude": 0, "visibility": -1 }, "geometry": { "type": "Point", "coordinates": [ -121.940834, 36.987701, 0.0 ] } },
{ "type": "Feature", "properties": { "Name": "Soquel Dr & Park Ave", "description": "stop_id: 1288\nagency: Santa Cruz METRO", "tessellate": -1, "extrude": 0, "visibility": -1 }, "geometry": { "type": "Point", "coordinates": [ -121.936668, 36.988773, 0.0 ] } },
{ "type": "Feature", "properties": { "Name": "Soquel Dr & Park Ave", "description": "stop_id: 1289\nagency: Santa Cruz METRO", "tessellate": -1, "extrude": 0, "visibility": -1 }, "geometry": { "type": "Point", "coordinates": [ -121.936417, 36.98864, 0.0 ] } },
{ "type": "Feature", "properties": { "Name": "Soquel Dr & Willowbrook Ln", "description": "stop_id: 1290\nagency: Santa Cruz METRO", "tessellate": -1, "extrude": 0, "visibility": -1 }, "geometry": { "type": "Point", "coordinates": [ -121.93235, 36.990021, 0.0 ] } },
{ "type": "Feature", "properties": { "Name": "Soquel Dr & Merrill Rd", "description": "stop_id: 1291\nagency: Santa Cruz METRO", "tessellate": -1, "extrude": 0, "visibility": -1 }, "geometry": { "type": "Point", "coordinates": [ -121.932785, 36.990124, 0.0 ] } },
{ "type": "Feature", "properties": { "Name": "Soquel Dr & Porter Gulch Rd", "description": "stop_id: 1292\nagency: Santa Cruz METRO", "tessellate": -1, "extrude": 0, "visibility": -1 }, "geometry": { "type": "Point", "coordinates": [ -121.929962, 36.990547, 0.0 ] } },
{ "type": "Feature", "properties": { "Name": "Soquel Dr & Cabrillo College Dr", "description": "stop_id: 1293\nagency: Santa Cruz METRO", "tessellate": -1, "extrude": 0, "visibility": -1 }, "geometry": { "type": "Point", "coordinates": [ -121.925934, 36.988716, 0.0 ] } },
{ "type": "Feature", "properties": { "Name": "Soquel Dr & Cabrillo College Dr", "description": "stop_id: 1294\nagency: Santa Cruz METRO", "tessellate": -1, "extrude": 0, "visibility": -1 }, "geometry": { "type": "Point", "coordinates": [ -121.924599, 36.988106, 0.0 ] } },
{ "type": "Feature", "properties": { "Name": "Soquel Dr & Calabria", "description": "stop_id: 1296\nagency: Santa Cruz METRO", "tessellate": -1, "extrude": 0, "visibility": -1 }, "geometry": { "type": "Point", "coordinates": [ -121.918098, 36.985977, 0.0 ] } },
{ "type": "Feature", "properties": { "Name": "Soquel Dr & Vienna Dr (Mar Vista Elem)", "description": "stop_id: 1297\nagency: Santa Cruz METRO", "tessellate": -1, "extrude": 0, "visibility": -1 }, "geometry": { "type": "Point", "coordinates": [ -121.919319, 36.986355, 0.0 ] } },
{ "type": "Feature", "properties": { "Name": "Soquel Dr & Mar Vista Dr", "description": "stop_id: 1298\nagency: Santa Cruz METRO", "tessellate": -1, "extrude": 0, "visibility": -1 }, "geometry": { "type": "Point", "coordinates": [ -121.915833, 36.984833, 0.0 ] } },
{ "type": "Feature", "properties": { "Name": "Soquel Dr & Mar Vista Dr", "description": "stop_id: 1299\nagency: Santa Cruz METRO", "tessellate": -1, "extrude": 0, "visibility": -1 }, "geometry": { "type": "Point", "coordinates": [ -121.916023, 36.984703, 0.0 ] } },
{ "type": "Feature", "properties": { "Name": "Soquel Dr & State Park Dr", "description": "stop_id: 1302\nagency: Santa Cruz METRO", "tessellate": -1, "extrude": 0, "visibility": -1 }, "geometry": { "type": "Point", "coordinates": [ -121.908997, 36.980454, 0.0 ] } },
{ "type": "Feature", "properties": { "Name": "Soquel Dr & E Ledyard Way (Aptos Library)", "description": "stop_id: 1303\nagency: Santa Cruz METRO", "tessellate": -1, "extrude": 0, "visibility": -1 }, "geometry": { "type": "Point", "coordinates": [ -121.908981, 36.980858, 0.0 ] } },
{ "type": "Feature", "properties": { "Name": "Soquel Dr (Rancho Del Mar Center)", "description": "stop_id: 1304\nagency: Santa Cruz METRO", "tessellate": -1, "extrude": 0, "visibility": -1 }, "geometry": { "type": "Point", "coordinates": [ -121.907341, 36.978474, 0.0 ] } },
{ "type": "Feature", "properties": { "Name": "Soquel Dr & State Park Dr", "description": "stop_id: 1305\nagency: Santa Cruz METRO", "tessellate": -1, "extrude": 0, "visibility": -1 }, "geometry": { "type": "Point", "coordinates": [ -121.908195, 36.979732, 0.0 ] } },
{ "type": "Feature", "properties": { "Name": "Soquel Dr & Trout Gulch Rd", "description": "stop_id: 1306\nagency: Santa Cruz METRO", "tessellate": -1, "extrude": 0, "visibility": -1 }, "geometry": { "type": "Point", "coordinates": [ -121.899879, 36.976662, 0.0 ] } },
{ "type": "Feature", "properties": { "Name": "Soquel Dr & Trout Gulch Rd", "description": "stop_id: 1307\nagency: Santa Cruz METRO", "tessellate": -1, "extrude": 0, "visibility": -1 }, "geometry": { "type": "Point", "coordinates": [ -121.900009, 36.976547, 0.0 ] } },
{ "type": "Feature", "properties": { "Name": "Soquel Dr (Creekside Offices)", "description": "stop_id: 1308\nagency: Santa Cruz METRO", "tessellate": -1, "extrude": 0, "visibility": -1 }, "geometry": { "type": "Point", "coordinates": [ -121.889977, 36.975746, 0.0 ] } },
{ "type": "Feature", "properties": { "Name": "Soquel Dr (Creekside Offices)", "description": "stop_id: 1309\nagency: Santa Cruz METRO", "tessellate": -1, "extrude": 0, "visibility": -1 }, "geometry": { "type": "Point", "coordinates": [ -121.890137, 36.975594, 0.0 ] } },
{ "type": "Feature", "properties": { "Name": "Soquel Dr & Monroe Ave", "description": "stop_id: 1310\nagency: Santa Cruz METRO", "tessellate": -1, "extrude": 0, "visibility": -1 }, "geometry": { "type": "Point", "coordinates": [ -121.884499, 36.975849, 0.0 ] } },
{ "type": "Feature", "properties": { "Name": "Soquel Dr (Aptos Gateway)", "description": "stop_id: 1311\nagency: Santa Cruz METRO", "tessellate": -1, "extrude": 0, "visibility": -1 }, "geometry": { "type": "Point", "coordinates": [ -121.884949, 36.975323, 0.0 ] } },
{ "type": "Feature", "properties": { "Name": "Soquel Dr & Jaunell Rd", "description": "stop_id: 1312\nagency: Santa Cruz METRO", "tessellate": -1, "extrude": 0, "visibility": -1 }, "geometry": { "type": "Point", "coordinates": [ -121.880272, 36.973389, 0.0 ] } },
{ "type": "Feature", "properties": { "Name": "Soquel Dr & Monroe Ave (Auto Center)", "description": "stop_id: 1313\nagency: Santa Cruz METRO", "tessellate": -1, "extrude": 0, "visibility": -1 }, "geometry": { "type": "Point", "coordinates": [ -121.873734, 36.971237, 0.0 ] } },
{ "type": "Feature", "properties": { "Name": "State Park Dr & Hillcrest Dr", "description": "stop_id: 1314\nagency: Santa Cruz METRO", "tessellate": -1, "extrude": 0, "visibility": -1 }, "geometry": { "type": "Point", "coordinates": [ -121.912033, 36.975044, 0.0 ] } },
{ "type": "Feature", "properties": { "Name": "Stockton Ave & Esplanade", "description": "stop_id: 1315\nagency: Santa Cruz METRO", "tessellate": -1, "extrude": 0, "visibility": -1 }, "geometry": { "type": "Point", "coordinates": [ -121.952324, 36.972946, 0.0 ] } },
{ "type": "Feature", "properties": { "Name": "Stockton Ave & Esplanade", "description": "stop_id: 1316\nagency: Santa Cruz METRO", "tessellate": -1, "extrude": 0, "visibility": -1 }, "geometry": { "type": "Point", "coordinates": [ -121.95224, 36.972805, 0.0 ] } },
{ "type": "Feature", "properties": { "Name": "Sumner Ave & Dolphin Dr", "description": "stop_id: 1317\nagency: Santa Cruz METRO", "tessellate": -1, "extrude": 0, "visibility": -1 }, "geometry": { "type": "Point", "coordinates": [ -121.879311, 36.953926, 0.0 ] } },
{ "type": "Feature", "properties": { "Name": "Sumner & Seabreeze/Clubhouse", "description": "stop_id: 1318\nagency: Santa Cruz METRO", "tessellate": -1, "extrude": 0, "visibility": -1 }, "geometry": { "type": "Point", "coordinates": [ -121.882614, 36.95694, 0.0 ] } },
{ "type": "Feature", "properties": { "Name": "Treasure Island Dr & Winfield Way", "description": "stop_id: 1319\nagency: Santa Cruz METRO", "tessellate": -1, "extrude": 0, "visibility": -1 }, "geometry": { "type": "Point", "coordinates": [ -121.903809, 36.971302, 0.0 ] } },
{ "type": "Feature", "properties": { "Name": "Walnut Ave & California", "description": "stop_id: 1320\nagency: Santa Cruz METRO", "tessellate": -1, "extrude": 0, "visibility": -1 }, "geometry": { "type": "Point", "coordinates": [ -122.033958, 36.972141, 0.0 ] } },
{ "type": "Feature", "properties": { "Name": "Walnut & California", "description": "stop_id: 1321\nagency: Santa Cruz METRO", "tessellate": -1, "extrude": 0, "visibility": -1 }, "geometry": { "type": "Point", "coordinates": [ -122.033852, 36.971966, 0.0 ] } },
{ "type": "Feature", "properties": { "Name": "Walnut Ave & Chestnut", "description": "stop_id: 1322\nagency: Santa Cruz METRO", "tessellate": -1, "extrude": 0, "visibility": -1 }, "geometry": { "type": "Point", "coordinates": [ -122.030441, 36.972759, 0.0 ] } },
{ "type": "Feature", "properties": { "Name": "Walnut Ave & Chestnut", "description": "stop_id: 1323\nagency: Santa Cruz METRO", "tessellate": -1, "extrude": 0, "visibility": -1 }, "geometry": { "type": "Point", "coordinates": [ -122.030815, 36.972527, 0.0 ] } },
{ "type": "Feature", "properties": { "Name": "Walnut Ave & Center", "description": "stop_id: 1324\nagency: Santa Cruz METRO", "tessellate": -1, "extrude": 0, "visibility": -1 }, "geometry": { "type": "Point", "coordinates": [ -122.028252, 36.973164, 0.0 ] } },
{ "type": "Feature", "properties": { "Name": "Water (Governmental Center)", "description": "stop_id: 1325\nagency: Santa Cruz METRO", "tessellate": -1, "extrude": 0, "visibility": -1 }, "geometry": { "type": "Point", "coordinates": [ -122.023933, 36.978519, 0.0 ] } },
{ "type": "Feature", "properties": { "Name": "Water & Ocean", "description": "stop_id: 1326\nagency: Santa Cruz METRO", "tessellate": -1, "extrude": 0, "visibility": -1 }, "geometry": { "type": "Point", "coordinates": [ -122.020844, 36.979584, 0.0 ] } },
{ "type": "Feature", "properties": { "Name": "Water & Ocean", "description": "stop_id: 1327\nagency: Santa Cruz METRO", "tessellate": -1, "extrude": 0, "visibility": -1 }, "geometry": { "type": "Point", "coordinates": [ -122.021805, 36.979523, 0.0 ] } },
{ "type": "Feature", "properties": { "Name": "Water & Market", "description": "stop_id: 1328\nagency: Santa Cruz METRO", "tessellate": -1, "extrude": 0, "visibility": -1 }, "geometry": { "type": "Point", "coordinates": [ -122.019409, 36.980312, 0.0 ] } },
{ "type": "Feature", "properties": { "Name": "Water & N Branciforte Ave", "description": "stop_id: 1330\nagency: Santa Cruz METRO", "tessellate": -1, "extrude": 0, "visibility": -1 }, "geometry": { "type": "Point", "coordinates": [ -122.014587, 36.981499, 0.0 ] } },
{ "type": "Feature", "properties": { "Name": "Water & N Branciforte Ave", "description": "stop_id: 1331\nagency: Santa Cruz METRO", "tessellate": -1, "extrude": 0, "visibility": -1 }, "geometry": { "type": "Point", "coordinates": [ -122.012978, 36.981369, 0.0 ] } },
{ "type": "Feature", "properties": { "Name": "Water & Seabright Ave", "description": "stop_id: 1332\nagency: Santa Cruz METRO", "tessellate": -1, "extrude": 0, "visibility": -1 }, "geometry": { "type": "Point", "coordinates": [ -122.010902, 36.98148, 0.0 ] } },
{ "type": "Feature", "properties": { "Name": "Water & Poplar", "description": "stop_id: 1333\nagency: Santa Cruz METRO", "tessellate": -1, "extrude": 0, "visibility": -1 }, "geometry": { "type": "Point", "coordinates": [ -122.00853, 36.981461, 0.0 ] } },
{ "type": "Feature", "properties": { "Name": "Western Dr & Flower", "description": "stop_id: 1334\nagency: Santa Cruz METRO", "tessellate": -1, "extrude": 0, "visibility": -1 }, "geometry": { "type": "Point", "coordinates": [ -122.056625, 36.964211, 0.0 ] } },
{ "type": "Feature", "properties": { "Name": "Western Dr & Monarch Way", "description": "stop_id: 1335\nagency: Santa Cruz METRO", "tessellate": -1, "extrude": 0, "visibility": -1 }, "geometry": { "type": "Point", "coordinates": [ -122.058418, 36.970291, 0.0 ] } },
{ "type": "Feature", "properties": { "Name": "Western Dr & Meder", "description": "stop_id: 1336\nagency: Santa Cruz METRO", "tessellate": -1, "extrude": 0, "visibility": -1 }, "geometry": { "type": "Point", "coordinates": [ -122.05835, 36.973766, 0.0 ] } },
{ "type": "Feature", "properties": { "Name": "7th Ave & Bonnie", "description": "stop_id: 1337\nagency: Santa Cruz METRO", "tessellate": -1, "extrude": 0, "visibility": -1 }, "geometry": { "type": "Point", "coordinates": [ -121.998367, 36.964241, 0.0 ] } },
{ "type": "Feature", "properties": { "Name": "7th Ave & Dolores", "description": "stop_id: 1338\nagency: Santa Cruz METRO", "tessellate": -1, "extrude": 0, "visibility": -1 }, "geometry": { "type": "Point", "coordinates": [ -121.998093, 36.96629, 0.0 ] } },
{ "type": "Feature", "properties": { "Name": "7th Ave & Harbor Cove", "description": "stop_id: 1339\nagency: Santa Cruz METRO", "tessellate": -1, "extrude": 0, "visibility": -1 }, "geometry": { "type": "Point", "coordinates": [ -121.995453, 36.973236, 0.0 ] } },
{ "type": "Feature", "properties": { "Name": "7th Ave & Manor Way (Yacht Harbor Manor)", "description": "stop_id: 1340\nagency: Santa Cruz METRO", "tessellate": -1, "extrude": 0, "visibility": -1 }, "geometry": { "type": "Point", "coordinates": [ -121.994766, 36.974007, 0.0 ] } },
{ "type": "Feature", "properties": { "Name": "7th Ave & Eddy Ln (Inland Harbor)", "description": "stop_id: 1341\nagency: Santa Cruz METRO", "tessellate": -1, "extrude": 0, "visibility": -1 }, "geometry": { "type": "Point", "coordinates": [ -121.993401, 36.976334, 0.0 ] } },
{ "type": "Feature", "properties": { "Name": "7th Ave & Cambria Ln", "description": "stop_id: 1342\nagency: Santa Cruz METRO", "tessellate": -1, "extrude": 0, "visibility": -1 }, "geometry": { "type": "Point", "coordinates": [ -121.993439, 36.976723, 0.0 ] } },
{ "type": "Feature", "properties": { "Name": "7th Ave & Capitola Rd", "description": "stop_id: 1343\nagency: Santa Cruz METRO", "tessellate": -1, "extrude": 0, "visibility": -1 }, "geometry": { "type": "Point", "coordinates": [ -121.992165, 36.978916, 0.0 ] } },
{ "type": "Feature", "properties": { "Name": "Bear Creek Rd & Deerwood Dr", "description": "stop_id: 1345\nagency: Santa Cruz METRO", "tessellate": -1, "extrude": 0, "visibility": -1 }, "geometry": { "type": "Point", "coordinates": [ -122.090965, 37.141563, 0.0 ] } },
{ "type": "Feature", "properties": { "Name": "Ocean (Pacific School)", "description": "stop_id: 1346\nagency: Santa Cruz METRO", "tessellate": -1, "extrude": 0, "visibility": -1 }, "geometry": { "type": "Point", "coordinates": [ -122.195023, 37.011837, 0.0 ] } },
{ "type": "Feature", "properties": { "Name": "Lincoln & Stanford", "description": "stop_id: 1348\nagency: Santa Cruz METRO", "tessellate": -1, "extrude": 0, "visibility": -1 }, "geometry": { "type": "Point", "coordinates": [ -121.759163, 36.920963, 0.0 ] } },
{ "type": "Feature", "properties": { "Name": "Lincoln & California", "description": "stop_id: 1349\nagency: Santa Cruz METRO", "tessellate": -1, "extrude": 0, "visibility": -1 }, "geometry": { "type": "Point", "coordinates": [ -121.756775, 36.918415, 0.0 ] } },
{ "type": "Feature", "properties": { "Name": "Clubhouse Dr & Pinehurst Dr", "description": "stop_id: 1351\nagency: Santa Cruz METRO", "tessellate": -1, "extrude": 0, "visibility": -1 }, "geometry": { "type": "Point", "coordinates": [ -121.878349, 36.961304, 0.0 ] } },
{ "type": "Feature", "properties": { "Name": "Soquel Dr & Monroe Ave (Auto Center)", "description": "stop_id: 1352\nagency: Santa Cruz METRO", "tessellate": -1, "extrude": 0, "visibility": -1 }, "geometry": { "type": "Point", "coordinates": [ -121.875214, 36.971603, 0.0 ] } },
{ "type": "Feature", "properties": { "Name": "Bay & King", "description": "stop_id: 1353\nagency: Santa Cruz METRO", "tessellate": -1, "extrude": 0, "visibility": -1 }, "geometry": { "type": "Point", "coordinates": [ -122.042747, 36.967911, 0.0 ] } },
{ "type": "Feature", "properties": { "Name": "Delaware Ave & Bethany Curve", "description": "stop_id: 1354\nagency: Santa Cruz METRO", "tessellate": -1, "extrude": 0, "visibility": -1 }, "geometry": { "type": "Point", "coordinates": [ -122.040222, 36.956619, 0.0 ] } },
{ "type": "Feature", "properties": { "Name": "Mission & Sylvar", "description": "stop_id: 1355\nagency: Santa Cruz METRO", "tessellate": -1, "extrude": 0, "visibility": -1 }, "geometry": { "type": "Point", "coordinates": [ -122.030075, 36.977467, 0.0 ] } },
{ "type": "Feature", "properties": { "Name": "High & Laurent", "description": "stop_id: 1356\nagency: Santa Cruz METRO", "tessellate": -1, "extrude": 0, "visibility": -1 }, "geometry": { "type": "Point", "coordinates": [ -122.042175, 36.977577, 0.0 ] } },
{ "type": "Feature", "properties": { "Name": "High & Cardiff", "description": "stop_id: 1357\nagency: Santa Cruz METRO", "tessellate": -1, "extrude": 0, "visibility": -1 }, "geometry": { "type": "Point", "coordinates": [ -122.050362, 36.977375, 0.0 ] } },
{ "type": "Feature", "properties": { "Name": "High & Cardiff", "description": "stop_id: 1358\nagency: Santa Cruz METRO", "tessellate": -1, "extrude": 0, "visibility": -1 }, "geometry": { "type": "Point", "coordinates": [ -122.050232, 36.977268, 0.0 ] } },
{ "type": "Feature", "properties": { "Name": "Hagar Dr (UCSC - East Field House)", "description": "stop_id: 1360\nagency: Santa Cruz METRO", "tessellate": -1, "extrude": 0, "visibility": -1 }, "geometry": { "type": "Point", "coordinates": [ -122.055511, 36.994263, 0.0 ] } },
{ "type": "Feature", "properties": { "Name": "Hagar Dr (UCSC - Bookstore, Cowell & Stevenson)", "description": "stop_id: 1361\nagency: Santa Cruz METRO", "tessellate": -1, "extrude": 0, "visibility": -1 }, "geometry": { "type": "Point", "coordinates": [ -122.055061, 36.997498, 0.0 ] } },
{ "type": "Feature", "properties": { "Name": "Grant (Grant Park)", "description": "stop_id: 1362\nagency: Santa Cruz METRO", "tessellate": -1, "extrude": 0, "visibility": -1 }, "geometry": { "type": "Point", "coordinates": [ -122.021584, 36.985661, 0.0 ] } },
{ "type": "Feature", "properties": { "Name": "Hwy 9 & Mountain", "description": "stop_id: 1363\nagency: Santa Cruz METRO", "tessellate": -1, "extrude": 0, "visibility": -1 }, "geometry": { "type": "Point", "coordinates": [ -122.120956, 37.120377, 0.0 ] } },
{ "type": "Feature", "properties": { "Name": "Hwy 9 & Willowbrook Dr", "description": "stop_id: 1364\nagency: Santa Cruz METRO", "tessellate": -1, "extrude": 0, "visibility": -1 }, "geometry": { "type": "Point", "coordinates": [ -122.084244, 37.071594, 0.0 ] } },
{ "type": "Feature", "properties": { "Name": "Glen Arbor Rd & River", "description": "stop_id: 1365\nagency: Santa Cruz METRO", "tessellate": -1, "extrude": 0, "visibility": -1 }, "geometry": { "type": "Point", "coordinates": [ -122.077751, 37.081112, 0.0 ] } },
{ "type": "Feature", "properties": { "Name": "Hwy 9 & Brown Gables Rd", "description": "stop_id: 1366\nagency: Santa Cruz METRO", "tessellate": -1, "extrude": 0, "visibility": -1 }, "geometry": { "type": "Point", "coordinates": [ -122.096474, 37.092968, 0.0 ] } },
{ "type": "Feature", "properties": { "Name": "Bonny Doon Rd & Thayer Rd", "description": "stop_id: 1367\nagency: Santa Cruz METRO", "tessellate": -1, "extrude": 0, "visibility": -1 }, "geometry": { "type": "Point", "coordinates": [ -122.160866, 37.054691, 0.0 ] } },
{ "type": "Feature", "properties": { "Name": "Empire Grade (UCSC path)", "description": "stop_id: 1368\nagency: Santa Cruz METRO", "tessellate": -1, "extrude": 0, "visibility": -1 }, "geometry": { "type": "Point", "coordinates": [ -122.073166, 37.003265, 0.0 ] } },
{ "type": "Feature", "properties": { "Name": "Empire Grade & Smith Grade", "description": "stop_id: 1369\nagency: Santa Cruz METRO", "tessellate": -1, "extrude": 0, "visibility": -1 }, "geometry": { "type": "Point", "coordinates": [ -122.099716, 37.027748, 0.0 ] } },
{ "type": "Feature", "properties": { "Name": "Bonny Doon Rd & Pine Flat Rd", "description": "stop_id: 1370\nagency: Santa Cruz METRO", "tessellate": -1, "extrude": 0, "visibility": -1 }, "geometry": { "type": "Point", "coordinates": [ -122.150681, 37.041912, 0.0 ] } },
{ "type": "Feature", "properties": { "Name": "Pine Flat Rd (Bonny Doon Elementary)", "description": "stop_id: 1371\nagency: Santa Cruz METRO", "tessellate": -1, "extrude": 0, "visibility": -1 }, "geometry": { "type": "Point", "coordinates": [ -122.148544, 37.061775, 0.0 ] } },
{ "type": "Feature", "properties": { "Name": "Pine Flat Rd & Kelly Ln", "description": "stop_id: 1372\nagency: Santa Cruz METRO", "tessellate": -1, "extrude": 0, "visibility": -1 }, "geometry": { "type": "Point", "coordinates": [ -122.141121, 37.06728, 0.0 ] } },
{ "type": "Feature", "properties": { "Name": "Pine Flat Rd & Atherley Ln", "description": "stop_id: 1373\nagency: Santa Cruz METRO", "tessellate": -1, "extrude": 0, "visibility": -1 }, "geometry": { "type": "Point", "coordinates": [ -122.138542, 37.079155, 0.0 ] } },
{ "type": "Feature", "properties": { "Name": "Pine Flat Rd & Comstock Ln", "description": "stop_id: 1374\nagency: Santa Cruz METRO", "tessellate": -1, "extrude": 0, "visibility": -1 }, "geometry": { "type": "Point", "coordinates": [ -122.141106, 37.080856, 0.0 ] } },
{ "type": "Feature", "properties": { "Name": "Pine Flat Rd & Comstock Ln", "description": "stop_id: 1375\nagency: Santa Cruz METRO", "tessellate": -1, "extrude": 0, "visibility": -1 }, "geometry": { "type": "Point", "coordinates": [ -122.140335, 37.081173, 0.0 ] } },
{ "type": "Feature", "properties": { "Name": "Pine Flat Rd (#2175)", "description": "stop_id: 1376\nagency: Santa Cruz METRO", "tessellate": -1, "extrude": 0, "visibility": -1 }, "geometry": { "type": "Point", "coordinates": [ -122.142029, 37.069073, 0.0 ] } },
{ "type": "Feature", "properties": { "Name": "Pine Flat Rd & Bonny Doon Rd", "description": "stop_id: 1377\nagency: Santa Cruz METRO", "tessellate": -1, "extrude": 0, "visibility": -1 }, "geometry": { "type": "Point", "coordinates": [ -122.145187, 37.064308, 0.0 ] } },
{ "type": "Feature", "properties": { "Name": "41st Ave & Capitola Rd", "description": "stop_id: 1379\nagency: Santa Cruz METRO", "tessellate": -1, "extrude": 0, "visibility": -1 }, "geometry": { "type": "Point", "coordinates": [ -121.96479, 36.974438, 0.0 ] } },
{ "type": "Feature", "properties": { "Name": "41st Ave & Clares", "description": "stop_id: 1381\nagency: Santa Cruz METRO", "tessellate": -1, "extrude": 0, "visibility": -1 }, "geometry": { "type": "Point", "coordinates": [ -121.96476, 36.979519, 0.0 ] } },
{ "type": "Feature", "properties": { "Name": "41st Ave (Home Depot)", "description": "stop_id: 1382\nagency: Santa Cruz METRO", "tessellate": -1, "extrude": 0, "visibility": -1 }, "geometry": { "type": "Point", "coordinates": [ -121.964783, 36.984924, 0.0 ] } },
{ "type": "Feature", "properties": { "Name": "41st Ave & Gross Rd", "description": "stop_id: 1383\nagency: Santa Cruz METRO", "tessellate": -1, "extrude": 0, "visibility": -1 }, "geometry": { "type": "Point", "coordinates": [ -121.965096, 36.980217, 0.0 ] } },
{ "type": "Feature", "properties": { "Name": "41st Ave & Cordelia Ln", "description": "stop_id: 1384\nagency: Santa Cruz METRO", "tessellate": -1, "extrude": 0, "visibility": -1 }, "geometry": { "type": "Point", "coordinates": [ -121.96505, 36.985123, 0.0 ] } },
{ "type": "Feature", "properties": { "Name": "38th Ave & Avis Ln", "description": "stop_id: 1385\nagency: Santa Cruz METRO", "tessellate": -1, "extrude": 0, "visibility": -1 }, "geometry": { "type": "Point", "coordinates": [ -121.967354, 36.964314, 0.0 ] } },
{ "type": "Feature", "properties": { "Name": "38th Ave & Tranquility Ct", "description": "stop_id: 1386\nagency: Santa Cruz METRO", "tessellate": -1, "extrude": 0, "visibility": -1 }, "geometry": { "type": "Point", "coordinates": [ -121.967468, 36.965317, 0.0 ] } },
{ "type": "Feature", "properties": { "Name": "38th Ave & Roland", "description": "stop_id: 1387\nagency: Santa Cruz METRO", "tessellate": -1, "extrude": 0, "visibility": -1 }, "geometry": { "type": "Point", "coordinates": [ -121.967293, 36.966049, 0.0 ] } },
{ "type": "Feature", "properties": { "Name": "38th Ave (Castle Mobile Estate)", "description": "stop_id: 1388\nagency: Santa Cruz METRO", "tessellate": -1, "extrude": 0, "visibility": -1 }, "geometry": { "type": "Point", "coordinates": [ -121.967453, 36.967449, 0.0 ] } },
{ "type": "Feature", "properties": { "Name": "38th Ave (Capitola Manor)", "description": "stop_id: 1389\nagency: Santa Cruz METRO", "tessellate": -1, "extrude": 0, "visibility": -1 }, "geometry": { "type": "Point", "coordinates": [ -121.967308, 36.967766, 0.0 ] } },
{ "type": "Feature", "properties": { "Name": "38th Ave (Blue & Gold)", "description": "stop_id: 1390\nagency: Santa Cruz METRO", "tessellate": -1, "extrude": 0, "visibility": -1 }, "geometry": { "type": "Point", "coordinates": [ -121.967445, 36.968742, 0.0 ] } },
{ "type": "Feature", "properties": { "Name": "38th Ave & Reposa (Blue & Gold)", "description": "stop_id: 1391\nagency: Santa Cruz METRO", "tessellate": -1, "extrude": 0, "visibility": -1 }, "geometry": { "type": "Point", "coordinates": [ -121.967316, 36.969456, 0.0 ] } },
{ "type": "Feature", "properties": { "Name": "38th Ave (King's Plaza)", "description": "stop_id: 1392\nagency: Santa Cruz METRO", "tessellate": -1, "extrude": 0, "visibility": -1 }, "geometry": { "type": "Point", "coordinates": [ -121.967331, 36.972092, 0.0 ] } },
{ "type": "Feature", "properties": { "Name": "41st Ave (King's Plaza)", "description": "stop_id: 1393\nagency: Santa Cruz METRO", "tessellate": -1, "extrude": 0, "visibility": -1 }, "geometry": { "type": "Point", "coordinates": [ -121.965065, 36.971706, 0.0 ] } },
{ "type": "Feature", "properties": { "Name": "17th Ave & Brommer", "description": "stop_id: 1394\nagency: Santa Cruz METRO", "tessellate": -1, "extrude": 0, "visibility": -1 }, "geometry": { "type": "Point", "coordinates": [ -121.984764, 36.970665, 0.0 ] } },
{ "type": "Feature", "properties": { "Name": "17th Ave & Felt", "description": "stop_id: 1395\nagency: Santa Cruz METRO", "tessellate": -1, "extrude": 0, "visibility": -1 }, "geometry": { "type": "Point", "coordinates": [ -121.985489, 36.967159, 0.0 ] } },
{ "type": "Feature", "properties": { "Name": "17th Ave & Merrill", "description": "stop_id: 1396\nagency: Santa Cruz METRO", "tessellate": -1, "extrude": 0, "visibility": -1 }, "geometry": { "type": "Point", "coordinates": [ -121.98674, 36.964989, 0.0 ] } },
{ "type": "Feature", "properties": { "Name": "17th Ave & Matthews Ln", "description": "stop_id: 1397\nagency: Santa Cruz METRO", "tessellate": -1, "extrude": 0, "visibility": -1 }, "geometry": { "type": "Point", "coordinates": [ -121.987267, 36.963676, 0.0 ] } },
{ "type": "Feature", "properties": { "Name": "17th Ave & Merrill", "description": "stop_id: 1398\nagency: Santa Cruz METRO", "tessellate": -1, "extrude": 0, "visibility": -1 }, "geometry": { "type": "Point", "coordinates": [ -121.98632, 36.965302, 0.0 ] } },
{ "type": "Feature", "properties": { "Name": "17th Ave & Felt", "description": "stop_id: 1399\nagency: Santa Cruz METRO", "tessellate": -1, "extrude": 0, "visibility": -1 }, "geometry": { "type": "Point", "coordinates": [ -121.985222, 36.967182, 0.0 ] } },
{ "type": "Feature", "properties": { "Name": "Portola Dr & Corcoran Ave", "description": "stop_id: 1400\nagency: Santa Cruz METRO", "tessellate": -1, "extrude": 0, "visibility": -1 }, "geometry": { "type": "Point", "coordinates": [ -121.981438, 36.962898, 0.0 ] } },
{ "type": "Feature", "properties": { "Name": "17th Ave & Kinsley", "description": "stop_id: 1401\nagency: Santa Cruz METRO", "tessellate": -1, "extrude": 0, "visibility": -1 }, "geometry": { "type": "Point", "coordinates": [ -121.98481, 36.969753, 0.0 ] } },
{ "type": "Feature", "properties": { "Name": "Soquel Ave & Darwin", "description": "stop_id: 1402\nagency: Santa Cruz METRO", "tessellate": -1, "extrude": 0, "visibility": -1 }, "geometry": { "type": "Point", "coordinates": [ -122.008003, 36.98085, 0.0 ] } },
{ "type": "Feature", "properties": { "Name": "W Lake Ave & Main", "description": "stop_id: 1403\nagency: Santa Cruz METRO", "tessellate": -1, "extrude": 0, "visibility": -1 }, "geometry": { "type": "Point", "coordinates": [ -121.758659, 36.911495, 0.0 ] } },
{ "type": "Feature", "properties": { "Name": "Rodriguez & Main (The Pines Apts)", "description": "stop_id: 1404\nagency: Santa Cruz METRO", "tessellate": -1, "extrude": 0, "visibility": -1 }, "geometry": { "type": "Point", "coordinates": [ -121.764458, 36.91433, 0.0 ] } },
{ "type": "Feature", "properties": { "Name": "Amesti Rd & Paraiso Dr", "description": "stop_id: 1405\nagency: Santa Cruz METRO", "tessellate": -1, "extrude": 0, "visibility": -1 }, "geometry": { "type": "Point", "coordinates": [ -121.77771, 36.953503, 0.0 ] } },
{ "type": "Feature", "properties": { "Name": "Amesti Rd & E Rianda Rd", "description": "stop_id: 1406\nagency: Santa Cruz METRO", "tessellate": -1, "extrude": 0, "visibility": -1 }, "geometry": { "type": "Point", "coordinates": [ -121.78717, 36.959873, 0.0 ] } },
{ "type": "Feature", "properties": { "Name": "Amesti Rd & Alaga Ln", "description": "stop_id: 1407\nagency: Santa Cruz METRO", "tessellate": -1, "extrude": 0, "visibility": -1 }, "geometry": { "type": "Point", "coordinates": [ -121.790154, 36.961891, 0.0 ] } },
{ "type": "Feature", "properties": { "Name": "Amesti Rd & Pioneer Rd", "description": "stop_id: 1408\nagency: Santa Cruz METRO", "tessellate": -1, "extrude": 0, "visibility": -1 }, "geometry": { "type": "Point", "coordinates": [ -121.794975, 36.971062, 0.0 ] } },
{ "type": "Feature", "properties": { "Name": "Varni Rd & Amesti Rd", "description": "stop_id: 1409\nagency: Santa Cruz METRO", "tessellate": -1, "extrude": 0, "visibility": -1 }, "geometry": { "type": "Point", "coordinates": [ -121.795738, 36.971138, 0.0 ] } },
{ "type": "Feature", "properties": { "Name": "Rodriguez & Main (The Pines Apts)", "description": "stop_id: 1410\nagency: Santa Cruz METRO", "tessellate": -1, "extrude": 0, "visibility": -1 }, "geometry": { "type": "Point", "coordinates": [ -121.764648, 36.914402, 0.0 ] } },
{ "type": "Feature", "properties": { "Name": "Rodriguez & Kearney", "description": "stop_id: 1411\nagency: Santa Cruz METRO", "tessellate": -1, "extrude": 0, "visibility": -1 }, "geometry": { "type": "Point", "coordinates": [ -121.761307, 36.911034, 0.0 ] } },
{ "type": "Feature", "properties": { "Name": "Buena Vista Dr & Miller Ave", "description": "stop_id: 1412\nagency: Santa Cruz METRO", "tessellate": -1, "extrude": 0, "visibility": -1 }, "geometry": { "type": "Point", "coordinates": [ -121.784241, 36.941654, 0.0 ] } },
{ "type": "Feature", "properties": { "Name": "Anna & Hanger Way", "description": "stop_id: 1413\nagency: Santa Cruz METRO", "tessellate": -1, "extrude": 0, "visibility": -1 }, "geometry": { "type": "Point", "coordinates": [ -121.790672, 36.925873, 0.0 ] } },
{ "type": "Feature", "properties": { "Name": "Clifford Ave & Evelyn Ave", "description": "stop_id: 1414\nagency: Santa Cruz METRO", "tessellate": -1, "extrude": 0, "visibility": -1 }, "geometry": { "type": "Point", "coordinates": [ -121.769669, 36.929199, 0.0 ] } },
{ "type": "Feature", "properties": { "Name": "Herman Ave & Kralj Dr", "description": "stop_id: 1415\nagency: Santa Cruz METRO", "tessellate": -1, "extrude": 0, "visibility": -1 }, "geometry": { "type": "Point", "coordinates": [ -121.784691, 36.923138, 0.0 ] } },
{ "type": "Feature", "properties": { "Name": "Anna & Herman Ave", "description": "stop_id: 1416\nagency: Santa Cruz METRO", "tessellate": -1, "extrude": 0, "visibility": -1 }, "geometry": { "type": "Point", "coordinates": [ -121.785263, 36.925499, 0.0 ] } },
{ "type": "Feature", "properties": { "Name": "S Green Valley Rd & Maranatha Dr", "description": "stop_id: 1417\nagency: Santa Cruz METRO", "tessellate": -1, "extrude": 0, "visibility": -1 }, "geometry": { "type": "Point", "coordinates": [ -121.779732, 36.925472, 0.0 ] } },
{ "type": "Feature", "properties": { "Name": "Freedom Blvd & Roache Rd", "description": "stop_id: 1418\nagency: Santa Cruz METRO", "tessellate": -1, "extrude": 0, "visibility": -1 }, "geometry": { "type": "Point", "coordinates": [ -121.775597, 36.936756, 0.0 ] } },
{ "type": "Feature", "properties": { "Name": "Green Valley Rd & Celia Dr", "description": "stop_id: 1419\nagency: Santa Cruz METRO", "tessellate": -1, "extrude": 0, "visibility": -1 }, "geometry": { "type": "Point", "coordinates": [ -121.764832, 36.954182, 0.0 ] } },
{ "type": "Feature", "properties": { "Name": "Green Valley Rd & Poultry Ln (Mesa Village)", "description": "stop_id: 1420\nagency: Santa Cruz METRO", "tessellate": -1, "extrude": 0, "visibility": -1 }, "geometry": { "type": "Point", "coordinates": [ -121.765091, 36.965241, 0.0 ] } },
{ "type": "Feature", "properties": { "Name": "Green Valley Rd & Trembly Ln", "description": "stop_id: 1421\nagency: Santa Cruz METRO", "tessellate": -1, "extrude": 0, "visibility": -1 }, "geometry": { "type": "Point", "coordinates": [ -121.765015, 36.957768, 0.0 ] } },
{ "type": "Feature", "properties": { "Name": "Green Valley Rd & Behler Rd (Pinto Lake Pk)", "description": "stop_id: 1422\nagency: Santa Cruz METRO", "tessellate": -1, "extrude": 0, "visibility": -1 }, "geometry": { "type": "Point", "coordinates": [ -121.765633, 36.948059, 0.0 ] } },
{ "type": "Feature", "properties": { "Name": "College Rd & Taylor Rd (Drew Lake)", "description": "stop_id: 1423\nagency: Santa Cruz METRO", "tessellate": -1, "extrude": 0, "visibility": -1 }, "geometry": { "type": "Point", "coordinates": [ -121.735931, 36.933743, 0.0 ] } },
{ "type": "Feature", "properties": { "Name": "E Lake & Nugent Ave", "description": "stop_id: 1424\nagency: Santa Cruz METRO", "tessellate": -1, "extrude": 0, "visibility": -1 }, "geometry": { "type": "Point", "coordinates": [ -121.744766, 36.929527, 0.0 ] } },
{ "type": "Feature", "properties": { "Name": "Center Ave & Sea Terrace Way", "description": "stop_id: 1427\nagency: Santa Cruz METRO", "tessellate": -1, "extrude": 0, "visibility": -1 }, "geometry": { "type": "Point", "coordinates": [ -121.905243, 36.974503, 0.0 ] } },
{ "type": "Feature", "properties": { "Name": "Green Valley Rd & Mesa Verde Dr", "description": "stop_id: 1428\nagency: Santa Cruz METRO", "tessellate": -1, "extrude": 0, "visibility": -1 }, "geometry": { "type": "Point", "coordinates": [ -121.765289, 36.969402, 0.0 ] } },
{ "type": "Feature", "properties": { "Name": "Wheelock Rd & Casserly Rd", "description": "stop_id: 1429\nagency: Santa Cruz METRO", "tessellate": -1, "extrude": 0, "visibility": -1 }, "geometry": { "type": "Point", "coordinates": [ -121.764694, 36.972771, 0.0 ] } },
{ "type": "Feature", "properties": { "Name": "Wheelock Rd (#102)", "description": "stop_id: 1430\nagency: Santa Cruz METRO", "tessellate": -1, "extrude": 0, "visibility": -1 }, "geometry": { "type": "Point", "coordinates": [ -121.766792, 36.976376, 0.0 ] } },
{ "type": "Feature", "properties": { "Name": "Wheelock Rd & Gilchrist Ln", "description": "stop_id: 1431\nagency: Santa Cruz METRO", "tessellate": -1, "extrude": 0, "visibility": -1 }, "geometry": { "type": "Point", "coordinates": [ -121.766594, 36.979382, 0.0 ] } },
{ "type": "Feature", "properties": { "Name": "Wheelock Rd (Monte Vista School)", "description": "stop_id: 1432\nagency: Santa Cruz METRO", "tessellate": -1, "extrude": 0, "visibility": -1 }, "geometry": { "type": "Point", "coordinates": [ -121.768921, 36.981682, 0.0 ] } },
{ "type": "Feature", "properties": { "Name": "Wheelock Rd & Green Valley Rd", "description": "stop_id: 1433\nagency: Santa Cruz METRO", "tessellate": -1, "extrude": 0, "visibility": -1 }, "geometry": { "type": "Point", "coordinates": [ -121.776428, 36.980419, 0.0 ] } },
{ "type": "Feature", "properties": { "Name": "Green Valley Rd & Kliewer Ln", "description": "stop_id: 1434\nagency: Santa Cruz METRO", "tessellate": -1, "extrude": 0, "visibility": -1 }, "geometry": { "type": "Point", "coordinates": [ -121.770912, 36.970734, 0.0 ] } },
{ "type": "Feature", "properties": { "Name": "Broadway & Cayuga", "description": "stop_id: 1435\nagency: Santa Cruz METRO", "tessellate": -1, "extrude": 0, "visibility": -1 }, "geometry": { "type": "Point", "coordinates": [ -122.010735, 36.975204, 0.0 ] } },
{ "type": "Feature", "properties": { "Name": "Broadway & S Branciforte Ave", "description": "stop_id: 1436\nagency: Santa Cruz METRO", "tessellate": -1, "extrude": 0, "visibility": -1 }, "geometry": { "type": "Point", "coordinates": [ -122.014656, 36.974762, 0.0 ] } },
{ "type": "Feature", "properties": { "Name": "Broadway & S Branciforte Ave", "description": "stop_id: 1437\nagency: Santa Cruz METRO", "tessellate": -1, "extrude": 0, "visibility": -1 }, "geometry": { "type": "Point", "coordinates": [ -122.014534, 36.974663, 0.0 ] } },
{ "type": "Feature", "properties": { "Name": "Seascape Blvd & Sumner Ave", "description": "stop_id: 1438\nagency: Santa Cruz METRO", "tessellate": -1, "extrude": 0, "visibility": -1 }, "geometry": { "type": "Point", "coordinates": [ -121.876511, 36.952087, 0.0 ] } },
{ "type": "Feature", "properties": { "Name": "Mt Hermon Rd (King's Village Shopping Ctr)", "description": "stop_id: 1439\nagency: Santa Cruz METRO", "tessellate": -1, "extrude": 0, "visibility": -1 }, "geometry": { "type": "Point", "coordinates": [ -122.031448, 37.047249, 0.0 ] } },
{ "type": "Feature", "properties": { "Name": "Glen Arbor Rd & Hwy 9", "description": "stop_id: 1440\nagency: Santa Cruz METRO", "tessellate": -1, "extrude": 0, "visibility": -1 }, "geometry": { "type": "Point", "coordinates": [ -122.08828, 37.088829, 0.0 ] } },
{ "type": "Feature", "properties": { "Name": "Bay & California", "description": "stop_id: 1441\nagency: Santa Cruz METRO", "tessellate": -1, "extrude": 0, "visibility": -1 }, "geometry": { "type": "Point", "coordinates": [ -122.035782, 36.963669, 0.0 ] } },
{ "type": "Feature", "properties": { "Name": "Glen Arbor Rd & Locust", "description": "stop_id: 1442\nagency: Santa Cruz METRO", "tessellate": -1, "extrude": 0, "visibility": -1 }, "geometry": { "type": "Point", "coordinates": [ -122.083931, 37.086674, 0.0 ] } },
{ "type": "Feature", "properties": { "Name": "Brommer & Odyssey Ct", "description": "stop_id: 1443\nagency: Santa Cruz METRO", "tessellate": -1, "extrude": 0, "visibility": -1 }, "geometry": { "type": "Point", "coordinates": [ -121.990547, 36.972096, 0.0 ] } },
{ "type": "Feature", "properties": { "Name": "Main & Rodriguez", "description": "stop_id: 1444\nagency: Santa Cruz METRO", "tessellate": -1, "extrude": 0, "visibility": -1 }, "geometry": { "type": "Point", "coordinates": [ -121.763992, 36.915394, 0.0 ] } },
{ "type": "Feature", "properties": { "Name": "Walnut Ave & Center", "description": "stop_id: 1445\nagency: Santa Cruz METRO", "tessellate": -1, "extrude": 0, "visibility": -1 }, "geometry": { "type": "Point", "coordinates": [ -122.028458, 36.972977, 0.0 ] } },
{ "type": "Feature", "properties": { "Name": "Cedar & Cathcart", "description": "stop_id: 1447\nagency: Santa Cruz METRO", "tessellate": -1, "extrude": 0, "visibility": -1 }, "geometry": { "type": "Point", "coordinates": [ -122.026779, 36.971596, 0.0 ] } },
{ "type": "Feature", "properties": { "Name": "Cedar & Lincoln", "description": "stop_id: 1449\nagency: Santa Cruz METRO", "tessellate": -1, "extrude": 0, "visibility": -1 }, "geometry": { "type": "Point", "coordinates": [ -122.02713, 36.97224, 0.0 ] } },
{ "type": "Feature", "properties": { "Name": "Empire Grade (#2519)", "description": "stop_id: 1450\nagency: Santa Cruz METRO", "tessellate": -1, "extrude": 0, "visibility": -1 }, "geometry": { "type": "Point", "coordinates": [ -122.075348, 37.01162, 0.0 ] } },
{ "type": "Feature", "properties": { "Name": "Empire Grade (UCSC - Arboretum)", "description": "stop_id: 1451\nagency: Santa Cruz METRO", "tessellate": -1, "extrude": 0, "visibility": -1 }, "geometry": { "type": "Point", "coordinates": [ -122.064934, 36.983685, 0.0 ] } },
{ "type": "Feature", "properties": { "Name": "Delaware Ave & Swift", "description": "stop_id: 1452\nagency: Santa Cruz METRO", "tessellate": -1, "extrude": 0, "visibility": -1 }, "geometry": { "type": "Point", "coordinates": [ -122.049004, 36.9557, 0.0 ] } },
{ "type": "Feature", "properties": { "Name": "Mark Ave & Arroyo Dr", "description": "stop_id: 1453\nagency: Santa Cruz METRO", "tessellate": -1, "extrude": 0, "visibility": -1 }, "geometry": { "type": "Point", "coordinates": [ -121.762573, 36.964554, 0.0 ] } },
{ "type": "Feature", "properties": { "Name": "Mark Ave & Hathaway Ave", "description": "stop_id: 1454\nagency: Santa Cruz METRO", "tessellate": -1, "extrude": 0, "visibility": -1 }, "geometry": { "type": "Point", "coordinates": [ -121.763443, 36.966805, 0.0 ] } },
{ "type": "Feature", "properties": { "Name": "Mark Ave & Ponderosa Ave", "description": "stop_id: 1455\nagency: Santa Cruz METRO", "tessellate": -1, "extrude": 0, "visibility": -1 }, "geometry": { "type": "Point", "coordinates": [ -121.763596, 36.968338, 0.0 ] } },
{ "type": "Feature", "properties": { "Name": "Capitola Rd & 16th Ave", "description": "stop_id: 1457\nagency: Santa Cruz METRO", "tessellate": -1, "extrude": 0, "visibility": -1 }, "geometry": { "type": "Point", "coordinates": [ -121.984383, 36.976334, 0.0 ] } },
{ "type": "Feature", "properties": { "Name": "Mission & King", "description": "stop_id: 1458\nagency: Santa Cruz METRO", "tessellate": -1, "extrude": 0, "visibility": -1 }, "geometry": { "type": "Point", "coordinates": [ -122.047745, 36.961262, 0.0 ] } },
{ "type": "Feature", "properties": { "Name": "Western Dr & Beachview Ave", "description": "stop_id: 1459\nagency: Santa Cruz METRO", "tessellate": -1, "extrude": 0, "visibility": -1 }, "geometry": { "type": "Point", "coordinates": [ -122.056572, 36.961472, 0.0 ] } },
{ "type": "Feature", "properties": { "Name": "Harvey West Blvd (Harvey West Park)", "description": "stop_id: 1460\nagency: Santa Cruz METRO", "tessellate": -1, "extrude": 0, "visibility": -1 }, "geometry": { "type": "Point", "coordinates": [ -122.038414, 36.984573, 0.0 ] } },
{ "type": "Feature", "properties": { "Name": "7th Ave (Casa La Familia)", "description": "stop_id: 1461\nagency: Santa Cruz METRO", "tessellate": -1, "extrude": 0, "visibility": -1 }, "geometry": { "type": "Point", "coordinates": [ -121.989479, 36.982899, 0.0 ] } },
{ "type": "Feature", "properties": { "Name": "Hwy 9 & Pleasant Way", "description": "stop_id: 1462\nagency: Santa Cruz METRO", "tessellate": -1, "extrude": 0, "visibility": -1 }, "geometry": { "type": "Point", "coordinates": [ -122.136292, 37.151428, 0.0 ] } },
{ "type": "Feature", "properties": { "Name": "Green Valley Rd & Litchfield Ln", "description": "stop_id: 1464\nagency: Santa Cruz METRO", "tessellate": -1, "extrude": 0, "visibility": -1 }, "geometry": { "type": "Point", "coordinates": [ -121.776306, 36.976872, 0.0 ] } },
{ "type": "Feature", "properties": { "Name": "Soquel Ave & Front", "description": "stop_id: 1466\nagency: Santa Cruz METRO", "tessellate": -1, "extrude": 0, "visibility": -1 }, "geometry": { "type": "Point", "coordinates": [ -122.024208, 36.973484, 0.0 ] } },
{ "type": "Feature", "properties": { "Name": "Soquel Dr & Chanticleer Ave", "description": "stop_id: 1467\nagency: Santa Cruz METRO", "tessellate": -1, "extrude": 0, "visibility": -1 }, "geometry": { "type": "Point", "coordinates": [ -121.977539, 36.988365, 0.0 ] } },
{ "type": "Feature", "properties": { "Name": "Mt Hermon Rd (Scotts Valley Square)", "description": "stop_id: 1468\nagency: Santa Cruz METRO", "tessellate": -1, "extrude": 0, "visibility": -1 }, "geometry": { "type": "Point", "coordinates": [ -122.032249, 37.047615, 0.0 ] } },
{ "type": "Feature", "properties": { "Name": "Scotts Valley Dr & El Pueblo Rd", "description": "stop_id: 1469\nagency: Santa Cruz METRO", "tessellate": -1, "extrude": 0, "visibility": -1 }, "geometry": { "type": "Point", "coordinates": [ -122.011597, 37.056007, 0.0 ] } },
{ "type": "Feature", "properties": { "Name": "Pine Flat Rd & Quail Dr", "description": "stop_id: 1470\nagency: Santa Cruz METRO", "tessellate": -1, "extrude": 0, "visibility": -1 }, "geometry": { "type": "Point", "coordinates": [ -122.153351, 37.050331, 0.0 ] } },
{ "type": "Feature", "properties": { "Name": "High & Western", "description": "stop_id: 1471\nagency: Santa Cruz METRO", "tessellate": -1, "extrude": 0, "visibility": -1 }, "geometry": { "type": "Point", "coordinates": [ -122.057732, 36.978813, 0.0 ] } },
{ "type": "Feature", "properties": { "Name": "High & Bay Dr (UCSC - Main Gate)", "description": "stop_id: 1472\nagency: Santa Cruz METRO", "tessellate": -1, "extrude": 0, "visibility": -1 }, "geometry": { "type": "Point", "coordinates": [ -122.054306, 36.977322, 0.0 ] } },
{ "type": "Feature", "properties": { "Name": "Bay Dr & High", "description": "stop_id: 1473\nagency: Santa Cruz METRO", "tessellate": -1, "extrude": 0, "visibility": -1 }, "geometry": { "type": "Point", "coordinates": [ -122.053802, 36.976765, 0.0 ] } },
{ "type": "Feature", "properties": { "Name": "Capitola Rd & Clares", "description": "stop_id: 1474\nagency: Santa Cruz METRO", "tessellate": -1, "extrude": 0, "visibility": -1 }, "geometry": { "type": "Point", "coordinates": [ -121.969948, 36.973824, 0.0 ] } },
{ "type": "Feature", "properties": { "Name": "S Green Valley Rd & Magnolia Dr", "description": "stop_id: 1475\nagency: Santa Cruz METRO", "tessellate": -1, "extrude": 0, "visibility": -1 }, "geometry": { "type": "Point", "coordinates": [ -121.780922, 36.92403, 0.0 ] } },
{ "type": "Feature", "properties": { "Name": "S Green Valley Rd & Kralj Dr", "description": "stop_id: 1476\nagency: Santa Cruz METRO", "tessellate": -1, "extrude": 0, "visibility": -1 }, "geometry": { "type": "Point", "coordinates": [ -121.781578, 36.922298, 0.0 ] } },
{ "type": "Feature", "properties": { "Name": "Hwy 9 & Quigg Way", "description": "stop_id: 1478\nagency: Santa Cruz METRO", "tessellate": -1, "extrude": 0, "visibility": -1 }, "geometry": { "type": "Point", "coordinates": [ -122.140999, 37.184177, 0.0 ] } },
{ "type": "Feature", "properties": { "Name": "Western Dr & Western Ct", "description": "stop_id: 1479\nagency: Santa Cruz METRO", "tessellate": -1, "extrude": 0, "visibility": -1 }, "geometry": { "type": "Point", "coordinates": [ -122.058342, 36.968609, 0.0 ] } },
{ "type": "Feature", "properties": { "Name": "Storey & Escalona Dr", "description": "stop_id: 1480\nagency: Santa Cruz METRO", "tessellate": -1, "extrude": 0, "visibility": -1 }, "geometry": { "type": "Point", "coordinates": [ -122.035034, 36.976193, 0.0 ] } },
{ "type": "Feature", "properties": { "Name": "River & Josephine", "description": "stop_id: 1481\nagency: Santa Cruz METRO", "tessellate": -1, "extrude": 0, "visibility": -1 }, "geometry": { "type": "Point", "coordinates": [ -122.029144, 36.981163, 0.0 ] } },
{ "type": "Feature", "properties": { "Name": "Hwy 9 & Teihl", "description": "stop_id: 1482\nagency: Santa Cruz METRO", "tessellate": -1, "extrude": 0, "visibility": -1 }, "geometry": { "type": "Point", "coordinates": [ -122.138138, 37.173401, 0.0 ] } },
{ "type": "Feature", "properties": { "Name": "Airport Blvd (Freedom Centre)", "description": "stop_id: 1484\nagency: Santa Cruz METRO", "tessellate": -1, "extrude": 0, "visibility": -1 }, "geometry": { "type": "Point", "coordinates": [ -121.77681, 36.940006, 0.0 ] } },
{ "type": "Feature", "properties": { "Name": "Freedom Blvd (#2672)", "description": "stop_id: 1485\nagency: Santa Cruz METRO", "tessellate": -1, "extrude": 0, "visibility": -1 }, "geometry": { "type": "Point", "coordinates": [ -121.798737, 36.954845, 0.0 ] } },
{ "type": "Feature", "properties": { "Name": "Freedom Blvd (#2672)", "description": "stop_id: 1486\nagency: Santa Cruz METRO", "tessellate": -1, "extrude": 0, "visibility": -1 }, "geometry": { "type": "Point", "coordinates": [ -121.798973, 36.954887, 0.0 ] } },
{ "type": "Feature", "properties": { "Name": "S Green Valley Rd & Carey Ave", "description": "stop_id: 1487\nagency: Santa Cruz METRO", "tessellate": -1, "extrude": 0, "visibility": -1 }, "geometry": { "type": "Point", "coordinates": [ -121.774185, 36.934345, 0.0 ] } },
{ "type": "Feature", "properties": { "Name": "S Green Valley Rd & Hope Dr (Green Valley Village)", "description": "stop_id: 1488\nagency: Santa Cruz METRO", "tessellate": -1, "extrude": 0, "visibility": -1 }, "geometry": { "type": "Point", "coordinates": [ -121.778648, 36.92791, 0.0 ] } },
{ "type": "Feature", "properties": { "Name": "E Lake & Lincoln St", "description": "stop_id: 1489\nagency: Santa Cruz METRO", "tessellate": -1, "extrude": 0, "visibility": -1 }, "geometry": { "type": "Point", "coordinates": [ -121.754097, 36.914864, 0.0 ] } },
{ "type": "Feature", "properties": { "Name": "Sunnyhills Dr & Shady Oaks Dr", "description": "stop_id: 1490\nagency: Santa Cruz METRO", "tessellate": -1, "extrude": 0, "visibility": -1 }, "geometry": { "type": "Point", "coordinates": [ -121.785355, 36.929684, 0.0 ] } },
{ "type": "Feature", "properties": { "Name": "Delaware Ave & Fair", "description": "stop_id: 1491\nagency: Santa Cruz METRO", "tessellate": -1, "extrude": 0, "visibility": -1 }, "geometry": { "type": "Point", "coordinates": [ -122.04586, 36.95599, 0.0 ] } },
{ "type": "Feature", "properties": { "Name": "Dubois & Harvey West Blvd", "description": "stop_id: 1492\nagency: Santa Cruz METRO", "tessellate": -1, "extrude": 0, "visibility": -1 }, "geometry": { "type": "Point", "coordinates": [ -122.039513, 36.985214, 0.0 ] } },
{ "type": "Feature", "properties": { "Name": "Bonny Doon Rd (Mc Henry Vineyard)", "description": "stop_id: 1494\nagency: Santa Cruz METRO", "tessellate": -1, "extrude": 0, "visibility": -1 }, "geometry": { "type": "Point", "coordinates": [ -122.157814, 37.065884, 0.0 ] } },
{ "type": "Feature", "properties": { "Name": "Green Valley Rd & Holohan Rd", "description": "stop_id: 1495\nagency: Santa Cruz METRO", "tessellate": -1, "extrude": 0, "visibility": -1 }, "geometry": { "type": "Point", "coordinates": [ -121.768974, 36.941628, 0.0 ] } },
{ "type": "Feature", "properties": { "Name": "Green Valley Rd & Airport Blvd", "description": "stop_id: 1496\nagency: Santa Cruz METRO", "tessellate": -1, "extrude": 0, "visibility": -1 }, "geometry": { "type": "Point", "coordinates": [ -121.769325, 36.941536, 0.0 ] } },
{ "type": "Feature", "properties": { "Name": "Green Valley Rd (Hispanic SDA Church)", "description": "stop_id: 1497\nagency: Santa Cruz METRO", "tessellate": -1, "extrude": 0, "visibility": -1 }, "geometry": { "type": "Point", "coordinates": [ -121.767555, 36.944111, 0.0 ] } },
{ "type": "Feature", "properties": { "Name": "Empire Grade & Sunlit Ln", "description": "stop_id: 1498\nagency: Santa Cruz METRO", "tessellate": -1, "extrude": 0, "visibility": -1 }, "geometry": { "type": "Point", "coordinates": [ -122.123299, 37.06847, 0.0 ] } },
{ "type": "Feature", "properties": { "Name": "Hwy 9 & Brookside Dr", "description": "stop_id: 1499\nagency: Santa Cruz METRO", "tessellate": -1, "extrude": 0, "visibility": -1 }, "geometry": { "type": "Point", "coordinates": [ -122.131683, 37.142315, 0.0 ] } },
{ "type": "Feature", "properties": { "Name": "Big Basin Way (Country Club)", "description": "stop_id: 1500\nagency: Santa Cruz METRO", "tessellate": -1, "extrude": 0, "visibility": -1 }, "geometry": { "type": "Point", "coordinates": [ -122.161102, 37.153336, 0.0 ] } },
{ "type": "Feature", "properties": { "Name": "Heller Dr (UCSC - Rachel Carson College & Porter)", "description": "stop_id: 1501\nagency: Santa Cruz METRO", "tessellate": -1, "extrude": 0, "visibility": -1 }, "geometry": { "type": "Point", "coordinates": [ -122.065201, 36.992996, 0.0 ] } },
{ "type": "Feature", "properties": { "Name": "Green Valley Rd & Devon Ln", "description": "stop_id: 1502\nagency: Santa Cruz METRO", "tessellate": -1, "extrude": 0, "visibility": -1 }, "geometry": { "type": "Point", "coordinates": [ -121.764999, 36.953758, 0.0 ] } },
{ "type": "Feature", "properties": { "Name": "Seascape Blvd & Via Pacifica", "description": "stop_id: 1504\nagency: Santa Cruz METRO", "tessellate": -1, "extrude": 0, "visibility": -1 }, "geometry": { "type": "Point", "coordinates": [ -121.86602, 36.95047, 0.0 ] } },
{ "type": "Feature", "properties": { "Name": "Main & W 5th", "description": "stop_id: 1508\nagency: Santa Cruz METRO", "tessellate": -1, "extrude": 0, "visibility": -1 }, "geometry": { "type": "Point", "coordinates": [ -121.759621, 36.912842, 0.0 ] } },
{ "type": "Feature", "properties": { "Name": "S Green Valley Rd & Kralj Dr", "description": "stop_id: 1509\nagency: Santa Cruz METRO", "tessellate": -1, "extrude": 0, "visibility": -1 }, "geometry": { "type": "Point", "coordinates": [ -121.782135, 36.92189, 0.0 ] } },
{ "type": "Feature", "properties": { "Name": "Clifford Ave & Crescent Dr", "description": "stop_id: 1510\nagency: Santa Cruz METRO", "tessellate": -1, "extrude": 0, "visibility": -1 }, "geometry": { "type": "Point", "coordinates": [ -121.771591, 36.92775, 0.0 ] } },
{ "type": "Feature", "properties": { "Name": "Clifford Ave & Montebello Dr", "description": "stop_id: 1511\nagency: Santa Cruz METRO", "tessellate": -1, "extrude": 0, "visibility": -1 }, "geometry": { "type": "Point", "coordinates": [ -121.775604, 36.920925, 0.0 ] } },
{ "type": "Feature", "properties": { "Name": "Clifford Ave & Rosewood Dr", "description": "stop_id: 1513\nagency: Santa Cruz METRO", "tessellate": -1, "extrude": 0, "visibility": -1 }, "geometry": { "type": "Point", "coordinates": [ -121.775589, 36.92115, 0.0 ] } },
{ "type": "Feature", "properties": { "Name": "Neilson & Airport Blvd (Wats. Hospital)", "description": "stop_id: 1514\nagency: Santa Cruz METRO", "tessellate": -1, "extrude": 0, "visibility": -1 }, "geometry": { "type": "Point", "coordinates": [ -121.793587, 36.928196, 0.0 ] } },
{ "type": "Feature", "properties": { "Name": "Anna & Holm Rd", "description": "stop_id: 1515\nagency: Santa Cruz METRO", "tessellate": -1, "extrude": 0, "visibility": -1 }, "geometry": { "type": "Point", "coordinates": [ -121.787025, 36.925709, 0.0 ] } },
{ "type": "Feature", "properties": { "Name": "Lincoln & Palm Ave", "description": "stop_id: 1517\nagency: Santa Cruz METRO", "tessellate": -1, "extrude": 0, "visibility": -1 }, "geometry": { "type": "Point", "coordinates": [ -121.756042, 36.917816, 0.0 ] } },
{ "type": "Feature", "properties": { "Name": "Lincoln & E High", "description": "stop_id: 1518\nagency: Santa Cruz METRO", "tessellate": -1, "extrude": 0, "visibility": -1 }, "geometry": { "type": "Point", "coordinates": [ -121.758316, 36.9202, 0.0 ] } },
{ "type": "Feature", "properties": { "Name": "Airport Blvd & Freedom", "description": "stop_id: 1519\nagency: Santa Cruz METRO", "tessellate": -1, "extrude": 0, "visibility": -1 }, "geometry": { "type": "Point", "coordinates": [ -121.778809, 36.937199, 0.0 ] } },
{ "type": "Feature", "properties": { "Name": "Ross Ave & Chappell Rd", "description": "stop_id: 1520\nagency: Santa Cruz METRO", "tessellate": -1, "extrude": 0, "visibility": -1 }, "geometry": { "type": "Point", "coordinates": [ -121.785233, 36.932194, 0.0 ] } },
{ "type": "Feature", "properties": { "Name": "Ross Ave & Holly Dr", "description": "stop_id: 1521\nagency: Santa Cruz METRO", "tessellate": -1, "extrude": 0, "visibility": -1 }, "geometry": { "type": "Point", "coordinates": [ -121.784027, 36.931, 0.0 ] } },
{ "type": "Feature", "properties": { "Name": "Shady Oaks Dr & Jeanette Way", "description": "stop_id: 1522\nagency: Santa Cruz METRO", "tessellate": -1, "extrude": 0, "visibility": -1 }, "geometry": { "type": "Point", "coordinates": [ -121.785522, 36.927246, 0.0 ] } },
{ "type": "Feature", "properties": { "Name": "High & Bay", "description": "stop_id: 1525\nagency: Santa Cruz METRO", "tessellate": -1, "extrude": 0, "visibility": -1 }, "geometry": { "type": "Point", "coordinates": [ -122.052864, 36.977081, 0.0 ] } },
{ "type": "Feature", "properties": { "Name": "Hwy 9 & Brimblecom Rd", "description": "stop_id: 1526\nagency: Santa Cruz METRO", "tessellate": -1, "extrude": 0, "visibility": -1 }, "geometry": { "type": "Point", "coordinates": [ -122.131935, 37.142136, 0.0 ] } },
{ "type": "Feature", "properties": { "Name": "Empire Grade (at Mile 1306)", "description": "stop_id: 1527\nagency: Santa Cruz METRO", "tessellate": -1, "extrude": 0, "visibility": -1 }, "geometry": { "type": "Point", "coordinates": [ -122.084198, 37.021256, 0.0 ] } },
{ "type": "Feature", "properties": { "Name": "Empire Grade (Bonny Doon Airport)", "description": "stop_id: 1528\nagency: Santa Cruz METRO", "tessellate": -1, "extrude": 0, "visibility": -1 }, "geometry": { "type": "Point", "coordinates": [ -122.127945, 37.072632, 0.0 ] } },
{ "type": "Feature", "properties": { "Name": "Bonny Doon Rd & Cathedral Park Dr", "description": "stop_id: 1529\nagency: Santa Cruz METRO", "tessellate": -1, "extrude": 0, "visibility": -1 }, "geometry": { "type": "Point", "coordinates": [ -122.157059, 37.047409, 0.0 ] } },
{ "type": "Feature", "properties": { "Name": "Pine Flat Rd (#2300)", "description": "stop_id: 1530\nagency: Santa Cruz METRO", "tessellate": -1, "extrude": 0, "visibility": -1 }, "geometry": { "type": "Point", "coordinates": [ -122.142715, 37.070213, 0.0 ] } },
{ "type": "Feature", "properties": { "Name": "Pine Flat Rd (#2572)", "description": "stop_id: 1531\nagency: Santa Cruz METRO", "tessellate": -1, "extrude": 0, "visibility": -1 }, "geometry": { "type": "Point", "coordinates": [ -122.143135, 37.07386, 0.0 ] } },
{ "type": "Feature", "properties": { "Name": "Pine Flat Rd (#2878)", "description": "stop_id: 1532\nagency: Santa Cruz METRO", "tessellate": -1, "extrude": 0, "visibility": -1 }, "geometry": { "type": "Point", "coordinates": [ -122.142075, 37.077599, 0.0 ] } },
{ "type": "Feature", "properties": { "Name": "Hwy 9 & Middleton Ave (Big Basin)", "description": "stop_id: 1533\nagency: Santa Cruz METRO", "tessellate": -1, "extrude": 0, "visibility": -1 }, "geometry": { "type": "Point", "coordinates": [ -122.122597, 37.125935, 0.0 ] } },
{ "type": "Feature", "properties": { "Name": "Hwy 9 & Middleton Ave (Big Basin)", "description": "stop_id: 1534\nagency: Santa Cruz METRO", "tessellate": -1, "extrude": 0, "visibility": -1 }, "geometry": { "type": "Point", "coordinates": [ -122.122391, 37.125984, 0.0 ] } },
{ "type": "Feature", "properties": { "Name": "Heller Dr (UCSC - Family Student Housing)", "description": "stop_id: 1535\nagency: Santa Cruz METRO", "tessellate": -1, "extrude": 0, "visibility": -1 }, "geometry": { "type": "Point", "coordinates": [ -122.066803, 36.991791, 0.0 ] } },
{ "type": "Feature", "properties": { "Name": "Scotts Valley Dr & Granite Creek Rd", "description": "stop_id: 1536\nagency: Santa Cruz METRO", "tessellate": -1, "extrude": 0, "visibility": -1 }, "geometry": { "type": "Point", "coordinates": [ -122.007164, 37.061939, 0.0 ] } },
{ "type": "Feature", "properties": { "Name": "Emeline Ave & Button", "description": "stop_id: 1538\nagency: Santa Cruz METRO", "tessellate": -1, "extrude": 0, "visibility": -1 }, "geometry": { "type": "Point", "coordinates": [ -122.0187, 36.986652, 0.0 ] } },
{ "type": "Feature", "properties": { "Name": "17th Ave & Tremont Dr", "description": "stop_id: 1539\nagency: Santa Cruz METRO", "tessellate": -1, "extrude": 0, "visibility": -1 }, "geometry": { "type": "Point", "coordinates": [ -121.987328, 36.964031, 0.0 ] } },
{ "type": "Feature", "properties": { "Name": "S Green Valley Rd & Main", "description": "stop_id: 1540\nagency: Santa Cruz METRO", "tessellate": -1, "extrude": 0, "visibility": -1 }, "geometry": { "type": "Point", "coordinates": [ -121.784393, 36.91758, 0.0 ] } },
{ "type": "Feature", "properties": { "Name": "E Lake & Wagner Ave", "description": "stop_id: 1541\nagency: Santa Cruz METRO", "tessellate": -1, "extrude": 0, "visibility": -1 }, "geometry": { "type": "Point", "coordinates": [ -121.745789, 36.926269, 0.0 ] } },
{ "type": "Feature", "properties": { "Name": "Graham Hill Rd & Hwy 9 (Covered Bridge)", "description": "stop_id: 1542\nagency: Santa Cruz METRO", "tessellate": -1, "extrude": 0, "visibility": -1 }, "geometry": { "type": "Point", "coordinates": [ -122.072281, 37.052712, 0.0 ] } },
{ "type": "Feature", "properties": { "Name": "County Fairgrounds", "description": "stop_id: 1543\nagency: Santa Cruz METRO", "tessellate": -1, "extrude": 0, "visibility": -1 }, "geometry": { "type": "Point", "coordinates": [ -121.734322, 36.950798, 0.0 ] } },
{ "type": "Feature", "properties": { "Name": "Laurel & Chestnut", "description": "stop_id: 1545\nagency: Santa Cruz METRO", "tessellate": -1, "extrude": 0, "visibility": -1 }, "geometry": { "type": "Point", "coordinates": [ -122.028992, 36.968651, 0.0 ] } },
{ "type": "Feature", "properties": { "Name": "Soquel Dr & Terrace Dr", "description": "stop_id: 1547\nagency: Santa Cruz METRO", "tessellate": -1, "extrude": 0, "visibility": -1 }, "geometry": { "type": "Point", "coordinates": [ -121.913445, 36.98373, 0.0 ] } },
{ "type": "Feature", "properties": { "Name": "Green Valley Rd & Mesa Verde Dr", "description": "stop_id: 1548\nagency: Santa Cruz METRO", "tessellate": -1, "extrude": 0, "visibility": -1 }, "geometry": { "type": "Point", "coordinates": [ -121.765099, 36.968792, 0.0 ] } },
{ "type": "Feature", "properties": { "Name": "Bay & West Cliff", "description": "stop_id: 1549\nagency: Santa Cruz METRO", "tessellate": -1, "extrude": 0, "visibility": -1 }, "geometry": { "type": "Point", "coordinates": [ -122.025848, 36.961372, 0.0 ] } },
{ "type": "Feature", "properties": { "Name": "Bay & Laguna", "description": "stop_id: 1550\nagency: Santa Cruz METRO", "tessellate": -1, "extrude": 0, "visibility": -1 }, "geometry": { "type": "Point", "coordinates": [ -122.029099, 36.960594, 0.0 ] } },
{ "type": "Feature", "properties": { "Name": "Bay & National", "description": "stop_id: 1551\nagency: Santa Cruz METRO", "tessellate": -1, "extrude": 0, "visibility": -1 }, "geometry": { "type": "Point", "coordinates": [ -122.03244, 36.961437, 0.0 ] } },
{ "type": "Feature", "properties": { "Name": "Bay & National", "description": "stop_id: 1552\nagency: Santa Cruz METRO", "tessellate": -1, "extrude": 0, "visibility": -1 }, "geometry": { "type": "Point", "coordinates": [ -122.032578, 36.961361, 0.0 ] } },
{ "type": "Feature", "properties": { "Name": "Bay & Laguna", "description": "stop_id: 1553\nagency: Santa Cruz METRO", "tessellate": -1, "extrude": 0, "visibility": -1 }, "geometry": { "type": "Point", "coordinates": [ -122.029274, 36.9604, 0.0 ] } },
{ "type": "Feature", "properties": { "Name": "Bay & West Cliff", "description": "stop_id: 1554\nagency: Santa Cruz METRO", "tessellate": -1, "extrude": 0, "visibility": -1 }, "geometry": { "type": "Point", "coordinates": [ -122.025948, 36.961231, 0.0 ] } },
{ "type": "Feature", "properties": { "Name": "Pacific Ave & Viaduct Ln (Wharf)", "description": "stop_id: 1555\nagency: Santa Cruz METRO", "tessellate": -1, "extrude": 0, "visibility": -1 }, "geometry": { "type": "Point", "coordinates": [ -122.024895, 36.963673, 0.0 ] } },
{ "type": "Feature", "properties": { "Name": "Pacific Ave & Front (Wharf)", "description": "stop_id: 1556\nagency: Santa Cruz METRO", "tessellate": -1, "extrude": 0, "visibility": -1 }, "geometry": { "type": "Point", "coordinates": [ -122.024612, 36.963615, 0.0 ] } },
{ "type": "Feature", "properties": { "Name": "Freedom Blvd (K-Mart)", "description": "stop_id: 1557\nagency: Santa Cruz METRO", "tessellate": -1, "extrude": 0, "visibility": -1 }, "geometry": { "type": "Point", "coordinates": [ -121.771286, 36.933441, 0.0 ] } },
{ "type": "Feature", "properties": { "Name": "Freedom Blvd (#2716)", "description": "stop_id: 1558\nagency: Santa Cruz METRO", "tessellate": -1, "extrude": 0, "visibility": -1 }, "geometry": { "type": "Point", "coordinates": [ -121.800774, 36.956799, 0.0 ] } },
{ "type": "Feature", "properties": { "Name": "Capitola Rd & 49th Ave", "description": "stop_id: 1559\nagency: Santa Cruz METRO", "tessellate": -1, "extrude": 0, "visibility": -1 }, "geometry": { "type": "Point", "coordinates": [ -121.955978, 36.97382, 0.0 ] } },
{ "type": "Feature", "properties": { "Name": "Hwy 9 & Monaco Ln", "description": "stop_id: 1560\nagency: Santa Cruz METRO", "tessellate": -1, "extrude": 0, "visibility": -1 }, "geometry": { "type": "Point", "coordinates": [ -122.126236, 37.133682, 0.0 ] } },
{ "type": "Feature", "properties": { "Name": "Emeline Ave (Emeline Complex - Building K)", "description": "stop_id: 1561\nagency: Santa Cruz METRO", "tessellate": -1, "extrude": 0, "visibility": -1 }, "geometry": { "type": "Point", "coordinates": [ -122.018158, 36.99321, 0.0 ] } },
{ "type": "Feature", "properties": { "Name": "Portola Dr & 18th Ave", "description": "stop_id: 1563\nagency: Santa Cruz METRO", "tessellate": -1, "extrude": 0, "visibility": -1 }, "geometry": { "type": "Point", "coordinates": [ -121.987114, 36.962772, 0.0 ] } },
{ "type": "Feature", "properties": { "Name": "Hwy 1 & Bonny Doon Rd", "description": "stop_id: 1564\nagency: Santa Cruz METRO", "tessellate": -1, "extrude": 0, "visibility": -1 }, "geometry": { "type": "Point", "coordinates": [ -122.180626, 37.000938, 0.0 ] } },
{ "type": "Feature", "properties": { "Name": "Mission & Swift", "description": "stop_id: 1565\nagency: Santa Cruz METRO", "tessellate": -1, "extrude": 0, "visibility": -1 }, "geometry": { "type": "Point", "coordinates": [ -122.048813, 36.960636, 0.0 ] } },
{ "type": "Feature", "properties": { "Name": "Soquel Dr & Heather Terrace", "description": "stop_id: 1566\nagency: Santa Cruz METRO", "tessellate": -1, "extrude": 0, "visibility": -1 }, "geometry": { "type": "Point", "coordinates": [ -121.912354, 36.982883, 0.0 ] } },
{ "type": "Feature", "properties": { "Name": "Hanger Way & Neilson", "description": "stop_id: 1567\nagency: Santa Cruz METRO", "tessellate": -1, "extrude": 0, "visibility": -1 }, "geometry": { "type": "Point", "coordinates": [ -121.790894, 36.928905, 0.0 ] } },
{ "type": "Feature", "properties": { "Name": "Neilson & Airport Blvd (Wats. Hospital)", "description": "stop_id: 1568\nagency: Santa Cruz METRO", "tessellate": -1, "extrude": 0, "visibility": -1 }, "geometry": { "type": "Point", "coordinates": [ -121.793121, 36.92836, 0.0 ] } },
{ "type": "Feature", "properties": { "Name": "Cavallaro Transit Center (Scotts Valley)", "description": "stop_id: 1569\nagency: Santa Cruz METRO", "tessellate": -1, "extrude": 0, "visibility": -1 }, "geometry": { "type": "Point", "coordinates": [ -122.027916, 37.048939, 0.0 ] } },
{ "type": "Feature", "properties": { "Name": "Clifford Ave & Sherwood Ct", "description": "stop_id: 1571\nagency: Santa Cruz METRO", "tessellate": -1, "extrude": 0, "visibility": -1 }, "geometry": { "type": "Point", "coordinates": [ -121.776115, 36.918819, 0.0 ] } },
{ "type": "Feature", "properties": { "Name": "Clifford Ave & Montebello Dr", "description": "stop_id: 1572\nagency: Santa Cruz METRO", "tessellate": -1, "extrude": 0, "visibility": -1 }, "geometry": { "type": "Point", "coordinates": [ -121.775993, 36.918735, 0.0 ] } },
{ "type": "Feature", "properties": { "Name": "Airport Blvd & Holm Rd", "description": "stop_id: 1573\nagency: Santa Cruz METRO", "tessellate": -1, "extrude": 0, "visibility": -1 }, "geometry": { "type": "Point", "coordinates": [ -121.788322, 36.931435, 0.0 ] } },
{ "type": "Feature", "properties": { "Name": "Scotts Valley Dr & Bean Creek Rd", "description": "stop_id: 1574\nagency: Santa Cruz METRO", "tessellate": -1, "extrude": 0, "visibility": -1 }, "geometry": { "type": "Point", "coordinates": [ -122.023148, 37.044392, 0.0 ] } },
{ "type": "Feature", "properties": { "Name": "Scotts Valley Dr & Johnston Way", "description": "stop_id: 1575\nagency: Santa Cruz METRO", "tessellate": -1, "extrude": 0, "visibility": -1 }, "geometry": { "type": "Point", "coordinates": [ -122.011497, 37.056862, 0.0 ] } },
{ "type": "Feature", "properties": { "Name": "Freedom Blvd & Crestview Dr", "description": "stop_id: 1576\nagency: Santa Cruz METRO", "tessellate": -1, "extrude": 0, "visibility": -1 }, "geometry": { "type": "Point", "coordinates": [ -121.765297, 36.927048, 0.0 ] } },
{ "type": "Feature", "properties": { "Name": "Freedom Blvd & Crestview Dr (Court House)", "description": "stop_id: 1577\nagency: Santa Cruz METRO", "tessellate": -1, "extrude": 0, "visibility": -1 }, "geometry": { "type": "Point", "coordinates": [ -121.764923, 36.92701, 0.0 ] } },
{ "type": "Feature", "properties": { "Name": "Capitola Rd & Leila Court", "description": "stop_id: 1579\nagency: Santa Cruz METRO", "tessellate": -1, "extrude": 0, "visibility": -1 }, "geometry": { "type": "Point", "coordinates": [ -121.985474, 36.976433, 0.0 ] } },
{ "type": "Feature", "properties": { "Name": "Freedom Blvd (#2718)", "description": "stop_id: 1580\nagency: Santa Cruz METRO", "tessellate": -1, "extrude": 0, "visibility": -1 }, "geometry": { "type": "Point", "coordinates": [ -121.801193, 36.95694, 0.0 ] } },
{ "type": "Feature", "properties": { "Name": "Harvey West Blvd & Sylvania Ave (Costco)", "description": "stop_id: 1584\nagency: Santa Cruz METRO", "tessellate": -1, "extrude": 0, "visibility": -1 }, "geometry": { "type": "Point", "coordinates": [ -122.03476, 36.983833, 0.0 ] } },
{ "type": "Feature", "properties": { "Name": "Freedom Blvd & Airport Blvd (Library)", "description": "stop_id: 1585\nagency: Santa Cruz METRO", "tessellate": -1, "extrude": 0, "visibility": -1 }, "geometry": { "type": "Point", "coordinates": [ -121.77755, 36.938019, 0.0 ] } },
{ "type": "Feature", "properties": { "Name": "Mission & Union", "description": "stop_id: 1586\nagency: Santa Cruz METRO", "tessellate": -1, "extrude": 0, "visibility": -1 }, "geometry": { "type": "Point", "coordinates": [ -122.032707, 36.975868, 0.0 ] } },
{ "type": "Feature", "properties": { "Name": "Western Dr & Meder", "description": "stop_id: 1587\nagency: Santa Cruz METRO", "tessellate": -1, "extrude": 0, "visibility": -1 }, "geometry": { "type": "Point", "coordinates": [ -122.058456, 36.974789, 0.0 ] } },
{ "type": "Feature", "properties": { "Name": "Western Dr & Monarch Way", "description": "stop_id: 1588\nagency: Santa Cruz METRO", "tessellate": -1, "extrude": 0, "visibility": -1 }, "geometry": { "type": "Point", "coordinates": [ -122.05851, 36.97036, 0.0 ] } },
{ "type": "Feature", "properties": { "Name": "Western Dr & Western Ct", "description": "stop_id: 1589\nagency: Santa Cruz METRO", "tessellate": -1, "extrude": 0, "visibility": -1 }, "geometry": { "type": "Point", "coordinates": [ -122.058517, 36.968826, 0.0 ] } },
{ "type": "Feature", "properties": { "Name": "Western Dr & Cypress Park", "description": "stop_id: 1590\nagency: Santa Cruz METRO", "tessellate": -1, "extrude": 0, "visibility": -1 }, "geometry": { "type": "Point", "coordinates": [ -122.057159, 36.966549, 0.0 ] } },
{ "type": "Feature", "properties": { "Name": "Western Dr & Flower", "description": "stop_id: 1591\nagency: Santa Cruz METRO", "tessellate": -1, "extrude": 0, "visibility": -1 }, "geometry": { "type": "Point", "coordinates": [ -122.05674, 36.964523, 0.0 ] } },
{ "type": "Feature", "properties": { "Name": "Encinal & Dubois", "description": "stop_id: 1592\nagency: Santa Cruz METRO", "tessellate": -1, "extrude": 0, "visibility": -1 }, "geometry": { "type": "Point", "coordinates": [ -122.03698, 36.98732, 0.0 ] } },
{ "type": "Feature", "properties": { "Name": "Front & Soquel Ave", "description": "stop_id: 1594\nagency: Santa Cruz METRO", "tessellate": -1, "extrude": 0, "visibility": -1 }, "geometry": { "type": "Point", "coordinates": [ -122.024796, 36.97403, 0.0 ] } },
{ "type": "Feature", "properties": { "Name": "Soquel Ave & Caledonia", "description": "stop_id: 1595\nagency: Santa Cruz METRO", "tessellate": -1, "extrude": 0, "visibility": -1 }, "geometry": { "type": "Point", "coordinates": [ -122.014473, 36.977631, 0.0 ] } },
{ "type": "Feature", "properties": { "Name": "Hagar Dr & Village Rd (UCSC - The Farm)", "description": "stop_id: 1596\nagency: Santa Cruz METRO", "tessellate": -1, "extrude": 0, "visibility": -1 }, "geometry": { "type": "Point", "coordinates": [ -122.053543, 36.985916, 0.0 ] } },
{ "type": "Feature", "properties": { "Name": "Heller Dr (UCSC - Oakes College)", "description": "stop_id: 1597\nagency: Santa Cruz METRO", "tessellate": -1, "extrude": 0, "visibility": -1 }, "geometry": { "type": "Point", "coordinates": [ -122.066093, 36.990601, 0.0 ] } },
{ "type": "Feature", "properties": { "Name": "Heller Dr (UCSC - Rachel Carson College & Porter)", "description": "stop_id: 1598\nagency: Santa Cruz METRO", "tessellate": -1, "extrude": 0, "visibility": -1 }, "geometry": { "type": "Point", "coordinates": [ -122.06485, 36.992802, 0.0 ] } },
{ "type": "Feature", "properties": { "Name": "Heller Dr (UCSC - Kerr Hall)", "description": "stop_id: 1599\nagency: Santa Cruz METRO", "tessellate": -1, "extrude": 0, "visibility": -1 }, "geometry": { "type": "Point", "coordinates": [ -122.063583, 36.996708, 0.0 ] } },
{ "type": "Feature", "properties": { "Name": "Heller Dr & McLaughlin Dr (UCSC - Kresge College)", "description": "stop_id: 1600\nagency: Santa Cruz METRO", "tessellate": -1, "extrude": 0, "visibility": -1 }, "geometry": { "type": "Point", "coordinates": [ -122.064339, 36.999206, 0.0 ] } },
{ "type": "Feature", "properties": { "Name": "McLaughlin Dr (UCSC - Science Hill)", "description": "stop_id: 1601\nagency: Santa Cruz METRO", "tessellate": -1, "extrude": 0, "visibility": -1 }, "geometry": { "type": "Point", "coordinates": [ -122.062172, 36.999855, 0.0 ] } },
{ "type": "Feature", "properties": { "Name": "McLaughlin Dr (UCSC - College 9 & John R. Lewis)", "description": "stop_id: 1602\nagency: Santa Cruz METRO", "tessellate": -1, "extrude": 0, "visibility": -1 }, "geometry": { "type": "Point", "coordinates": [ -122.058311, 36.999756, 0.0 ] } },
{ "type": "Feature", "properties": { "Name": "Hagar Dr (UCSC - Bookstore, Cowell & Stevenson)", "description": "stop_id: 1603\nagency: Santa Cruz METRO", "tessellate": -1, "extrude": 0, "visibility": -1 }, "geometry": { "type": "Point", "coordinates": [ -122.055412, 36.996662, 0.0 ] } },
{ "type": "Feature", "properties": { "Name": "Hagar Dr (UCSC - East Remote Parking)", "description": "stop_id: 1604\nagency: Santa Cruz METRO", "tessellate": -1, "extrude": 0, "visibility": -1 }, "geometry": { "type": "Point", "coordinates": [ -122.054886, 36.991276, 0.0 ] } },
{ "type": "Feature", "properties": { "Name": "Hagar Dr & Village Rd (UCSC - The Farm)", "description": "stop_id: 1605\nagency: Santa Cruz METRO", "tessellate": -1, "extrude": 0, "visibility": -1 }, "geometry": { "type": "Point", "coordinates": [ -122.053551, 36.985538, 0.0 ] } },
{ "type": "Feature", "properties": { "Name": "Coolidge Dr & Hagar Ct  (UCSC - Lower Campus)", "description": "stop_id: 1606\nagency: Santa Cruz METRO", "tessellate": -1, "extrude": 0, "visibility": -1 }, "geometry": { "type": "Point", "coordinates": [ -122.052109, 36.98156, 0.0 ] } },
{ "type": "Feature", "properties": { "Name": "Via Pacifica & Cabo Court", "description": "stop_id: 1607\nagency: Santa Cruz METRO", "tessellate": -1, "extrude": 0, "visibility": -1 }, "geometry": { "type": "Point", "coordinates": [ -121.866203, 36.949459, 0.0 ] } },
{ "type": "Feature", "properties": { "Name": "Encinal & Sylvania", "description": "stop_id: 1609\nagency: Santa Cruz METRO", "tessellate": -1, "extrude": 0, "visibility": -1 }, "geometry": { "type": "Point", "coordinates": [ -122.034683, 36.986927, 0.0 ] } },
{ "type": "Feature", "properties": { "Name": "Main & Ford", "description": "stop_id: 1610\nagency: Santa Cruz METRO", "tessellate": -1, "extrude": 0, "visibility": -1 }, "geometry": { "type": "Point", "coordinates": [ -121.760254, 36.913899, 0.0 ] } },
{ "type": "Feature", "properties": { "Name": "Hwy 9 (SLV High School)", "description": "stop_id: 1611\nagency: Santa Cruz METRO", "tessellate": -1, "extrude": 0, "visibility": -1 }, "geometry": { "type": "Point", "coordinates": [ -122.079826, 37.061172, 0.0 ] } },
{ "type": "Feature", "properties": { "Name": "Delaware Ave & Centennial", "description": "stop_id: 1612\nagency: Santa Cruz METRO", "tessellate": -1, "extrude": 0, "visibility": -1 }, "geometry": { "type": "Point", "coordinates": [ -122.030998, 36.95805, 0.0 ] } },
{ "type": "Feature", "properties": { "Name": "Delaware Ave & Liberty", "description": "stop_id: 1613\nagency: Santa Cruz METRO", "tessellate": -1, "extrude": 0, "visibility": -1 }, "geometry": { "type": "Point", "coordinates": [ -122.030022, 36.958031, 0.0 ] } },
{ "type": "Feature", "properties": { "Name": "Delaware Ave & Columbia", "description": "stop_id: 1614\nagency: Santa Cruz METRO", "tessellate": -1, "extrude": 0, "visibility": -1 }, "geometry": { "type": "Point", "coordinates": [ -122.033981, 36.957451, 0.0 ] } },
{ "type": "Feature", "properties": { "Name": "Pacific & Center", "description": "stop_id: 1615\nagency: Santa Cruz METRO", "tessellate": -1, "extrude": 0, "visibility": -1 }, "geometry": { "type": "Point", "coordinates": [ -122.02536, 36.965668, 0.0 ] } },
{ "type": "Feature", "properties": { "Name": "Capitola Ave & Bay Ave", "description": "stop_id: 1616\nagency: Santa Cruz METRO", "tessellate": -1, "extrude": 0, "visibility": -1 }, "geometry": { "type": "Point", "coordinates": [ -121.953102, 36.978306, 0.0 ] } },
{ "type": "Feature", "properties": { "Name": "W Beach (#600)", "description": "stop_id: 1622\nagency: Santa Cruz METRO", "tessellate": -1, "extrude": 0, "visibility": -1 }, "geometry": { "type": "Point", "coordinates": [ -121.76696, 36.905781, 0.0 ] } },
{ "type": "Feature", "properties": { "Name": "Ohlone Pkwy & Lighthouse Dr", "description": "stop_id: 1623\nagency: Santa Cruz METRO", "tessellate": -1, "extrude": 0, "visibility": -1 }, "geometry": { "type": "Point", "coordinates": [ -121.774651, 36.907745, 0.0 ] } },
{ "type": "Feature", "properties": { "Name": "Ohlone Pkwy & Loma Vista", "description": "stop_id: 1624\nagency: Santa Cruz METRO", "tessellate": -1, "extrude": 0, "visibility": -1 }, "geometry": { "type": "Point", "coordinates": [ -121.774933, 36.910149, 0.0 ] } },
{ "type": "Feature", "properties": { "Name": "Ohlone Pkwy & Kingfisher Dr", "description": "stop_id: 1625\nagency: Santa Cruz METRO", "tessellate": -1, "extrude": 0, "visibility": -1 }, "geometry": { "type": "Point", "coordinates": [ -121.777344, 36.912548, 0.0 ] } },
{ "type": "Feature", "properties": { "Name": "Ohlone Pkwy & Egret Ln", "description": "stop_id: 1626\nagency: Santa Cruz METRO", "tessellate": -1, "extrude": 0, "visibility": -1 }, "geometry": { "type": "Point", "coordinates": [ -121.778275, 36.914127, 0.0 ] } },
{ "type": "Feature", "properties": { "Name": "Ohlone Pkwy & Harkins Slough Rd", "description": "stop_id: 1627\nagency: Santa Cruz METRO", "tessellate": -1, "extrude": 0, "visibility": -1 }, "geometry": { "type": "Point", "coordinates": [ -121.778473, 36.914452, 0.0 ] } },
{ "type": "Feature", "properties": { "Name": "Ohlone Pkwy & Kingfisher Dr", "description": "stop_id: 1628\nagency: Santa Cruz METRO", "tessellate": -1, "extrude": 0, "visibility": -1 }, "geometry": { "type": "Point", "coordinates": [ -121.776939, 36.912193, 0.0 ] } },
{ "type": "Feature", "properties": { "Name": "Ohlone Pkwy & Loma Vista", "description": "stop_id: 1629\nagency: Santa Cruz METRO", "tessellate": -1, "extrude": 0, "visibility": -1 }, "geometry": { "type": "Point", "coordinates": [ -121.775085, 36.909638, 0.0 ] } },
{ "type": "Feature", "properties": { "Name": "Ohlone Pkwy & Bree Ln", "description": "stop_id: 1630\nagency: Santa Cruz METRO", "tessellate": -1, "extrude": 0, "visibility": -1 }, "geometry": { "type": "Point", "coordinates": [ -121.774376, 36.906418, 0.0 ] } },
{ "type": "Feature", "properties": { "Name": "Natural Bridges Dr & Mission", "description": "stop_id: 1632\nagency: Santa Cruz METRO", "tessellate": -1, "extrude": 0, "visibility": -1 }, "geometry": { "type": "Point", "coordinates": [ -122.057594, 36.958874, 0.0 ] } },
{ "type": "Feature", "properties": { "Name": "Natural Bridges Dr & Mission", "description": "stop_id: 1633\nagency: Santa Cruz METRO", "tessellate": -1, "extrude": 0, "visibility": -1 }, "geometry": { "type": "Point", "coordinates": [ -122.057434, 36.959156, 0.0 ] } },
{ "type": "Feature", "properties": { "Name": "Natural Bridges Dr & Delaware Ave", "description": "stop_id: 1634\nagency: Santa Cruz METRO", "tessellate": -1, "extrude": 0, "visibility": -1 }, "geometry": { "type": "Point", "coordinates": [ -122.057137, 36.95499, 0.0 ] } },
{ "type": "Feature", "properties": { "Name": "Natural Bridges Dr & Delaware Ave", "description": "stop_id: 1635\nagency: Santa Cruz METRO", "tessellate": -1, "extrude": 0, "visibility": -1 }, "geometry": { "type": "Point", "coordinates": [ -122.056969, 36.95507, 0.0 ] } },
{ "type": "Feature", "properties": { "Name": "W Beach & Industrial Rd", "description": "stop_id: 1636\nagency: Santa Cruz METRO", "tessellate": -1, "extrude": 0, "visibility": -1 }, "geometry": { "type": "Point", "coordinates": [ -121.768311, 36.90448, 0.0 ] } },
{ "type": "Feature", "properties": { "Name": "S Green Valley Rd & Main", "description": "stop_id: 1637\nagency: Santa Cruz METRO", "tessellate": -1, "extrude": 0, "visibility": -1 }, "geometry": { "type": "Point", "coordinates": [ -121.783974, 36.917862, 0.0 ] } },
{ "type": "Feature", "properties": { "Name": "Soquel Dr & Lower Perimeter Rd (Sesnon House)", "description": "stop_id: 1638\nagency: Santa Cruz METRO", "tessellate": -1, "extrude": 0, "visibility": -1 }, "geometry": { "type": "Point", "coordinates": [ -121.928917, 36.989567, 0.0 ] } },
{ "type": "Feature", "properties": { "Name": "Delaware Ave & National", "description": "stop_id: 1639\nagency: Santa Cruz METRO", "tessellate": -1, "extrude": 0, "visibility": -1 }, "geometry": { "type": "Point", "coordinates": [ -122.032242, 36.957859, 0.0 ] } },
{ "type": "Feature", "properties": { "Name": "S Green Valley Rd & Loma Prieta Ave", "description": "stop_id: 1640\nagency: Santa Cruz METRO", "tessellate": -1, "extrude": 0, "visibility": -1 }, "geometry": { "type": "Point", "coordinates": [ -121.776657, 36.931389, 0.0 ] } },
{ "type": "Feature", "properties": { "Name": "E Lake & Bridge", "description": "stop_id: 1641\nagency: Santa Cruz METRO", "tessellate": -1, "extrude": 0, "visibility": -1 }, "geometry": { "type": "Point", "coordinates": [ -121.744064, 36.930779, 0.0 ] } },
{ "type": "Feature", "properties": { "Name": "Green Valley Rd & Stewart Ave", "description": "stop_id: 1642\nagency: Santa Cruz METRO", "tessellate": -1, "extrude": 0, "visibility": -1 }, "geometry": { "type": "Point", "coordinates": [ -121.771591, 36.937431, 0.0 ] } },
{ "type": "Feature", "properties": { "Name": "Harkins Slough Rd (Pajaro Valley High School)", "description": "stop_id: 1643\nagency: Santa Cruz METRO", "tessellate": -1, "extrude": 0, "visibility": -1 }, "geometry": { "type": "Point", "coordinates": [ -121.790749, 36.914471, 0.0 ] } },
{ "type": "Feature", "properties": { "Name": "Water & Poplar", "description": "stop_id: 1644\nagency: Santa Cruz METRO", "tessellate": -1, "extrude": 0, "visibility": -1 }, "geometry": { "type": "Point", "coordinates": [ -122.00946, 36.981316, 0.0 ] } },
{ "type": "Feature", "properties": { "Name": "Laurel & Blackburn", "description": "stop_id: 1645\nagency: Santa Cruz METRO", "tessellate": -1, "extrude": 0, "visibility": -1 }, "geometry": { "type": "Point", "coordinates": [ -122.031334, 36.968571, 0.0 ] } },
{ "type": "Feature", "properties": { "Name": "7th Ave & Tanner Ct", "description": "stop_id: 1646\nagency: Santa Cruz METRO", "tessellate": -1, "extrude": 0, "visibility": -1 }, "geometry": { "type": "Point", "coordinates": [ -121.992477, 36.977974, 0.0 ] } },
{ "type": "Feature", "properties": { "Name": "Soquel Dr & Research Park Dr", "description": "stop_id: 1647\nagency: Santa Cruz METRO", "tessellate": -1, "extrude": 0, "visibility": -1 }, "geometry": { "type": "Point", "coordinates": [ -121.967438, 36.987053, 0.0 ] } },
{ "type": "Feature", "properties": { "Name": "Main & Pennsylvania Dr", "description": "stop_id: 1648\nagency: Santa Cruz METRO", "tessellate": -1, "extrude": 0, "visibility": -1 }, "geometry": { "type": "Point", "coordinates": [ -121.770653, 36.916489, 0.0 ] } },
{ "type": "Feature", "properties": { "Name": "Lincoln & Prospect", "description": "stop_id: 1649\nagency: Santa Cruz METRO", "tessellate": -1, "extrude": 0, "visibility": -1 }, "geometry": { "type": "Point", "coordinates": [ -121.760994, 36.922581, 0.0 ] } },
{ "type": "Feature", "properties": { "Name": "Westgate Dr & Technology Dr (Social Security)", "description": "stop_id: 1650\nagency: Santa Cruz METRO", "tessellate": -1, "extrude": 0, "visibility": -1 }, "geometry": { "type": "Point", "coordinates": [ -121.793701, 36.923019, 0.0 ] } },
{ "type": "Feature", "properties": { "Name": "High & Tosca Terrace", "description": "stop_id: 1651\nagency: Santa Cruz METRO", "tessellate": -1, "extrude": 0, "visibility": -1 }, "geometry": { "type": "Point", "coordinates": [ -122.059212, 36.979813, 0.0 ] } },
{ "type": "Feature", "properties": { "Name": "Delaware & Swanton", "description": "stop_id: 1652\nagency: Santa Cruz METRO", "tessellate": -1, "extrude": 0, "visibility": -1 }, "geometry": { "type": "Point", "coordinates": [ -122.054375, 36.954983, 0.0 ] } },
{ "type": "Feature", "properties": { "Name": "Vernon & River (METRO Admin Offices)", "description": "stop_id: 1653\nagency: Santa Cruz METRO", "tessellate": -1, "extrude": 0, "visibility": -1 }, "geometry": { "type": "Point", "coordinates": [ -122.032234, 36.990452, 0.0 ] } },
{ "type": "Feature", "properties": { "Name": "McAllister Way (Seymour Center)", "description": "stop_id: 1654\nagency: Santa Cruz METRO", "tessellate": -1, "extrude": 0, "visibility": -1 }, "geometry": { "type": "Point", "coordinates": [ -122.065033, 36.949341, 0.0 ] } },
{ "type": "Feature", "properties": { "Name": "McAllister Way (Coastal Biology Building)", "description": "stop_id: 1656\nagency: Santa Cruz METRO", "tessellate": -1, "extrude": 0, "visibility": -1 }, "geometry": { "type": "Point", "coordinates": [ -122.065521, 36.952473, 0.0 ] } },
{ "type": "Feature", "properties": { "Name": "McAllister Way (Coastal Biology Building)", "description": "stop_id: 1657\nagency: Santa Cruz METRO", "tessellate": -1, "extrude": 0, "visibility": -1 }, "geometry": { "type": "Point", "coordinates": [ -122.065399, 36.952549, 0.0 ] } },
{ "type": "Feature", "properties": { "Name": "Capitola Mall - Lane 1", "description": "stop_id: 1659\nagency: Santa Cruz METRO", "tessellate": -1, "extrude": 0, "visibility": -1 }, "geometry": { "type": "Point", "coordinates": [ -121.966209, 36.975433, 0.0 ] } },
{ "type": "Feature", "properties": { "Name": "Capitola Mall - Lane 2", "description": "stop_id: 1660\nagency: Santa Cruz METRO", "tessellate": -1, "extrude": 0, "visibility": -1 }, "geometry": { "type": "Point", "coordinates": [ -121.96611, 36.975678, 0.0 ] } },
{ "type": "Feature", "properties": { "Name": "Watsonville Transit Center", "description": "stop_id: 1661\nagency: Santa Cruz METRO", "tessellate": -1, "extrude": 0, "visibility": -1 }, "geometry": { "type": "Point", "coordinates": [ -121.759972, 36.909691, 0.0 ] } },
{ "type": "Feature", "properties": { "Name": "Watsonville Transit Center - Lane 1", "description": "stop_id: 1662\nagency: Santa Cruz METRO", "tessellate": -1, "extrude": 0, "visibility": -1 }, "geometry": { "type": "Point", "coordinates": [ -121.760071, 36.909863, 0.0 ] } },
{ "type": "Feature", "properties": { "Name": "Watsonville Transit Center - Lane 2", "description": "stop_id: 1663\nagency: Santa Cruz METRO", "tessellate": -1, "extrude": 0, "visibility": -1 }, "geometry": { "type": "Point", "coordinates": [ -121.760223, 36.909775, 0.0 ] } },
{ "type": "Feature", "properties": { "Name": "Emeline Ave & Sutphen", "description": "stop_id: 1694\nagency: Santa Cruz METRO", "tessellate": -1, "extrude": 0, "visibility": -1 }, "geometry": { "type": "Point", "coordinates": [ -122.017593, 36.991341, 0.0 ] } },
{ "type": "Feature", "properties": { "Name": "Emeline Ave (Emeline Complex - Building K)", "description": "stop_id: 1695\nagency: Santa Cruz METRO", "tessellate": -1, "extrude": 0, "visibility": -1 }, "geometry": { "type": "Point", "coordinates": [ -122.017677, 36.993008, 0.0 ] } },
{ "type": "Feature", "properties": { "Name": "Playa Blvd & Estrella Ave", "description": "stop_id: 1706\nagency: Santa Cruz METRO", "tessellate": -1, "extrude": 0, "visibility": -1 }, "geometry": { "type": "Point", "coordinates": [ -121.862396, 36.937351, 0.0 ] } },
{ "type": "Feature", "properties": { "Name": "Playa Blvd & Palma Ave", "description": "stop_id: 1707\nagency: Santa Cruz METRO", "tessellate": -1, "extrude": 0, "visibility": -1 }, "geometry": { "type": "Point", "coordinates": [ -121.859962, 36.938965, 0.0 ] } },
{ "type": "Feature", "properties": { "Name": "Playa Blvd & San Andreas Rd", "description": "stop_id: 1708\nagency: Santa Cruz METRO", "tessellate": -1, "extrude": 0, "visibility": -1 }, "geometry": { "type": "Point", "coordinates": [ -121.858971, 36.940403, 0.0 ] } },
{ "type": "Feature", "properties": { "Name": "Playa Blvd & Arbolada Dr", "description": "stop_id: 1709\nagency: Santa Cruz METRO", "tessellate": -1, "extrude": 0, "visibility": -1 }, "geometry": { "type": "Point", "coordinates": [ -121.859268, 36.940422, 0.0 ] } },
{ "type": "Feature", "properties": { "Name": "San Andreas Rd & Camino Al Barranco", "description": "stop_id: 1710\nagency: Santa Cruz METRO", "tessellate": -1, "extrude": 0, "visibility": -1 }, "geometry": { "type": "Point", "coordinates": [ -121.862381, 36.945953, 0.0 ] } },
{ "type": "Feature", "properties": { "Name": "Seabright & Broadway", "description": "stop_id: 1711\nagency: Santa Cruz METRO", "tessellate": -1, "extrude": 0, "visibility": -1 }, "geometry": { "type": "Point", "coordinates": [ -122.008514, 36.975513, 0.0 ] } },
{ "type": "Feature", "properties": { "Name": "San Andreas Rd & Seascape Blvd", "description": "stop_id: 1712\nagency: Santa Cruz METRO", "tessellate": -1, "extrude": 0, "visibility": -1 }, "geometry": { "type": "Point", "coordinates": [ -121.864044, 36.950661, 0.0 ] } },
{ "type": "Feature", "properties": { "Name": "San Andreas Rd & Seascape Blvd", "description": "stop_id: 1713\nagency: Santa Cruz METRO", "tessellate": -1, "extrude": 0, "visibility": -1 }, "geometry": { "type": "Point", "coordinates": [ -121.863968, 36.951324, 0.0 ] } },
{ "type": "Feature", "properties": { "Name": "Seabright & Soquel Av", "description": "stop_id: 1716\nagency: Santa Cruz METRO", "tessellate": -1, "extrude": 0, "visibility": -1 }, "geometry": { "type": "Point", "coordinates": [ -122.010361, 36.979572, 0.0 ] } },
{ "type": "Feature", "properties": { "Name": "7th Ave (PG&E Service Center)", "description": "stop_id: 1717\nagency: Santa Cruz METRO", "tessellate": -1, "extrude": 0, "visibility": -1 }, "geometry": { "type": "Point", "coordinates": [ -121.997894, 36.969082, 0.0 ] } },
{ "type": "Feature", "properties": { "Name": "7th Ave & Harbor Beach Ct", "description": "stop_id: 1718\nagency: Santa Cruz METRO", "tessellate": -1, "extrude": 0, "visibility": -1 }, "geometry": { "type": "Point", "coordinates": [ -121.997818, 36.96859, 0.0 ] } },
{ "type": "Feature", "properties": { "Name": "7th Ave & Bonnie", "description": "stop_id: 1719\nagency: Santa Cruz METRO", "tessellate": -1, "extrude": 0, "visibility": -1 }, "geometry": { "type": "Point", "coordinates": [ -121.998611, 36.96418, 0.0 ] } },
{ "type": "Feature", "properties": { "Name": "Bronte Ave & Ester Way (Bronte Park)", "description": "stop_id: 1720\nagency: Santa Cruz METRO", "tessellate": -1, "extrude": 0, "visibility": -1 }, "geometry": { "type": "Point", "coordinates": [ -121.742859, 36.918472, 0.0 ] } },
{ "type": "Feature", "properties": { "Name": "Bridge & Spruce Cir", "description": "stop_id: 1721\nagency: Santa Cruz METRO", "tessellate": -1, "extrude": 0, "visibility": -1 }, "geometry": { "type": "Point", "coordinates": [ -121.740288, 36.919979, 0.0 ] } },
{ "type": "Feature", "properties": { "Name": "Tuttle Ave & E Lake Ave", "description": "stop_id: 1722\nagency: Santa Cruz METRO", "tessellate": -1, "extrude": 0, "visibility": -1 }, "geometry": { "type": "Point", "coordinates": [ -121.745979, 36.922291, 0.0 ] } },
{ "type": "Feature", "properties": { "Name": "Front & Spruce (Kaiser Arena)", "description": "stop_id: 1723\nagency: Santa Cruz METRO", "tessellate": -1, "extrude": 0, "visibility": -1 }, "geometry": { "type": "Point", "coordinates": [ -122.023605, 36.967999, 0.0 ] } },
{ "type": "Feature", "properties": { "Name": "Ocean & Water (Governmental Center)", "description": "stop_id: 1724\nagency: Santa Cruz METRO", "tessellate": -1, "extrude": 0, "visibility": -1 }, "geometry": { "type": "Point", "coordinates": [ -122.02124, 36.978935, 0.0 ] } },
{ "type": "Feature", "properties": { "Name": "Ocean & Dakota", "description": "stop_id: 1725\nagency: Santa Cruz METRO", "tessellate": -1, "extrude": 0, "visibility": -1 }, "geometry": { "type": "Point", "coordinates": [ -122.020386, 36.977005, 0.0 ] } },
{ "type": "Feature", "properties": { "Name": "River St S. & Soquel Ave", "description": "stop_id: 1726\nagency: Santa Cruz METRO", "tessellate": -1, "extrude": 0, "visibility": -1 }, "geometry": { "type": "Point", "coordinates": [ -122.023796, 36.973724, 0.0 ] } },
{ "type": "Feature", "properties": { "Name": "Ross & Ginos Court", "description": "stop_id: 1730\nagency: Santa Cruz METRO", "tessellate": -1, "extrude": 0, "visibility": -1 }, "geometry": { "type": "Point", "coordinates": [ -121.784637, 36.931694, 0.0 ] } },
{ "type": "Feature", "properties": { "Name": "Anna & Hanger Way", "description": "stop_id: 1731\nagency: Santa Cruz METRO", "tessellate": -1, "extrude": 0, "visibility": -1 }, "geometry": { "type": "Point", "coordinates": [ -121.79068, 36.926018, 0.0 ] } },
{ "type": "Feature", "properties": { "Name": "Westridge Dr (Government Center)", "description": "stop_id: 1732\nagency: Santa Cruz METRO", "tessellate": -1, "extrude": 0, "visibility": -1 }, "geometry": { "type": "Point", "coordinates": [ -121.78331, 36.910885, 0.0 ] } },
{ "type": "Feature", "properties": { "Name": "Front (Trader Joe's)", "description": "stop_id: 1733\nagency: Santa Cruz METRO", "tessellate": -1, "extrude": 0, "visibility": -1 }, "geometry": { "type": "Point", "coordinates": [ -122.025047, 36.974449, 0.0 ] } },
{ "type": "Feature", "properties": { "Name": "7th Ave & Soquel", "description": "stop_id: 1734\nagency: Santa Cruz METRO", "tessellate": -1, "extrude": 0, "visibility": -1 }, "geometry": { "type": "Point", "coordinates": [ -121.989853, 36.984989, 0.0 ] } },
{ "type": "Feature", "properties": { "Name": "Bay Ave & Hill", "description": "stop_id: 1735\nagency: Santa Cruz METRO", "tessellate": -1, "extrude": 0, "visibility": -1 }, "geometry": { "type": "Point", "coordinates": [ -121.955849, 36.981594, 0.0 ] } },
{ "type": "Feature", "properties": { "Name": "Porter (Soquel Elementary)", "description": "stop_id: 1736\nagency: Santa Cruz METRO", "tessellate": -1, "extrude": 0, "visibility": -1 }, "geometry": { "type": "Point", "coordinates": [ -121.957275, 36.986519, 0.0 ] } },
{ "type": "Feature", "properties": { "Name": "Ocean & Kennan", "description": "stop_id: 1737\nagency: Santa Cruz METRO", "tessellate": -1, "extrude": 0, "visibility": -1 }, "geometry": { "type": "Point", "coordinates": [ -122.022598, 36.982479, 0.0 ] } },
{ "type": "Feature", "properties": { "Name": "Park Ave & Lindsay Ln", "description": "stop_id: 1739\nagency: Santa Cruz METRO", "tessellate": -1, "extrude": 0, "visibility": -1 }, "geometry": { "type": "Point", "coordinates": [ -121.936394, 36.986443, 0.0 ] } },
{ "type": "Feature", "properties": { "Name": "Park Ave & Cabrillo College Dr", "description": "stop_id: 1740\nagency: Santa Cruz METRO", "tessellate": -1, "extrude": 0, "visibility": -1 }, "geometry": { "type": "Point", "coordinates": [ -121.936646, 36.986324, 0.0 ] } },
{ "type": "Feature", "properties": { "Name": "Porter & W Walnut", "description": "stop_id: 1741\nagency: Santa Cruz METRO", "tessellate": -1, "extrude": 0, "visibility": -1 }, "geometry": { "type": "Point", "coordinates": [ -121.957481, 36.986076, 0.0 ] } },
{ "type": "Feature", "properties": { "Name": "Lincoln & E Lake", "description": "stop_id: 1742\nagency: Santa Cruz METRO", "tessellate": -1, "extrude": 0, "visibility": -1 }, "geometry": { "type": "Point", "coordinates": [ -121.753899, 36.915264, 0.0 ] } },
{ "type": "Feature", "properties": { "Name": "Hushbeck Ave & E Beach", "description": "stop_id: 1743\nagency: Santa Cruz METRO", "tessellate": -1, "extrude": 0, "visibility": -1 }, "geometry": { "type": "Point", "coordinates": [ -121.745163, 36.918518, 0.0 ] } },
{ "type": "Feature", "properties": { "Name": "Front & Laurel", "description": "stop_id: 1745\nagency: Santa Cruz METRO", "tessellate": -1, "extrude": 0, "visibility": -1 }, "geometry": { "type": "Point", "coordinates": [ -122.023819, 36.969833, 0.0 ] } },
{ "type": "Feature", "properties": { "Name": "Swift & Jeter", "description": "stop_id: 1746\nagency: Santa Cruz METRO", "tessellate": -1, "extrude": 0, "visibility": -1 }, "geometry": { "type": "Point", "coordinates": [ -122.048836, 36.957211, 0.0 ] } },
{ "type": "Feature", "properties": { "Name": "Watsonville Transit Center - Lane 3", "description": "stop_id: 1747\nagency: Santa Cruz METRO", "tessellate": -1, "extrude": 0, "visibility": -1 }, "geometry": { "type": "Point", "coordinates": [ -121.759766, 36.909813, 0.0 ] } },
{ "type": "Feature", "properties": { "Name": "Bay Ave. & Rosedale", "description": "stop_id: 1761\nagency: Santa Cruz METRO", "tessellate": -1, "extrude": 0, "visibility": -1 }, "geometry": { "type": "Point", "coordinates": [ -121.950935, 36.977081, 0.0 ] } },
{ "type": "Feature", "properties": { "Name": "Park Ave & Mcgregor Dr", "description": "stop_id: 1762\nagency: Santa Cruz METRO", "tessellate": -1, "extrude": 0, "visibility": -1 }, "geometry": { "type": "Point", "coordinates": [ -121.937698, 36.982063, 0.0 ] } },
{ "type": "Feature", "properties": { "Name": "Park Ave & Cabrillo", "description": "stop_id: 1763\nagency: Santa Cruz METRO", "tessellate": -1, "extrude": 0, "visibility": -1 }, "geometry": { "type": "Point", "coordinates": [ -121.942436, 36.977394, 0.0 ] } },
{ "type": "Feature", "properties": { "Name": "Park Ave & Wesley (Park Ave Apts)", "description": "stop_id: 1764\nagency: Santa Cruz METRO", "tessellate": -1, "extrude": 0, "visibility": -1 }, "geometry": { "type": "Point", "coordinates": [ -121.944191, 36.977104, 0.0 ] } },
{ "type": "Feature", "properties": { "Name": "Park Ave & Monterey Ave", "description": "stop_id: 1765\nagency: Santa Cruz METRO", "tessellate": -1, "extrude": 0, "visibility": -1 }, "geometry": { "type": "Point", "coordinates": [ -121.94976, 36.975685, 0.0 ] } },
{ "type": "Feature", "properties": { "Name": "Scotts Valley Dr & Glenwood Dr", "description": "stop_id: 1766\nagency: Santa Cruz METRO", "tessellate": -1, "extrude": 0, "visibility": -1 }, "geometry": { "type": "Point", "coordinates": [ -122.005051, 37.06303, 0.0 ] } },
{ "type": "Feature", "properties": { "Name": "Vine Hill Schl Rd (Siltanen Park)", "description": "stop_id: 1767\nagency: Santa Cruz METRO", "tessellate": -1, "extrude": 0, "visibility": -1 }, "geometry": { "type": "Point", "coordinates": [ -122.001534, 37.067658, 0.0 ] } },
{ "type": "Feature", "properties": { "Name": "Scotts Valley Dr & Vine Hill School Rd", "description": "stop_id: 1768\nagency: Santa Cruz METRO", "tessellate": -1, "extrude": 0, "visibility": -1 }, "geometry": { "type": "Point", "coordinates": [ -121.998032, 37.066685, 0.0 ] } },
{ "type": "Feature", "properties": { "Name": "Scotts Valley High School & Glenwood", "description": "stop_id: 1769\nagency: Santa Cruz METRO", "tessellate": -1, "extrude": 0, "visibility": -1 }, "geometry": { "type": "Point", "coordinates": [ -122.006119, 37.070782, 0.0 ] } },
{ "type": "Feature", "properties": { "Name": "Glenwood Drive & Vine Hill School Rd", "description": "stop_id: 1770\nagency: Santa Cruz METRO", "tessellate": -1, "extrude": 0, "visibility": -1 }, "geometry": { "type": "Point", "coordinates": [ -122.005165, 37.06485, 0.0 ] } },
{ "type": "Feature", "properties": { "Name": "E Beach & Union", "description": "stop_id: 1771\nagency: Santa Cruz METRO", "tessellate": -1, "extrude": 0, "visibility": -1 }, "geometry": { "type": "Point", "coordinates": [ -121.75576, 36.911011, 0.0 ] } },
{ "type": "Feature", "properties": { "Name": "E Lake & Tuttle Ave", "description": "stop_id: 1772\nagency: Santa Cruz METRO", "tessellate": -1, "extrude": 0, "visibility": -1 }, "geometry": { "type": "Point", "coordinates": [ -121.747124, 36.922195, 0.0 ] } },
{ "type": "Feature", "properties": { "Name": "E Lake & Brewington Ave", "description": "stop_id: 1773\nagency: Santa Cruz METRO", "tessellate": -1, "extrude": 0, "visibility": -1 }, "geometry": { "type": "Point", "coordinates": [ -121.750954, 36.917156, 0.0 ] } },
{ "type": "Feature", "properties": { "Name": "River & Encinal", "description": "stop_id: 1774\nagency: Santa Cruz METRO", "tessellate": -1, "extrude": 0, "visibility": -1 }, "geometry": { "type": "Point", "coordinates": [ -122.030121, 36.987087, 0.0 ] } }
]
}
