<kml><Document>

  <Style id="bus">
    <IconStyle>
      <color>ffd18802</color>
      <scale>0.4</scale>
      <Icon>
        <href>/assets/pin.png</href>
      </Icon>
    </IconStyle>
  </Style>

  <Placemark>
    <name>Alameda Creek Regional Trails: Stables Staging Area</name>
    <description>
<![CDATA[
<h4>Stop: Union City Bl &amp; Rocklin Dr</h4>
<b>6 min walk</b><br>
Served by Union City Transit 1
<ul><li>Weekday: Every 30–45 minutes</li><li>Weekend: Every 1–2 hours</li></ul>
]]>
    </description>
    <styleUrl>#bus</styleUrl>
    <Point>
      <coordinates>-122.0701513,37.5663311,0</coordinates>
    </Point>
  </Placemark>

  <Placemark>
    <name>Alum Rock Park: Penitencia Creek Trail</name>
    <description>
<![CDATA[
<h4>Stop: Piedmont &amp; Noble</h4>
22min on Penitencia Creek Trail to Alum Rock Park
<br>
<b>2 min walk</b><br>
Served by VTA 71
<ul><li>Weekday: Frequent service</li><li>Saturday: Frequent service</li><li>Sunday: Every 20–30 minutes</li></ul>
]]>
    </description>
    <styleUrl>#bus</styleUrl>
    <Point>
      <coordinates>-121.8252731,37.3954026,0</coordinates>
    </Point>
  </Placemark>

  <Placemark>
    <name>Alviso Marina County Park</name>
    <description>
<![CDATA[
<h4>Stop: Gold &amp; Taylor</h4>
<b>8 min walk</b><br>
Served by VTA 59
<ul><li>Weekday: About hourly</li><li>Weekend: Every 1–2 hours</li></ul>
]]>
    </description>
    <styleUrl>#bus</styleUrl>
    <Point>
      <coordinates>-121.9794782,37.4304232,0</coordinates>
    </Point>
  </Placemark>

  <Placemark>
    <name>American River: El Manto</name>
    <description>
<![CDATA[
<h4>Stop: COLOMA RD &amp; EL MANTO DR (WB)</h4>
<b>7 min walk</b><br>
Served by SacRT 21
<ul><li>Weekday: Every 30–45 minutes</li><li>Saturday: About hourly</li><li>Sunday: Every 1–2 hours</li></ul>
]]>
    </description>
    <styleUrl>#bus</styleUrl>
    <Point>
      <coordinates>-121.28716284574018,38.61892973913707,0</coordinates>
    </Point>
  </Placemark>

  <Placemark>
    <name>Anderson Marsh State Historic Park</name>
    <description>
<![CDATA[
<h4>Stop: Job Zone</h4>
<b>3 min walk</b><br>
Served by Lake Transit 3, Lake Transit 4
<ul><li>Weekday: Every 1–2 hours</li><li>Saturday: 4 trips a day</li><li>Sunday: No service</li></ul>
]]>
    </description>
    <styleUrl>#bus</styleUrl>
    <Point>
      <coordinates>-122.6134692,38.9204097,0</coordinates>
    </Point>
  </Placemark>

  <Placemark>
    <name>Ardenwood Historic Farm</name>
    <description>
<![CDATA[
<h4>Stop: Ardenwood Blvd &amp; Ardenwood Ter</h4>
<b>10 min walk</b><br>
Served by AC Transit 281
<ul><li>7 days a week: Every 1–2 hours</li></ul>
]]>
    </description>
    <styleUrl>#bus</styleUrl>
    <Point>
      <coordinates>-122.0508424,37.5564349,0</coordinates>
    </Point>
  </Placemark>

  <Placemark>
    <name>Asilomar Dunes Natural Preserve</name>
    <description>
<![CDATA[
<h4>Stop: Asilomar - Conference Center</h4>
<b>6 min walk</b><br>
Served by 2
<ul><li>7 days a week: Frequent service</li></ul>
]]>
    </description>
    <styleUrl>#bus</styleUrl>
    <Point>
      <coordinates>-121.93907916955646,36.619199839164644,0</coordinates>
    </Point>
  </Placemark>

  <Placemark>
    <name>Avalon Canyon</name>
    <description>
<![CDATA[
<h4>Stop: Skyline Dr &amp; Highland Ave</h4>
<b>4 min walk</b><br>
Served by SamTrans 110
<ul><li>7 days a week: Every 20–30 minutes</li></ul>
]]>
    </description>
    <styleUrl>#bus</styleUrl>
    <Point>
      <coordinates>-122.4915233,37.6810128,0</coordinates>
    </Point>
  </Placemark>

  <Placemark>
    <name>Baltimore Canyon Preserve: Piedmont Trail</name>
    <description>
<![CDATA[
<h4>Stop: Magnolia Av &amp; Madrone Av</h4>
<b>7 min walk</b><br>
Served by Marin Transit 22
<ul><li>Weekday: Every 30–45 minutes</li><li>Weekend: About hourly</li></ul>
]]>
    </description>
    <styleUrl>#bus</styleUrl>
    <Point>
      <coordinates>-122.538758,37.9290444,0</coordinates>
    </Point>
  </Placemark>

  <Placemark>
    <name>Bannister Park</name>
    <description>
<![CDATA[
<h4>Stop: FAIR OAKS BLVD &amp; SAN JUAN AVE (WB)</h4>
<b>12 min walk</b><br>
Served by SacRT 23
<ul><li>Weekday: Every 30–45 minutes</li><li>Weekend: About hourly</li></ul>
]]>
    </description>
    <styleUrl>#bus</styleUrl>
    <Point>
      <coordinates>-121.2869895549049,38.63355435269595,0</coordinates>
    </Point>
  </Placemark>

  <Placemark>
    <name>Bay Area Ridge Trail: Ascot Pkwy</name>
    <description>
<![CDATA[
<h4>Stop: Georgia St &amp; Southport Way</h4>
<b>12 min walk</b><br>
Served by SolTrans 6
<ul><li>Weekday: About hourly</li><li>Saturday: About hourly</li><li>Sunday: No service</li></ul>
<h4>Stop: Columbus Pkwy &amp; Ascot Pkwy</h4>
<b>20 min walk</b><br>
Served by SolTrans 38, SolTrans 6, SolTrans 7A, SolTrans 7B
<ul><li>Weekday: Frequent service</li><li>Saturday: Every 20–30 minutes</li><li>Sunday: Every 30–45 minutes</li></ul>
]]>
    </description>
    <styleUrl>#bus</styleUrl>
    <Point>
      <coordinates>-122.1887539,38.1040882,0</coordinates>
    </Point>
  </Placemark>

  <Placemark>
    <name>Bay Point Regional Shoreline</name>
    <description>
<![CDATA[
<h4>Stop: Port Chicago Hwy &amp; Pacific Ave</h4>
<b>12 min walk</b><br>
Served by Tri Delta 201X, Tri Delta 374
<ul><li>7 days a week: Every 1–2 hours</li></ul>
]]>
    </description>
    <styleUrl>#bus</styleUrl>
    <Point>
      <coordinates>-121.9632274,38.0398973,0</coordinates>
    </Point>
  </Placemark>

  <Placemark>
    <name>Bedwell Bayfront Park</name>
    <description>
<![CDATA[
<h4>Stop: 3719 Haven Ave.</h4>
<b>4 min walk</b><br>
Served by SamTrans 270
<ul><li>Weekday: Every 1–2 hours</li><li>Saturday: Every 1–2 hours</li><li>Sunday: No service</li></ul>
]]>
    </description>
    <styleUrl>#bus</styleUrl>
    <Point>
      <coordinates>-122.1723874,37.4911213,0</coordinates>
    </Point>
  </Placemark>

  <Placemark>
    <name>Big Break Regional Shoreline</name>
    <description>
<![CDATA[
<h4>Stop: Main St &amp; Big Break Rd</h4>
<b>10 min walk</b><br>
Served by Tri Delta 362, Tri Delta 373
<ul><li>Weekday: Every 20–30 minutes</li><li>Weekend: Every 30–45 minutes</li></ul>
]]>
    </description>
    <styleUrl>#bus</styleUrl>
    <Point>
      <coordinates>-121.7321532,38.0087251,0</coordinates>
    </Point>
  </Placemark>

  <Placemark>
    <name>Big Break Regional Shoreline: Marsh Creek Regional Trail</name>
    <description>
<![CDATA[
<h4>Stop: Oakley Park n Ride</h4>
<b>14 min walk</b><br>
Served by Tri Delta 362, Tri Delta 373
<ul><li>Weekday: Every 20–30 minutes</li><li>Weekend: Every 30–45 minutes</li></ul>
]]>
    </description>
    <styleUrl>#bus</styleUrl>
    <Point>
      <coordinates>-121.6953555,37.9977813,0</coordinates>
    </Point>
  </Placemark>

  <Placemark>
    <name>Big Pine</name>
    <description>
<![CDATA[
A hub for Eastern Sierra recreation. Private shuttle services to trailheads can be found on <a href="https://climber.org/data/shuttles.html">Climber.org.</a>
<br>
<h4>Stop: Big Pine - 391 S. Main Street</h4>
Served by Eastern Sierra 395 Route North, Eastern Sierra 395 Route South, Eastern Sierra LPX
<ul><li>Weekday: 4 trips a day</li><li>Weekend: 2 trips a day</li></ul>
]]>
    </description>
    <styleUrl>#bus</styleUrl>
    <Point>
      <coordinates>-118.28964,37.164,0</coordinates>
    </Point>
  </Placemark>

  <Placemark>
    <name>Bishop</name>
    <description>
<![CDATA[
A hub for Eastern Sierra recreation. Private shuttle services to trailheads can be found on <a href="https://climber.org/data/shuttles.html">Climber.org.</a>
<br>
<h4>Stop: Bishop - Vons/Kmart, 1200 N. Main Street</h4>
Served by Eastern Sierra 395 Route North, Eastern Sierra 395 Route South, Eastern Sierra Benton-Bishop, Eastern Sierra LPX, Eastern Sierra MMX
<ul><li>7 days a week: Every 1–2 hours</li></ul>
]]>
    </description>
    <styleUrl>#bus</styleUrl>
    <Point>
      <coordinates>-118.39195,37.37391,0</coordinates>
    </Point>
  </Placemark>

  <Placemark>
    <name>Bizz Johnson National Recreation Trail: Devils Corral</name>
    <description>
<![CDATA[
<h4>Stop: Devil&#x27;s Corral</h4>
<b>8 min walk</b><br>
Served by Lassen Rural Bus West County
<ul><li>Weekday: 6 trips a day</li><li>Saturday: 4 trips a day</li><li>Sunday: No service</li></ul>
]]>
    </description>
    <styleUrl>#bus</styleUrl>
    <Point>
      <coordinates>-120.78029466895207,40.395655335985296,0</coordinates>
    </Point>
  </Placemark>

  <Placemark>
    <name>Bizz Johnson National Recreation Trail: Richmond Rd</name>
    <description>
<![CDATA[
<h4>Stop: RichmondRd. and Bizz Johnston Trail</h4>
<b>0 min walk</b><br>
Served by Lassen Rural Bus West County
<ul><li>Weekday: No service</li><li>Saturday: 3 trips a day</li><li>Sunday: No service</li></ul>
]]>
    </description>
    <styleUrl>#bus</styleUrl>
    <Point>
      <coordinates>-120.66065709178562,40.41156782306417,0</coordinates>
    </Point>
  </Placemark>

  <Placemark>
    <name>Black Diamond Mines Regional Preserve: Black Diamond Trail</name>
    <description>
<![CDATA[
<h4>Stop: Marsh Creek Rd and Bigelow St</h4>
<b>7 min walk</b><br>
Served by CC 10, CC 310
<ul><li>7 days a week: About hourly</li></ul>
]]>
    </description>
    <styleUrl>#bus</styleUrl>
    <Point>
      <coordinates>-121.92811,37.9411314,0</coordinates>
    </Point>
  </Placemark>

  <Placemark>
    <name>Blithedale Summit Preserve: Blithedale Loop Trailhead</name>
    <description>
<![CDATA[
<h4>Stop: Redwood Av &amp; Montecito Dr</h4>
<b>13 min walk</b><br>
Served by Marin Transit 22
<ul><li>Weekday: Every 30–45 minutes</li><li>Weekend: About hourly</li></ul>
]]>
    </description>
    <styleUrl>#bus</styleUrl>
    <Point>
      <coordinates>-122.5372603,37.9240346,0</coordinates>
    </Point>
  </Placemark>

  <Placemark>
    <name>Bodega Bay</name>
    <description>
<![CDATA[
<h4>Stop: Hwy 1 &amp; Tides Inn - Bodega Bay</h4>
23min to Bodega Dunes (Sonoma Coast State Park), 16min to Birdwalk Coastal Access Trail
<br>
<b>0 min walk</b><br>
Served by MTA 95
<ul><li>7 days a week: 1 trip a day</li></ul>
]]>
    </description>
    <styleUrl>#bus</styleUrl>
    <Point>
      <coordinates>-123.0445415,38.329079,0</coordinates>
    </Point>
  </Placemark>

  <Placemark>
    <name>Bolinas Beach</name>
    <description>
<![CDATA[
<h4>Stop: Brighton Ave &amp; Wharf Rd</h4>
<b>8 min walk</b><br>
Served by Marin Transit 61
<ul><li>7 days a week: Every 1–2 hours</li></ul>
]]>
    </description>
    <styleUrl>#bus</styleUrl>
    <Point>
      <coordinates>-122.6824845,37.9068517,0</coordinates>
    </Point>
  </Placemark>

  <Placemark>
    <name>Bothe-Napa Valley State Park</name>
    <description>
<![CDATA[
<h4>Stop: Bothe State Park North</h4>
<b>0 min walk</b><br>
Served by VINE Transit 10
<ul><li>7 days a week: Every 1–2 hours</li></ul>
]]>
    </description>
    <styleUrl>#bus</styleUrl>
    <Point>
      <coordinates>-122.525833,38.553371,0</coordinates>
    </Point>
  </Placemark>

  <Placemark>
    <name>Brad Freeman Trail: Downtown Oroville</name>
    <description>
<![CDATA[
<h4>Stop: Montgomery St &amp; Table Mtn Blvd</h4>
<b>3 min walk</b><br>
Served by B-Line 20
<ul><li>7 days a week: Frequent service</li></ul>
<h4>Stop: Orange Ave &amp; Bridge St</h4>
<b>6 min walk</b><br>
Served by B-Line 26
<ul><li>Weekday: Frequent service</li><li>Weekend: No service</li></ul>
<h4>Stop: Yard St &amp; Bridge St</h4>
<b>7 min walk</b><br>
Served by B-Line 24
<ul><li>Weekday: Frequent service</li><li>Weekend: No service</li></ul>
]]>
    </description>
    <styleUrl>#bus</styleUrl>
    <Point>
      <coordinates>-121.5493709955982,39.516429717836495,0</coordinates>
    </Point>
  </Placemark>

  <Placemark>
    <name>Brad Freeman Trail: Table Mountain Blvd</name>
    <description>
<![CDATA[
<h4>Stop: County Center Dr at Juvenile Hall</h4>
<b>2 min walk</b><br>
Served by B-Line 20, B-Line 24
<ul><li>7 days a week: Frequent service</li></ul>
]]>
    </description>
    <styleUrl>#bus</styleUrl>
    <Point>
      <coordinates>-121.56918867471666,39.53189239561302,0</coordinates>
    </Point>
  </Placemark>

  <Placemark>
    <name>Briones to Mount Diablo Regional Trail</name>
    <description>
<![CDATA[
<h4>Stop: Montego and Casa Montego Apts</h4>
<b>9 min walk</b><br>
Served by CC 1, CC 301, CC 93X
<ul><li>Weekday: About hourly</li><li>Weekend: Every 1–2 hours</li></ul>
]]>
    </description>
    <styleUrl>#bus</styleUrl>
    <Point>
      <coordinates>-122.0393663,37.908509,0</coordinates>
    </Point>
  </Placemark>

  <Placemark>
    <name>Brookside Rd - access to Sibley via Wilder development</name>
    <description>
<![CDATA[
30min to fire road up to Sibley at Wild Lilac Way. Connection thru paved fire road into subdivision, then thru subdivision on roadway to fire road.
<br>
<h4>Stop: Moraga Way and Mcdonnell Nursery</h4>
<b>2 min walk</b><br>
Served by CC 6
<ul><li>Weekday: About hourly</li><li>Weekend: 6 trips a day</li></ul>
]]>
    </description>
    <styleUrl>#bus</styleUrl>
    <Point>
      <coordinates>-122.175797,37.8644675,0</coordinates>
    </Point>
  </Placemark>

  <Placemark>
    <name>Capay Open Space Park</name>
    <description>
<![CDATA[
<h4>Stop: Hwy 16 at Rd 85 (Capay) WB</h4>
<b>8 min walk</b><br>
Served by Yolobus 215
<ul><li>7 days a week: Every 1–2 hours</li></ul>
]]>
    </description>
    <styleUrl>#bus</styleUrl>
    <Point>
      <coordinates>-122.0466959,38.7125674,0</coordinates>
    </Point>
  </Placemark>

  <Placemark>
    <name>Carquinez Strait Regional Shoreline: F St</name>
    <description>
<![CDATA[
<h4>Stop: Alhambra Ave and F St</h4>
<b>5 min walk</b><br>
Served by CC 16, CC 316, CC 98X, WestCat 30Z
<ul><li>Weekday: Every 20–30 minutes</li><li>Weekend: 9 trips a day</li></ul>
]]>
    </description>
    <styleUrl>#bus</styleUrl>
    <Point>
      <coordinates>-122.1368206,38.0018039,0</coordinates>
    </Point>
  </Placemark>

  <Placemark>
    <name>Carquinez Strait Regional Shoreline: Nejedly Staging Area</name>
    <description>
<![CDATA[
<h4>Stop: Berrellesa St and Marina Vista Ave and Escobar St</h4>
<b>13 min walk</b><br>
Served by CC 16, CC 28, CC 316, CC 98X, WestCat 30Z
<ul><li>Weekday: Every 20–30 minutes</li><li>Weekend: 9 trips a day</li></ul>
]]>
    </description>
    <styleUrl>#bus</styleUrl>
    <Point>
      <coordinates>-122.1474874,38.0179773,0</coordinates>
    </Point>
  </Placemark>

  <Placemark>
    <name>Carquinez Strait Regional Shoreline: Nejedly Staging Area</name>
    <description>
<![CDATA[
<h4>Stop: Martinez</h4>
As well as Amtrak Capitol Corridor and Gold Runner
<br>
<b>14 min walk</b><br>
Served by CC 16, CC 18, CC 19, CC 28, CC 316, CC 98X, CC 99X
<ul><li>Weekday: Frequent service</li><li>Weekend: About hourly</li></ul>
]]>
    </description>
    <styleUrl>#bus</styleUrl>
    <Point>
      <coordinates>-122.1474874,38.0179773,0</coordinates>
    </Point>
  </Placemark>

  <Placemark>
    <name>Carquinez Strait Regional Shoreline: Rankin Park Trail</name>
    <description>
<![CDATA[
<h4>Stop: Berrellesa St and Marina Vista Ave and Escobar St</h4>
<b>7 min walk</b><br>
Served by CC 16, CC 28, CC 316, CC 98X, WestCat 30Z
<ul><li>Weekday: Every 20–30 minutes</li><li>Weekend: 9 trips a day</li></ul>
]]>
    </description>
    <styleUrl>#bus</styleUrl>
    <Point>
      <coordinates>-122.1437168,38.0166969,0</coordinates>
    </Point>
  </Placemark>

  <Placemark>
    <name>Carquinez Strait Regional Shoreline: Rankin Park Trail</name>
    <description>
<![CDATA[
<h4>Stop: Martinez</h4>
As well as Amtrak Capitol Corridor and Gold Runner
<br>
<b>8 min walk</b><br>
Served by CC 16, CC 18, CC 19, CC 28, CC 316, CC 98X, CC 99X
<ul><li>Weekday: Frequent service</li><li>Weekend: About hourly</li></ul>
]]>
    </description>
    <styleUrl>#bus</styleUrl>
    <Point>
      <coordinates>-122.1437645,38.0167179,0</coordinates>
    </Point>
  </Placemark>

  <Placemark>
    <name>Caspar Headlands State Beach: Caspar Beach</name>
    <description>
<![CDATA[
<h4>Stop: Caspar Beach</h4>
<b>0 min walk</b><br>
Served by MTA 60, MTA 65
<ul><li>Weekday: Every 1–2 hours</li><li>Weekend: 3 trips a day</li></ul>
]]>
    </description>
    <styleUrl>#bus</styleUrl>
    <Point>
      <coordinates>-123.816132,39.359566,0</coordinates>
    </Point>
  </Placemark>

  <Placemark>
    <name>Caspar Headlands State Reserve</name>
    <description>
<![CDATA[
<h4>Stop: Caspar</h4>
<b>0 min walk</b><br>
Served by MTA 60, MTA 65
<ul><li>Weekday: Every 1–2 hours</li><li>Weekend: 3 trips a day</li></ul>
]]>
    </description>
    <styleUrl>#bus</styleUrl>
    <Point>
      <coordinates>-123.814507,39.364792,0</coordinates>
    </Point>
  </Placemark>

  <Placemark>
    <name>Cayucos State Beach</name>
    <description>
<![CDATA[
Access to Cayucos State Beach and Morro Strand State Beach at various points between Cayucos and Morro Bay
<br>
<h4>Stop: Ocean &amp; 3rd</h4>
<b>3 min walk</b><br>
Served by SLORTA 15N, SLORTA 15S
<ul><li>Weekday: Every 1–2 hours</li><li>Saturday: Every 1–2 hours</li><li>Sunday: 6 trips a day</li></ul>
]]>
    </description>
    <styleUrl>#bus</styleUrl>
    <Point>
      <coordinates>-120.90000319814187,35.44438408924666,0</coordinates>
    </Point>
  </Placemark>

  <Placemark>
    <name>Cerro San Luis Natural Reserve: Allen K. Settle Trail</name>
    <description>
<![CDATA[
<h4>Stop: Madonna Road at Dalidio</h4>
<b>8 min walk</b><br>
Served by 10866883, 10866897
<ul><li>Weekday: Every 30–45 minutes</li><li>Weekend: Every 1–2 hours</li></ul>
]]>
    </description>
    <styleUrl>#bus</styleUrl>
    <Point>
      <coordinates>-120.68419963906523,35.26672926273424,0</coordinates>
    </Point>
  </Placemark>

  <Placemark>
    <name>Cerro San Luis Natural Reserve: Fernandez Rd</name>
    <description>
<![CDATA[
<h4>Stop: Marsh at Archer</h4>
<b>6 min walk</b><br>
Served by 10866883, 10866895
<ul><li>Weekday: About hourly</li><li>Weekend: Every 1–2 hours</li></ul>
]]>
    </description>
    <styleUrl>#bus</styleUrl>
    <Point>
      <coordinates>-120.67234754281051,35.27487678543165,0</coordinates>
    </Point>
  </Placemark>

  <Placemark>
    <name>Cerro San Luis Natural Reserve: Tassajara Dr</name>
    <description>
<![CDATA[
<h4>Stop: Ramona at S. Tassajara</h4>
<b>5 min walk</b><br>
Served by 10866897, 10867636, 10867637, 11096761
<ul><li>Weekday: Every 20–30 minutes</li><li>Weekend: Every 30–45 minutes</li></ul>
]]>
    </description>
    <styleUrl>#bus</styleUrl>
    <Point>
      <coordinates>-120.67833457109056,35.29042045523786,0</coordinates>
    </Point>
  </Placemark>

  <Placemark>
    <name>Claremont Canyon Regional Preserve: Stonewall-Panoramic Trail</name>
    <description>
<![CDATA[
<h4>Stop: Derby St &amp; Claremont Blvd</h4>
<b>2 min walk</b><br>
Served by AC Transit 36
<ul><li>Weekday: Frequent service</li><li>Weekend: Every 20–30 minutes</li></ul>
]]>
    </description>
    <styleUrl>#bus</styleUrl>
    <Point>
      <coordinates>-122.2440495,37.8625751,0</coordinates>
    </Point>
  </Placemark>

  <Placemark>
    <name>Cloverdale River Park</name>
    <description>
<![CDATA[
<h4>Stop: Cloverdale City Hall &amp; Plaza</h4>
<b>10 min walk</b><br>
Served by 60X, SCT 60, SCT 68
<ul><li>Weekday: Every 30–45 minutes</li><li>Saturday: Every 30–45 minutes</li><li>Sunday: About hourly</li></ul>
]]>
    </description>
    <styleUrl>#bus</styleUrl>
    <Point>
      <coordinates>-123.0089675,38.8085401,0</coordinates>
    </Point>
  </Placemark>

  <Placemark>
    <name>Coastal Rail Trail</name>
    <description>
<![CDATA[
Access to Wilder Ranch State Park
<br>
<h4>Stop: Natural Bridges Dr &amp; Mission</h4>
<b>8 min walk</b><br>
Served by Santa Cruz METRO 20, Santa Cruz METRO 40
<ul><li>Weekday: Frequent service</li><li>Weekend: Every 30–45 minutes</li></ul>
]]>
    </description>
    <styleUrl>#bus</styleUrl>
    <Point>
      <coordinates>-122.06219119302435,36.96086580356882,0</coordinates>
    </Point>
  </Placemark>

  <Placemark>
    <name>Contra Loma Regional Park: Delta de Anza Trail</name>
    <description>
<![CDATA[
<h4>Stop: Lone Tree Wy &amp; Sutter Delta</h4>
<b>12 min walk</b><br>
Served by Tri Delta 375, Tri Delta 376
<ul><li>7 days a week: Every 30–45 minutes</li></ul>
]]>
    </description>
    <styleUrl>#bus</styleUrl>
    <Point>
      <coordinates>-121.8125784,37.9795733,0</coordinates>
    </Point>
  </Placemark>

  <Placemark>
    <name>Coyote Creek Trail: Hellyer Ave Trailhead</name>
    <description>
<![CDATA[
Paved trail. South of here, the trail gets fairly remote for some time.
<br>
<h4>Stop: Senter &amp; Hellyer</h4>
<b>11 min walk</b><br>
Served by VTA 70, VTA 72, VTA 73
<ul><li>7 days a week: Frequent service</li></ul>
]]>
    </description>
    <styleUrl>#bus</styleUrl>
    <Point>
      <coordinates>-121.8143192,37.2840903,0</coordinates>
    </Point>
  </Placemark>

  <Placemark>
    <name>Coyote Creek Trail: Tully Library</name>
    <description>
<![CDATA[
Paved trail. Beginning of contiguous segment of Coyote Creek Trail.
<br>
<h4>Stop: Tully &amp; Galveston</h4>
<b>0 min walk</b><br>
Served by VTA 26
<ul><li>Weekday: Every 20–30 minutes</li><li>Weekend: Every 30–45 minutes</li></ul>
]]>
    </description>
    <styleUrl>#bus</styleUrl>
    <Point>
      <coordinates>-121.8422787,37.3112573,0</coordinates>
    </Point>
  </Placemark>

  <Placemark>
    <name>Coyote Creek Trail: Yerba Buena Avenue Trailhead</name>
    <description>
<![CDATA[
<h4>Stop: Yerba Buena &amp; Sunbrook</h4>
<b>3 min walk</b><br>
Served by VTA 72
<ul><li>Weekday: Every 20–30 minutes</li><li>Weekend: Every 30–45 minutes</li></ul>
]]>
    </description>
    <styleUrl>#bus</styleUrl>
    <Point>
      <coordinates>-121.8191914,37.2899182,0</coordinates>
    </Point>
  </Placemark>

  <Placemark>
    <name>Coyote Hills Regional Park: Tuibun Trail</name>
    <description>
<![CDATA[
<h4>Stop: Ardenwood Blvd &amp; Commerce Dr</h4>
<b>7 min walk</b><br>
Served by AC Transit 281
<ul><li>Weekday: Every 30–45 minutes</li><li>Weekend: About hourly</li></ul>
]]>
    </description>
    <styleUrl>#bus</styleUrl>
    <Point>
      <coordinates>-122.0677568,37.555739,0</coordinates>
    </Point>
  </Placemark>

  <Placemark>
    <name>Coyote Valley Open Space Preserve</name>
    <description>
<![CDATA[
<h4>Stop: Santa Teresa &amp; Palm</h4>
<b>15 min walk</b><br>
Served by VTA 68
<ul><li>7 days a week: Frequent service</li></ul>
]]>
    </description>
    <styleUrl>#bus</styleUrl>
    <Point>
      <coordinates>-121.7267217,37.1704348,0</coordinates>
    </Point>
  </Placemark>

  <Placemark>
    <name>Crockett Hills Regional Park</name>
    <description>
<![CDATA[
<h4>Stop: John Swett High School</h4>
<b>7 min walk</b><br>
Served by WestCat 11
<ul><li>Weekday: About hourly</li><li>Saturday: Every 1–2 hours</li><li>Sunday: No service</li></ul>
]]>
    </description>
    <styleUrl>#bus</styleUrl>
    <Point>
      <coordinates>-122.2212669,38.0470793,0</coordinates>
    </Point>
  </Placemark>

  <Placemark>
    <name>Cull Canyon Regional Recreation Area: Ridge Trail</name>
    <description>
<![CDATA[
<h4>Stop: Center St &amp; Heyer Av</h4>
<b>13 min walk</b><br>
Served by AC Transit 28
<ul><li>7 days a week: About hourly</li></ul>
]]>
    </description>
    <styleUrl>#bus</styleUrl>
    <Point>
      <coordinates>-122.0551833,37.7039126,0</coordinates>
    </Point>
  </Placemark>

  <Placemark>
    <name>Del Monte Forest: SFB Morse</name>
    <description>
<![CDATA[
<h4>Stop: Forest /  Syida</h4>
<b>11 min walk</b><br>
Served by 1, 2
<ul><li>7 days a week: Frequent service</li></ul>
]]>
    </description>
    <styleUrl>#bus</styleUrl>
    <Point>
      <coordinates>-121.92720894431982,36.59841431586552,0</coordinates>
    </Point>
  </Placemark>

  <Placemark>
    <name>Dennis T Machida Memorial Greenway</name>
    <description>
<![CDATA[
<h4>Stop: Lake Tahoe Community College Mobility Hub</h4>
<b>10 min walk</b><br>
Served by TTD 50, TTD 55
<ul><li>7 days a week: Every 20–30 minutes</li></ul>
]]>
    </description>
    <styleUrl>#bus</styleUrl>
    <Point>
      <coordinates>-119.9659326,38.9262333,0</coordinates>
    </Point>
  </Placemark>

  <Placemark>
    <name>Dimond Canyon Park: Bridgeview Trailhead</name>
    <description>
<![CDATA[
<h4>Stop: Park Blvd &amp; Leimert Blvd</h4>
<b>8 min walk</b><br>
Served by AC Transit 18, AC Transit V
<ul><li>Weekday: Frequent service</li><li>Weekend: Every 20–30 minutes</li></ul>
<h4>Stop: Lincoln Av &amp; Tiffin Rd</h4>
<b>19 min walk</b><br>
Served by AC Transit 31
<ul><li>7 days a week: Every 30–45 minutes</li></ul>
]]>
    </description>
    <styleUrl>#bus</styleUrl>
    <Point>
      <coordinates>-122.2118874,37.8134779,0</coordinates>
    </Point>
  </Placemark>

  <Placemark>
    <name>Dimond Canyon Park: Bridgeview Trailhead</name>
    <description>
<![CDATA[
<h4>Stop: Mountain Blvd &amp; Snake Rd</h4>
<b>12 min walk</b><br>
Served by AC Transit 18, AC Transit V
<ul><li>7 days a week: Frequent service</li></ul>
]]>
    </description>
    <styleUrl>#bus</styleUrl>
    <Point>
      <coordinates>-122.20474721225281,37.81787714807549,0</coordinates>
    </Point>
  </Placemark>

  <Placemark>
    <name>Dimond Canyon Park: Sausal Creek</name>
    <description>
<![CDATA[
<h4>Stop: MacArthur Blvd &amp; Fruitvale Av</h4>
<b>5 min walk</b><br>
Served by AC Transit 57, AC Transit 96, AC Transit NL, AC Transit NX
<ul><li>7 days a week: Frequent service</li></ul>
]]>
    </description>
    <styleUrl>#bus</styleUrl>
    <Point>
      <coordinates>-122.2148586,37.8036931,0</coordinates>
    </Point>
  </Placemark>

  <Placemark>
    <name>Dipsea Trailhead</name>
    <description>
<![CDATA[
<h4>Stop: Mill Valley Depot</h4>
<b>8 min walk</b><br>
Served by Marin Transit 17
<ul><li>Weekday: Every 30–45 minutes</li><li>Weekend: Every 1–2 hours</li></ul>
<h4>Stop: Panoramic Hwy &amp; Sequoia Valley Rd</h4>
<b>8 min walk</b><br>
Served by Marin Transit 61
<ul><li>Weekday: 6 trips a day</li><li>Weekend: 7 trips a day</li></ul>
]]>
    </description>
    <styleUrl>#bus</styleUrl>
    <Point>
      <coordinates>-122.5545479,37.9049051,0</coordinates>
    </Point>
  </Placemark>

  <Placemark>
    <name>Dollar Creek Trailhead</name>
    <description>
<![CDATA[
<h4>Stop: Hwy 28 at Dollar Dr</h4>
<b>0 min walk</b><br>
Served by TART ML, TART NS89
<ul><li>7 days a week: About hourly</li></ul>
]]>
    </description>
    <styleUrl>#bus</styleUrl>
    <Point>
      <coordinates>-120.1047158,39.1934826,0</coordinates>
    </Point>
  </Placemark>

  <Placemark>
    <name>Don Castro Regional Recreation Area: Ursa Way</name>
    <description>
<![CDATA[
<h4>Stop: Kelly St &amp; Mossy Rock Dr</h4>
<b>5 min walk</b><br>
Served by AC Transit 95
<ul><li>7 days a week: Every 30–45 minutes</li></ul>
]]>
    </description>
    <styleUrl>#bus</styleUrl>
    <Point>
      <coordinates>-122.0511978,37.6885579,0</coordinates>
    </Point>
  </Placemark>

  <Placemark>
    <name>Don Edwards San Francisco Bay National Wildlife Refuge: Faber-Laumeister Trail</name>
    <description>
<![CDATA[
<h4>Stop: Pulgas Ave &amp; Garden St</h4>
<b>6 min walk</b><br>
Served by SamTrans 280
<ul><li>Weekday: Every 30–45 minutes</li><li>Weekend: About hourly</li></ul>
]]>
    </description>
    <styleUrl>#bus</styleUrl>
    <Point>
      <coordinates>-122.1265483,37.4686322,0</coordinates>
    </Point>
  </Placemark>

  <Placemark>
    <name>Donner Memorial State Park</name>
    <description>
<![CDATA[
<h4>Stop: Donner Pass Rd Cold Stream Rd</h4>
<b>8 min walk</b><br>
Served by TART SBDS, TART TLR
<ul><li>7 days a week: Every 30–45 minutes</li></ul>
]]>
    </description>
    <styleUrl>#bus</styleUrl>
    <Point>
      <coordinates>-120.23292436279144,39.32437594633852,0</coordinates>
    </Point>
  </Placemark>

  <Placemark>
    <name>Dr. Aurelia Reinhardt Redwood Regional Park / Joaquin Miller Park: Redwood Bowl Staging Area</name>
    <description>
<![CDATA[
<h4>Stop: Chabot Space &amp; Science Center</h4>
<b>0 min walk</b><br>
Served by AC Transit 31
<ul><li>Weekday: Every 30–45 minutes</li><li>Weekend: Every 20–30 minutes</li></ul>
]]>
    </description>
    <styleUrl>#bus</styleUrl>
    <Point>
      <coordinates>-122.1807166,37.8183545,0</coordinates>
    </Point>
  </Placemark>

  <Placemark>
    <name>Dr. Aurelia Reinhardt Redwood Regional Park: Richard C Trudeau Conference Center</name>
    <description>
<![CDATA[
<h4>Stop: Skyline Blvd &amp; Crestmont Dr</h4>
<b>0 min walk</b><br>
Served by AC Transit 31
<ul><li>Weekday: Every 20–30 minutes</li><li>Weekend: No service</li></ul>
<h4>Stop: Redwood Rd &amp; Sereno Cir</h4>
Walk up/down Crestmont Dr; Google Maps does not indicate this route
<br>
<b>29 min walk</b><br>
Served by AC Transit 54
<ul><li>Weekday: Frequent service</li><li>Weekend: Every 30–45 minutes</li></ul>
]]>
    </description>
    <styleUrl>#bus</styleUrl>
    <Point>
      <coordinates>-122.1772774,37.8034315,0</coordinates>
    </Point>
  </Placemark>

  <Placemark>
    <name>Dragoon Gulch Trailhead</name>
    <description>
<![CDATA[
<h4>Stop: Community Pharmacy Stockton Street</h4>
<b>11 min walk</b><br>
Served by Tuolumne County Transit R1, Tuolumne County Transit R2
<ul><li>Weekday: Every 1–2 hours</li><li>Weekend: No service</li></ul>
<h4>Stop: Stockton St. (Bank of America)</h4>
<b>14 min walk</b><br>
Served by YARTS Sonora HWY 120 (SEASONAL SERVICE)
<ul><li>7 days a week: 3 trips a day</li></ul>
]]>
    </description>
    <styleUrl>#bus</styleUrl>
    <Point>
      <coordinates>-120.3906782118291,37.98268593703399,0</coordinates>
    </Point>
  </Placemark>

  <Placemark>
    <name>Dry Creek Pioneer Regional Park: Dry Creek Staging Area</name>
    <description>
<![CDATA[
<h4>Stop: Mission Blvd &amp; Whipple Rd</h4>
<b>4 min walk</b><br>
Served by AC Transit 9, Union City Transit 4
<ul><li>7 days a week: Frequent service</li></ul>
]]>
    </description>
    <styleUrl>#bus</styleUrl>
    <Point>
      <coordinates>-122.0180479,37.6076319,0</coordinates>
    </Point>
  </Placemark>

  <Placemark>
    <name>Dunsmuir Hills: The San Leandro Trails</name>
    <description>
<![CDATA[
<h4>Stop: MacArthur Blvd &amp; Dutton Av</h4>
<b>6 min walk</b><br>
Served by AC Transit 34, AC Transit 35
<ul><li>Weekday: Every 20–30 minutes</li><li>Weekend: Every 30–45 minutes</li></ul>
<h4>Stop: Marlow Dr &amp; Revere Av</h4>
<b>3 min walk</b><br>
Served by AC Transit 34, AC Transit 35, AC Transit NX3
<ul><li>Weekday: Every 20–30 minutes</li><li>Weekend: Every 30–45 minutes</li></ul>
]]>
    </description>
    <styleUrl>#bus</styleUrl>
    <Point>
      <coordinates>-122.1396889,37.7372084,0</coordinates>
    </Point>
  </Placemark>

  <Placemark>
    <name>Eagle Rock Trailhead</name>
    <description>
<![CDATA[
<h4>Stop: Hwy 89 at Grand Ave</h4>
<b>5 min walk</b><br>
Served by TART ML
<ul><li>7 days a week: About hourly</li></ul>
]]>
    </description>
    <styleUrl>#bus</styleUrl>
    <Point>
      <coordinates>-120.1614467,39.1079293,0</coordinates>
    </Point>
  </Placemark>

  <Placemark>
    <name>Ed Z&#x27;berg Sugar Pine Point State Park</name>
    <description>
<![CDATA[
<h4>Stop: Sugar Pine Point State Park</h4>
<b>0 min walk</b><br>
Served by TART ML
<ul><li>7 days a week: About hourly</li></ul>
]]>
    </description>
    <styleUrl>#bus</styleUrl>
    <Point>
      <coordinates>-120.122333,39.059481,0</coordinates>
    </Point>
  </Placemark>

  <Placemark>
    <name>El Dorado Trail: El Dorado</name>
    <description>
<![CDATA[
<h4>Stop: Pleasant Valley Rd. at Church St.</h4>
<b>5 min walk</b><br>
Served by El Dorado Transit 30, El Dorado Transit 35
<ul><li>Weekday: Every 1–2 hours</li><li>Saturday: 8 trips a day</li><li>Sunday: No service</li></ul>
]]>
    </description>
    <styleUrl>#bus</styleUrl>
    <Point>
      <coordinates>-120.85119180811711,38.68340745568417,0</coordinates>
    </Point>
  </Placemark>

  <Placemark>
    <name>El Dorado Trail: Forni Rd</name>
    <description>
<![CDATA[
<h4>Stop: Placerville Library</h4>
<b>7 min walk</b><br>
Served by El Dorado Transit 25, El Dorado Transit 50x
<ul><li>Weekday: About hourly</li><li>Saturday: Every 1–2 hours</li><li>Sunday: No service</li></ul>
]]>
    </description>
    <styleUrl>#bus</styleUrl>
    <Point>
      <coordinates>-120.82338599693416,38.72720112928001,0</coordinates>
    </Point>
  </Placemark>

  <Placemark>
    <name>El Dorado Trail: Main St</name>
    <description>
<![CDATA[
<h4>Stop: Main St. at Spring St.</h4>
<b>6 min walk</b><br>
Served by El Dorado Transit 20, El Dorado Transit 25
<ul><li>Weekday: Every 1–2 hours</li><li>Saturday: 8 trips a day</li><li>Sunday: No service</li></ul>
]]>
    </description>
    <styleUrl>#bus</styleUrl>
    <Point>
      <coordinates>-120.81138122086152,38.72854680392734,0</coordinates>
    </Point>
  </Placemark>

  <Placemark>
    <name>El Dorado Trail: Missouri Flat Rd</name>
    <description>
<![CDATA[
<h4>Stop: Missouri Flat Transfer Center</h4>
<b>9 min walk</b><br>
Served by El Dorado Transit 25, El Dorado Transit 30, El Dorado Transit 35, El Dorado Transit 50x
<ul><li>Weekday: Every 20–30 minutes</li><li>Saturday: Every 30–45 minutes</li><li>Sunday: No service</li></ul>
]]>
    </description>
    <styleUrl>#bus</styleUrl>
    <Point>
      <coordinates>-120.82368402086415,38.70321914692174,0</coordinates>
    </Point>
  </Placemark>

  <Placemark>
    <name>El Dorado Trail: Mosquito Rd</name>
    <description>
<![CDATA[
<h4>Stop: Placerville Station Transfer Center</h4>
<b>1 min walk</b><br>
Served by El Dorado Transit 20, El Dorado Transit 25, El Dorado Transit 50x, El Dorado Transit 60, El Dorado Transit Sac/SLT Connecting Bus
<ul><li>Weekday: Frequent service</li><li>Saturday: About hourly</li><li>Sunday: 2 trips a day</li></ul>
]]>
    </description>
    <styleUrl>#bus</styleUrl>
    <Point>
      <coordinates>-120.7888975766776,38.73310634717377,0</coordinates>
    </Point>
  </Placemark>

  <Placemark>
    <name>El Moro Elfin Forest</name>
    <description>
<![CDATA[
<h4>Stop: Santa Ysabel &amp; 15th</h4>
<b>3 min walk</b><br>
Served by SLORTA 12N, SLORTA 12S
<ul><li>Weekday: Every 30–45 minutes</li><li>Saturday: About hourly</li><li>Sunday: Every 1–2 hours</li></ul>
]]>
    </description>
    <styleUrl>#bus</styleUrl>
    <Point>
      <coordinates>-120.82665448893698,35.3318404340188,0</coordinates>
    </Point>
  </Placemark>

  <Placemark>
    <name>Empire Mine State Historic Park: Hardrock Trail</name>
    <description>
<![CDATA[
<h4>Stop: S Auburn St at Stacey Ln</h4>
<b>8 min walk</b><br>
Served by Nevada County Connects 3
<ul><li>Weekday: Every 1–2 hours</li><li>Saturday: 9 trips a day</li><li>Sunday: No service</li></ul>
]]>
    </description>
    <styleUrl>#bus</styleUrl>
    <Point>
      <coordinates>-121.05737715309587,39.209389976977505,0</coordinates>
    </Point>
  </Placemark>

  <Placemark>
    <name>Empire Mine State Historic Park: Race St</name>
    <description>
<![CDATA[
<h4>Stop: Colfax Ave at Ophir St, Bottle Shop</h4>
<b>6 min walk</b><br>
Served by Nevada County Connects 3
<ul><li>Weekday: Every 1–2 hours</li><li>Saturday: 9 trips a day</li><li>Sunday: No service</li></ul>
]]>
    </description>
    <styleUrl>#bus</styleUrl>
    <Point>
      <coordinates>-121.0546944686182,39.213042951999654,0</coordinates>
    </Point>
  </Placemark>

  <Placemark>
    <name>Empire Mine State Historic Park: Stacey Lane Gate</name>
    <description>
<![CDATA[
<h4>Stop: S Auburn St at Stacey Ln</h4>
<b>3 min walk</b><br>
Served by Nevada County Connects 3
<ul><li>Weekday: Every 1–2 hours</li><li>Saturday: 9 trips a day</li><li>Sunday: No service</li></ul>
]]>
    </description>
    <styleUrl>#bus</styleUrl>
    <Point>
      <coordinates>-121.0602944393479,39.207353147139656,0</coordinates>
    </Point>
  </Placemark>

  <Placemark>
    <name>Estero Bluffs State Park</name>
    <description>
<![CDATA[
<h4>Stop: Ocean &amp; Cayucos</h4>
<b>12 min walk</b><br>
Served by SLORTA 15S
<ul><li>Weekday: 6 trips a day</li><li>Saturday: 5 trips a day</li><li>Sunday: 3 trips a day</li></ul>
]]>
    </description>
    <styleUrl>#bus</styleUrl>
    <Point>
      <coordinates>-120.91640829606293,35.44965970263413,0</coordinates>
    </Point>
  </Placemark>

  <Placemark>
    <name>Fiscalini Ranch Preserve: Santa Rosa Creek Trailhead</name>
    <description>
<![CDATA[
<h4>Stop: Main &amp; Bluebird Inn</h4>
<b>1 min walk</b><br>
Served by SLORTA 15N
<ul><li>Weekday: 5 trips a day</li><li>Saturday: 5 trips a day</li><li>Sunday: 3 trips a day</li></ul>
]]>
    </description>
    <styleUrl>#bus</styleUrl>
    <Point>
      <coordinates>-121.08640234965746,35.563107733609485,0</coordinates>
    </Point>
  </Placemark>

  <Placemark>
    <name>Fiscalini Ranch Preserve: Santa Rosa Creek Trailhead</name>
    <description>
<![CDATA[
<h4>Stop: Moonstone Beach &amp; Windsor</h4>
<b>2 min walk</b><br>
Served by SLORTA 15N, SLORTA 15S
<ul><li>Weekday: Every 1–2 hours</li><li>Saturday: Every 1–2 hours</li><li>Sunday: 6 trips a day</li></ul>
]]>
    </description>
    <styleUrl>#bus</styleUrl>
    <Point>
      <coordinates>-121.10408410904654,35.567763651811234,0</coordinates>
    </Point>
  </Placemark>

  <Placemark>
    <name>Fiscalini Ranch Preserve: Trenton Trail</name>
    <description>
<![CDATA[
<h4>Stop: Burton &amp; Ardath</h4>
<b>13 min walk</b><br>
Served by SLORTA 15S
<ul><li>Weekday: 6 trips a day</li><li>Saturday: 5 trips a day</li><li>Sunday: 3 trips a day</li></ul>
]]>
    </description>
    <styleUrl>#bus</styleUrl>
    <Point>
      <coordinates>-121.08771023706272,35.55247228675584,0</coordinates>
    </Point>
  </Placemark>

  <Placemark>
    <name>Fitzgerald Marine Reserve: Bluff Trail</name>
    <description>
<![CDATA[
<h4>Stop: Etheldore St &amp; California Ave</h4>
<b>8 min walk</b><br>
Served by SamTrans 117
<ul><li>7 days a week: Every 30–45 minutes</li></ul>
]]>
    </description>
    <styleUrl>#bus</styleUrl>
    <Point>
      <coordinates>-122.5157658,37.5235249,0</coordinates>
    </Point>
  </Placemark>

  <Placemark>
    <name>Folsom Lake State Recreation Area: Black Miners Bar</name>
    <description>
<![CDATA[
<h4>Stop: Historic Folsom Station (WB)</h4>
<b>15 min walk</b><br>
Served by SacRT Gold
<ul><li>Weekday: Every 20–30 minutes</li><li>Saturday: Every 30–45 minutes</li><li>Sunday: About hourly</li></ul>
]]>
    </description>
    <styleUrl>#bus</styleUrl>
    <Point>
      <coordinates>-121.17683463994332,38.682859875001604,0</coordinates>
    </Point>
  </Placemark>

  <Placemark>
    <name>Folsom Lake State Recreation Area: Black Miners Bar Left Bank</name>
    <description>
<![CDATA[
<h4>Stop: Historic Folsom Station (WB)</h4>
<b>3 min walk</b><br>
Served by SacRT Gold
<ul><li>Weekday: Every 20–30 minutes</li><li>Saturday: Every 30–45 minutes</li><li>Sunday: About hourly</li></ul>
]]>
    </description>
    <styleUrl>#bus</styleUrl>
    <Point>
      <coordinates>-121.1812680925784,38.67770237283002,0</coordinates>
    </Point>
  </Placemark>

  <Placemark>
    <name>Folsom Lake State Recreation Area: Willow Creek</name>
    <description>
<![CDATA[
<h4>Stop: Iron Point Light Rail</h4>
<b>1 min walk</b><br>
Served by El Dorado Transit 50x
<ul><li>Weekday: About hourly</li><li>Weekend: No service</li></ul>
<h4>Stop: Iron Point Station (WB)</h4>
<b>1 min walk</b><br>
Served by SacRT Gold
<ul><li>Weekday: Every 20–30 minutes</li><li>Saturday: Every 30–45 minutes</li><li>Sunday: About hourly</li></ul>
]]>
    </description>
    <styleUrl>#bus</styleUrl>
    <Point>
      <coordinates>-121.19111331216327,38.64453673693695,0</coordinates>
    </Point>
  </Placemark>

  <Placemark>
    <name>Foothill Regional Park</name>
    <description>
<![CDATA[
<h4>Stop: Foothill Regional Park</h4>
<b>0 min walk</b><br>
Served by SCT 66
<ul><li>Weekday: Every 1–2 hours</li><li>Saturday: Every 1–2 hours</li><li>Sunday: No service</li></ul>
]]>
    </description>
    <styleUrl>#bus</styleUrl>
    <Point>
      <coordinates>-122.7978753,38.5610001,0</coordinates>
    </Point>
  </Placemark>

  <Placemark>
    <name>Forest of Nisene Marks State Park: Aptos Rancho Trail</name>
    <description>
<![CDATA[
<h4>Stop: Soquel Dr (Rancho Del Mar Center)</h4>
<b>4 min walk</b><br>
Served by Santa Cruz METRO 2, Santa Cruz METRO 2N, Santa Cruz METRO 73
<ul><li>Weekday: Frequent service</li><li>Weekend: Every 20–30 minutes</li></ul>
]]>
    </description>
    <styleUrl>#bus</styleUrl>
    <Point>
      <coordinates>-121.90615889437981,36.98049306885741,0</coordinates>
    </Point>
  </Placemark>

  <Placemark>
    <name>Fort Ord Dunes State Park: 8th St</name>
    <description>
<![CDATA[
<h4>Stop: 9th Street / University Village</h4>
<b>9 min walk</b><br>
Served by 18, 61
<ul><li>7 days a week: Frequent service</li></ul>
]]>
    </description>
    <styleUrl>#bus</styleUrl>
    <Point>
      <coordinates>-121.81748016822756,36.66130778957483,0</coordinates>
    </Point>
  </Placemark>

  <Placemark>
    <name>Fort Ord Dunes State Park: Beach Range Rd</name>
    <description>
<![CDATA[
<h4>Stop: Del Monte Blvd /  Reindollar Ave</h4>
<b>5 min walk</b><br>
Served by 17, 18, 20, 61
<ul><li>7 days a week: Frequent service</li></ul>
]]>
    </description>
    <styleUrl>#bus</styleUrl>
    <Point>
      <coordinates>-121.80800981799571,36.67889458262941,0</coordinates>
    </Point>
  </Placemark>

  <Placemark>
    <name>Fort Ord Dunes State Park: California Ave</name>
    <description>
<![CDATA[
<h4>Stop: Playa / Sand City Station</h4>
<b>10 min walk</b><br>
Served by 17, 18, 20, 901, 902, 94
<ul><li>7 days a week: Frequent service</li></ul>
]]>
    </description>
    <styleUrl>#bus</styleUrl>
    <Point>
      <coordinates>-121.84170920396731,36.62506506815887,0</coordinates>
    </Point>
  </Placemark>

  <Placemark>
    <name>Fort Ord National Monument: Barloy Canyon Rd</name>
    <description>
<![CDATA[
<h4>Stop: Sherman Blvd / Ord Ave</h4>
<b>8 min walk</b><br>
Served by 61
<ul><li>7 days a week: Frequent service</li></ul>
]]>
    </description>
    <styleUrl>#bus</styleUrl>
    <Point>
      <coordinates>-121.73196131769505,36.64982939896941,0</coordinates>
    </Point>
  </Placemark>

  <Placemark>
    <name>French Ranch Preserve</name>
    <description>
<![CDATA[
<h4>Stop: Sir Francis Drake Blvd &amp; Lagunitas School Rd</h4>
<b>2 min walk</b><br>
Served by Marin Transit 68
<ul><li>Weekday: About hourly</li><li>Weekend: Every 1–2 hours</li></ul>
]]>
    </description>
    <styleUrl>#bus</styleUrl>
    <Point>
      <coordinates>-122.6783463,38.0169408,0</coordinates>
    </Point>
  </Placemark>

  <Placemark>
    <name>Garin Regional Park: CSU East Bay / Harder Rd</name>
    <description>
<![CDATA[
<h4>Stop: East Loop Rd &amp; CSU East Bay Recreation &amp; Wellness</h4>
<b>5 min walk</b><br>
Served by AC Transit 60
<ul><li>Weekday: Every 30–45 minutes</li><li>Weekend: About hourly</li></ul>
]]>
    </description>
    <styleUrl>#bus</styleUrl>
    <Point>
      <coordinates>-122.0505775,37.6512947,0</coordinates>
    </Point>
  </Placemark>

  <Placemark>
    <name>Garland Ranch Regional Park: Garzas Rd</name>
    <description>
<![CDATA[
<h4>Stop: Carmel Valley Rd / Rippling River CTR</h4>
<b>15 min walk</b><br>
Served by 24
<ul><li>7 days a week: Frequent service</li></ul>
<h4>Stop: Carmel Valley Rd / Boronda Rd (East)</h4>
<b>15 min walk</b><br>
Served by 24
<ul><li>7 days a week: Frequent service</li></ul>
]]>
    </description>
    <styleUrl>#bus</styleUrl>
    <Point>
      <coordinates>-121.74970423488267,36.48865036040789,0</coordinates>
    </Point>
  </Placemark>

  <Placemark>
    <name>Garland Ranch Regional Park: Visitor Center</name>
    <description>
<![CDATA[
<h4>Stop: Carmel Valley Rd /  Garland Ranch Park</h4>
<b>0 min walk</b><br>
Served by 24
<ul><li>7 days a week: Frequent service</li></ul>
]]>
    </description>
    <styleUrl>#bus</styleUrl>
    <Point>
      <coordinates>-121.76665649400361,36.5097690777855,0</coordinates>
    </Point>
  </Placemark>

  <Placemark>
    <name>Gary Giacomini Preserve: Candelero Trail</name>
    <description>
<![CDATA[
<h4>Stop: Castro St &amp; Montezuma Rd</h4>
<b>12 min walk</b><br>
Served by Marin Transit 68
<ul><li>Weekday: 8 trips a day</li><li>Weekend: 7 trips a day</li></ul>
]]>
    </description>
    <styleUrl>#bus</styleUrl>
    <Point>
      <coordinates>-122.682675,38.0128694,0</coordinates>
    </Point>
  </Placemark>

  <Placemark>
    <name>Glass Beach</name>
    <description>
<![CDATA[
<h4>Stop: Denny&#x27;s</h4>
<b>7 min walk</b><br>
Served by MTA 5, MTA 65
<ul><li>Weekday: About hourly</li><li>Saturday: 5 trips a day</li><li>Sunday: 2 trips a day</li></ul>
]]>
    </description>
    <styleUrl>#bus</styleUrl>
    <Point>
      <coordinates>-123.8134991,39.4526063,0</coordinates>
    </Point>
  </Placemark>

  <Placemark>
    <name>Glen Cove Waterfront Park: Shoal Dr West</name>
    <description>
<![CDATA[
<h4>Stop: Glen Cove Pkwy &amp; S Regatta Dr</h4>
<b>6 min walk</b><br>
Served by SolTrans 38, SolTrans 8
<ul><li>Weekday: Every 30–45 minutes</li><li>Saturday: About hourly</li><li>Sunday: No service</li></ul>
<h4>Stop: Fulton Ave &amp; Old Glen Cove Rd</h4>
<b>28 min walk</b><br>
Served by SolTrans 3, SolTrans 38
<ul><li>Weekday: Frequent service</li><li>Saturday: Frequent service</li><li>Sunday: No service</li></ul>
]]>
    </description>
    <styleUrl>#bus</styleUrl>
    <Point>
      <coordinates>-122.2076656,38.068684,0</coordinates>
    </Point>
  </Placemark>

  <Placemark>
    <name>Glenwood Open Space Preserve: Shugart Park Entrance</name>
    <description>
<![CDATA[
<h4>Stop: Scotts Valley Dr &amp; Granite Creek Rd</h4>
<b>14 min walk</b><br>
Served by Santa Cruz METRO 17, Santa Cruz METRO 34, Santa Cruz METRO 35
<ul><li>Weekday: Frequent service</li><li>Weekend: Every 20–30 minutes</li></ul>
]]>
    </description>
    <styleUrl>#bus</styleUrl>
    <Point>
      <coordinates>-122.00505808065036,37.069777302822665,0</coordinates>
    </Point>
  </Placemark>

  <Placemark>
    <name>Gray Whale Cove State Beach</name>
    <description>
<![CDATA[
<h4>Stop: Devil&#x27;s Slide Tunnel Stop</h4>
<b>11 min walk</b><br>
Served by SamTrans 117
<ul><li>7 days a week: Every 30–45 minutes</li></ul>
]]>
    </description>
    <styleUrl>#bus</styleUrl>
    <Point>
      <coordinates>-122.5139689,37.5645993,0</coordinates>
    </Point>
  </Placemark>

  <Placemark>
    <name>Guadalupe Oak Grove Park</name>
    <description>
<![CDATA[
<h4>Stop: Meridian &amp; Oakglen</h4>
<b>5 min walk</b><br>
Served by VTA 64B
<ul><li>Weekday: Every 20–30 minutes</li><li>Weekend: About hourly</li></ul>
]]>
    </description>
    <styleUrl>#bus</styleUrl>
    <Point>
      <coordinates>-121.8790983,37.2329776,0</coordinates>
    </Point>
  </Placemark>

  <Placemark>
    <name>Half Moon Bay State Beach: Francis Beach</name>
    <description>
<![CDATA[
<h4>Stop: Kelly Ave &amp; Church St</h4>
<b>15 min walk</b><br>
Served by SamTrans 117
<ul><li>Weekday: About hourly</li><li>Weekend: Every 1–2 hours</li></ul>
]]>
    </description>
    <styleUrl>#bus</styleUrl>
    <Point>
      <coordinates>-122.4444164,37.4651171,0</coordinates>
    </Point>
  </Placemark>

  <Placemark>
    <name>Hamilton Wetlands</name>
    <description>
<![CDATA[
<h4>Stop: SMART Novato Hamilton</h4>
<b>17 min walk</b><br>
Served by SMART
<ul><li>Weekday: Every 30–45 minutes</li><li>Weekend: About hourly</li></ul>
<h4>Stop: Hamilton Theatre Parking Lot</h4>
<b>15 min walk</b><br>
Served by Marin Transit 49, Marin Transit 57
<ul><li>7 days a week: Every 20–30 minutes</li></ul>
]]>
    </description>
    <styleUrl>#bus</styleUrl>
    <Point>
      <coordinates>-122.5110998,38.0512664,0</coordinates>
    </Point>
  </Placemark>

  <Placemark>
    <name>Hartoonian Trails: Lodi Ave</name>
    <description>
<![CDATA[
<h4>Stop: US 50/Lodi Ave</h4>
<b>5 min walk</b><br>
Served by TTD 50, TTD 55
<ul><li>7 days a week: Every 30–45 minutes</li></ul>
]]>
    </description>
    <styleUrl>#bus</styleUrl>
    <Point>
      <coordinates>-119.9865518,38.9214922,0</coordinates>
    </Point>
  </Placemark>

  <Placemark>
    <name>Hayward Regional Shoreline: Eden Landing</name>
    <description>
<![CDATA[
<h4>Stop: Eden Landing Rd + Investment B</h4>
<b>2 min walk</b><br>
Served by AC Transit 86
<ul><li>7 days a week: Every 30–45 minutes</li></ul>
]]>
    </description>
    <styleUrl>#bus</styleUrl>
    <Point>
      <coordinates>-122.1228866,37.6217553,0</coordinates>
    </Point>
  </Placemark>

  <Placemark>
    <name>Hayward Regional Shoreline: Hayward&#x27;s Landing</name>
    <description>
<![CDATA[
<h4>Stop: Cabot Blvd &amp; W Winton Av</h4>
<b>14 min walk</b><br>
Served by AC Transit 86
<ul><li>7 days a week: Every 30–45 minutes</li></ul>
]]>
    </description>
    <styleUrl>#bus</styleUrl>
    <Point>
      <coordinates>-122.1451005,37.6474232,0</coordinates>
    </Point>
  </Placemark>

  <Placemark>
    <name>Hearst San Simeon State Park: Moonstone Boardwalk</name>
    <description>
<![CDATA[
<h4>Stop: Moonstone &amp; Fireside Inn</h4>
<b>4 min walk</b><br>
Served by SLORTA 15N
<ul><li>Weekday: 5 trips a day</li><li>Saturday: 5 trips a day</li><li>Sunday: 3 trips a day</li></ul>
]]>
    </description>
    <styleUrl>#bus</styleUrl>
    <Point>
      <coordinates>-121.11812100235075,35.580592913772165,0</coordinates>
    </Point>
  </Placemark>

  <Placemark>
    <name>Hearst San Simeon State Park: Moonstone Boardwalk</name>
    <description>
<![CDATA[
<h4>Stop: Moonstone Beach &amp; Windsor</h4>
<b>1 min walk</b><br>
Served by SLORTA 15N, SLORTA 15S
<ul><li>Weekday: Every 1–2 hours</li><li>Saturday: Every 1–2 hours</li><li>Sunday: 6 trips a day</li></ul>
]]>
    </description>
    <styleUrl>#bus</styleUrl>
    <Point>
      <coordinates>-121.10578489483188,35.56906639341629,0</coordinates>
    </Point>
  </Placemark>

  <Placemark>
    <name>Hearst San Simeon State Park: Vista del Mar</name>
    <description>
<![CDATA[
<h4>Stop: Hearst &amp; San Simeon</h4>
<b>7 min walk</b><br>
Served by SLORTA 15S
<ul><li>Weekday: 6 trips a day</li><li>Saturday: 5 trips a day</li><li>Sunday: 3 trips a day</li></ul>
]]>
    </description>
    <styleUrl>#bus</styleUrl>
    <Point>
      <coordinates>-121.14390384936735,35.609495363480264,0</coordinates>
    </Point>
  </Placemark>

  <Placemark>
    <name>Henry Cowell Redwoods State Park: Bennett Creek Trail</name>
    <description>
<![CDATA[
<h4>Stop: Graham Hill Rd &amp; Hwy 9 (Covered Bridge)</h4>
<b>15 min walk</b><br>
Served by Santa Cruz METRO 35, Santa Cruz METRO 35X
<ul><li>Weekday: Every 20–30 minutes</li><li>Weekend: Every 30–45 minutes</li></ul>
]]>
    </description>
    <styleUrl>#bus</styleUrl>
    <Point>
      <coordinates>-122.08317879762363,37.049716035035985,0</coordinates>
    </Point>
  </Placemark>

  <Placemark>
    <name>Henry Cowell Redwoods State Park: Fall Creek Fire Rd</name>
    <description>
<![CDATA[
<h4>Stop: Hwy 9 (Viking Cottages)</h4>
<b>12 min walk</b><br>
Served by Santa Cruz METRO 35, Santa Cruz METRO 35X
<ul><li>Weekday: Every 20–30 minutes</li><li>Weekend: Every 30–45 minutes</li></ul>
]]>
    </description>
    <styleUrl>#bus</styleUrl>
    <Point>
      <coordinates>-122.08058070881049,37.05314022748975,0</coordinates>
    </Point>
  </Placemark>

  <Placemark>
    <name>Henry Cowell Redwoods State Park: Pine Flat Trail</name>
    <description>
<![CDATA[
<h4>Stop: Pine Flat Rd &amp; Empire Grade</h4>
<b>2 min walk</b><br>
Served by Santa Cruz METRO 41
<ul><li>Weekday: About hourly</li><li>Weekend: 8 trips a day</li></ul>
]]>
    </description>
    <styleUrl>#bus</styleUrl>
    <Point>
      <coordinates>-122.13358900538667,37.07917108199293,0</coordinates>
    </Point>
  </Placemark>

  <Placemark>
    <name>Henry Cowell Redwoods State Park: Sunlit Trail</name>
    <description>
<![CDATA[
<h4>Stop: Empire Grade &amp; Sunlit Ln</h4>
<b>0 min walk</b><br>
Served by Santa Cruz METRO 41
<ul><li>Weekday: About hourly</li><li>Weekend: 8 trips a day</li></ul>
]]>
    </description>
    <styleUrl>#bus</styleUrl>
    <Point>
      <coordinates>-122.12337966703865,37.06856636509324,0</coordinates>
    </Point>
  </Placemark>

  <Placemark>
    <name>Henry Cowell Redwoods State Park: Zayante Trail</name>
    <description>
<![CDATA[
<h4>Stop: Graham Hill Rd &amp; Hwy 9 (Covered Bridge)</h4>
<b>12 min walk</b><br>
Served by Santa Cruz METRO 35, Santa Cruz METRO 35X
<ul><li>Weekday: Every 20–30 minutes</li><li>Weekend: Every 30–45 minutes</li></ul>
]]>
    </description>
    <styleUrl>#bus</styleUrl>
    <Point>
      <coordinates>-122.0645364727388,37.0481206394478,0</coordinates>
    </Point>
  </Placemark>

  <Placemark>
    <name>Hillside Natural Area: Forest Brown Trail</name>
    <description>
<![CDATA[
<h4>Stop: San Pablo Av &amp; Schmidt Ln</h4>
<b>14 min walk</b><br>
Served by AC Transit 72, AC Transit 72M
<ul><li>7 days a week: Frequent service</li></ul>
]]>
    </description>
    <styleUrl>#bus</styleUrl>
    <Point>
      <coordinates>-122.30067651453126,37.91850427173847,0</coordinates>
    </Point>
  </Placemark>

  <Placemark>
    <name>Hillside Natural Area: Madera to Ridge Trail</name>
    <description>
<![CDATA[
<h4>Stop: Arlington Blvd &amp; Madera Dr</h4>
<b>4 min walk</b><br>
Served by AC Transit 7
<ul><li>7 days a week: Every 30–45 minutes</li></ul>
]]>
    </description>
    <styleUrl>#bus</styleUrl>
    <Point>
      <coordinates>-122.29999554994649,37.927464995876946,0</coordinates>
    </Point>
  </Placemark>

  <Placemark>
    <name>Hillside Natural Area: Motorcycle Hill Trail</name>
    <description>
<![CDATA[
<h4>Stop: El Cerrito del Norte BART Station</h4>
<b>14 min walk</b><br>
Served by GGT 580, GGT 580X
<ul><li>Weekday: Frequent service</li><li>Weekend: Every 20–30 minutes</li></ul>
]]>
    </description>
    <styleUrl>#bus</styleUrl>
    <Point>
      <coordinates>-122.30779914671817,37.925136727734866,0</coordinates>
    </Point>
  </Placemark>

  <Placemark>
    <name>Hirschman Trail</name>
    <description>
<![CDATA[
<h4>Stop: Maidu Ave at Eric Rood Government Center</h4>
<b>4 min walk</b><br>
Served by Nevada County Connects 1, Nevada County Connects 7
<ul><li>Weekday: Every 20–30 minutes</li><li>Saturday: About hourly</li><li>Sunday: No service</li></ul>
]]>
    </description>
    <styleUrl>#bus</styleUrl>
    <Point>
      <coordinates>-121.02936855425177,39.26864834147997,0</coordinates>
    </Point>
  </Placemark>

  <Placemark>
    <name>Horse Hill Preserve</name>
    <description>
<![CDATA[
<h4>Stop: E Blithedale Ave &amp; Tower Dr</h4>
<b>12 min walk</b><br>
Served by Marin Transit 17
<ul><li>Weekday: Every 30–45 minutes</li><li>Weekend: Every 1–2 hours</li></ul>
]]>
    </description>
    <styleUrl>#bus</styleUrl>
    <Point>
      <coordinates>-122.5162286,37.9080894,0</coordinates>
    </Point>
  </Placemark>

  <Placemark>
    <name>Howarth Park: Montgomery Dr</name>
    <description>
<![CDATA[
<h4>Stop: Montgomery Dr &amp; Summerfield Dr</h4>
<b>2 min walk</b><br>
Served by SCT 30, SCT 30X, SCT 34
<ul><li>Weekday: About hourly</li><li>Weekend: Every 1–2 hours</li></ul>
]]>
    </description>
    <styleUrl>#bus</styleUrl>
    <Point>
      <coordinates>-122.6710018,38.4538413,0</coordinates>
    </Point>
  </Placemark>

  <Placemark>
    <name>Howarth Park: Sonoma Ave</name>
    <description>
<![CDATA[
<h4>Stop: Sonoma Ave at Summerfield Rd</h4>
<b>0 min walk</b><br>
Served by SR 8
<ul><li>Weekday: About hourly</li><li>Saturday: Every 1–2 hours</li><li>Sunday: 7 trips a day</li></ul>
]]>
    </description>
    <styleUrl>#bus</styleUrl>
    <Point>
      <coordinates>-122.6683869,38.4498337,0</coordinates>
    </Point>
  </Placemark>

  <Placemark>
    <name>Huckleberry Hill Nature Preserve: Hwy 68 Access Gate</name>
    <description>
<![CDATA[
<h4>Stop: Forest /  Syida</h4>
<b>12 min walk</b><br>
Served by 1, 2
<ul><li>7 days a week: Frequent service</li></ul>
]]>
    </description>
    <styleUrl>#bus</styleUrl>
    <Point>
      <coordinates>-121.92281273367166,36.59687109240769,0</coordinates>
    </Point>
  </Placemark>

  <Placemark>
    <name>Humboldt Redwoods State Park: Burlington-Weott Trail</name>
    <description>
<![CDATA[
<h4>Stop: Weott Off Ramp - SB Stop</h4>
<b>5 min walk</b><br>
Served by HTA SHI
<ul><li>Weekday: 6 trips a day</li><li>Saturday: 2 trips a day</li><li>Sunday: No service</li></ul>
]]>
    </description>
    <styleUrl>#bus</styleUrl>
    <Point>
      <coordinates>-123.9256417,40.3222144,0</coordinates>
    </Point>
  </Placemark>

  <Placemark>
    <name>Humboldt Redwoods State Park: Founders Grove</name>
    <description>
<![CDATA[
<h4>Stop: DROP OFF ONLY - Founders Grove</h4>
<b>0 min walk</b><br>
Served by HTA SHI
<ul><li>Weekday: Every 1–2 hours</li><li>Saturday: 5 trips a day</li><li>Sunday: No service</li></ul>
]]>
    </description>
    <styleUrl>#bus</styleUrl>
    <Point>
      <coordinates>-123.9239981,40.3524839,0</coordinates>
    </Point>
  </Placemark>

  <Placemark>
    <name>Humboldt Redwoods State Park: Franklin K. Lane Grove</name>
    <description>
<![CDATA[
<h4>Stop: Ave of Giants - NB Stop (Phillipsville Fire Department)</h4>
<b>5 min walk</b><br>
Served by HTA SHI
<ul><li>Weekday: 8 trips a day</li><li>Saturday: 3 trips a day</li><li>Sunday: No service</li></ul>
]]>
    </description>
    <styleUrl>#bus</styleUrl>
    <Point>
      <coordinates>-123.7860828,40.2150022,0</coordinates>
    </Point>
  </Placemark>

  <Placemark>
    <name>Humboldt Redwoods State Park: Stephens Grove Loop Trail / access to Dry Creek Trail</name>
    <description>
<![CDATA[
<h4>Stop: Ave of Giants &amp; School Rd - Miranda NB Stop (Sips Coffee)</h4>
<b>2 min walk</b><br>
Served by HTA SHI
<ul><li>Weekday: 8 trips a day</li><li>Saturday: 3 trips a day</li><li>Sunday: No service</li></ul>
]]>
    </description>
    <styleUrl>#bus</styleUrl>
    <Point>
      <coordinates>-123.8241481,40.2378811,0</coordinates>
    </Point>
  </Placemark>

  <Placemark>
    <name>Humboldt-Toiyabe National Forest: Daggett Pass</name>
    <description>
<![CDATA[
<h4>Stop: Tramway Dr/SR 207</h4>
<b>0 min walk</b><br>
Served by TTD 22
<ul><li>7 days a week: 9 trips a day</li></ul>
]]>
    </description>
    <styleUrl>#bus</styleUrl>
    <Point>
      <coordinates>-119.8888331,38.9765194,0</coordinates>
    </Point>
  </Placemark>

  <Placemark>
    <name>Independence</name>
    <description>
<![CDATA[
A hub for Eastern Sierra recreation. Private shuttle services to trailheads can be found on <a href="https://climber.org/data/shuttles.html">Climber.org.</a>
<br>
<h4>Stop: Independence - Court House, 168 N. Edwards Street</h4>
Served by Eastern Sierra 395 Route North, Eastern Sierra 395 Route South, Eastern Sierra LPX
<ul><li>Weekday: 4 trips a day</li><li>Weekend: 2 trips a day</li></ul>
]]>
    </description>
    <styleUrl>#bus</styleUrl>
    <Point>
      <coordinates>-118.19959,36.80221,0</coordinates>
    </Point>
  </Placemark>

  <Placemark>
    <name>Inyo National Forest: June Lake Junction</name>
    <description>
<![CDATA[
<h4>Stop: June Lake Junction 158/395</h4>
Served by YARTS Mammoth Lakes HWY 120E/395 (SEASONAL SERVICE)
<ul><li>7 days a week: 4 trips a day</li></ul>
]]>
    </description>
    <styleUrl>#bus</styleUrl>
    <Point>
      <coordinates>-119.05435,37.81223,0</coordinates>
    </Point>
  </Placemark>

  <Placemark>
    <name>Inyo National Forest: Mono Basin Visitor Center</name>
    <description>
<![CDATA[
<h4>Stop: Mono Basin Visitor Center</h4>
<b>0 min walk</b><br>
Served by YARTS Mammoth Lakes HWY 120E/395 (SEASONAL SERVICE)
<ul><li>7 days a week: 4 trips a day</li></ul>
]]>
    </description>
    <styleUrl>#bus</styleUrl>
    <Point>
      <coordinates>-119.12105,37.96565,0</coordinates>
    </Point>
  </Placemark>

  <Placemark>
    <name>Irish Hills Natural Reserve: Isabella Way</name>
    <description>
<![CDATA[
<h4>Stop: Prefumo Canyon at Del Rio</h4>
<b>11 min walk</b><br>
Served by 10866883, 10866895
<ul><li>Weekday: About hourly</li><li>Weekend: Every 1–2 hours</li></ul>
]]>
    </description>
    <styleUrl>#bus</styleUrl>
    <Point>
      <coordinates>-120.70852143991777,35.26132585375708,0</coordinates>
    </Point>
  </Placemark>

  <Placemark>
    <name>Jack London State Historic Park / Sonoma Valley Regional Park: Carolyn Day Trail</name>
    <description>
<![CDATA[
<h4>Stop: Arnold Dr</h4>
<b>2 min walk</b><br>
Served by SCT 30
<ul><li>7 days a week: Every 1–2 hours</li></ul>
]]>
    </description>
    <styleUrl>#bus</styleUrl>
    <Point>
      <coordinates>-122.5232703,38.3529327,0</coordinates>
    </Point>
  </Placemark>

  <Placemark>
    <name>Jenner Headlands Preserve</name>
    <description>
<![CDATA[
<h4>Stop: Jenner</h4>
<b>8 min walk</b><br>
Served by MTA 95
<ul><li>7 days a week: 2 trips a day</li></ul>
]]>
    </description>
    <styleUrl>#bus</styleUrl>
    <Point>
      <coordinates>-123.1185431,38.4527888,0</coordinates>
    </Point>
  </Placemark>

  <Placemark>
    <name>Joaquin Miller Park / Roberts Regional Recreation Area: Main Entrance</name>
    <description>
<![CDATA[
<h4>Stop: Skyline Blvd + Roberts Park</h4>
<b>0 min walk</b><br>
Served by AC Transit 31
<ul><li>Weekday: Every 1–2 hours</li><li>Weekend: Every 30–45 minutes</li></ul>
]]>
    </description>
    <styleUrl>#bus</styleUrl>
    <Point>
      <coordinates>-122.1756987,37.8125,0</coordinates>
    </Point>
  </Placemark>

  <Placemark>
    <name>Joaquin Miller Park: Bishops Walk</name>
    <description>
<![CDATA[
<h4>Stop: Joaquin Miller Rd &amp; Sanborn Dr (West Jctn)</h4>
<b>0 min walk</b><br>
Served by AC Transit 31
<ul><li>7 days a week: Every 30–45 minutes</li></ul>
]]>
    </description>
    <styleUrl>#bus</styleUrl>
    <Point>
      <coordinates>-122.1934178,37.8105948,0</coordinates>
    </Point>
  </Placemark>

  <Placemark>
    <name>Joaquin Miller Park: Joaquin Miller Rd &amp; Crockett Pl</name>
    <description>
<![CDATA[
<h4>Stop: Joaquin Miller Rd &amp; Crockett Pl</h4>
<b>0 min walk</b><br>
Served by AC Transit 31
<ul><li>Weekday: Frequent service</li><li>Weekend: Every 20–30 minutes</li></ul>
]]>
    </description>
    <styleUrl>#bus</styleUrl>
    <Point>
      <coordinates>-122.1809577,37.8087476,0</coordinates>
    </Point>
  </Placemark>

  <Placemark>
    <name>Joaquin Miller Park: Palos Colorados Trailhead</name>
    <description>
<![CDATA[
<h4>Stop: Lincoln Av &amp; Monterey Blvd</h4>
<b>12 min walk</b><br>
Served by AC Transit 31
<ul><li>7 days a week: Every 30–45 minutes</li></ul>
<h4>Stop: Mountain Blvd &amp; Snake Rd</h4>
<b>15 min walk</b><br>
Served by AC Transit 18, AC Transit V
<ul><li>7 days a week: Frequent service</li></ul>
]]>
    </description>
    <styleUrl>#bus</styleUrl>
    <Point>
      <coordinates>-122.20149400512142,37.815737426909884,0</coordinates>
    </Point>
  </Placemark>

  <Placemark>
    <name>Joe Rodota Trail</name>
    <description>
<![CDATA[
<h4>Stop: Petaluma Ave &amp; Abbott</h4>
<b>0 min walk</b><br>
Served by SCT 20, SCT 24, SCT 26
<ul><li>Weekday: About hourly</li><li>Saturday: About hourly</li><li>Sunday: 9 trips a day</li></ul>
]]>
    </description>
    <styleUrl>#bus</styleUrl>
    <Point>
      <coordinates>-122.8221029,38.4004459,0</coordinates>
    </Point>
  </Placemark>

  <Placemark>
    <name>Jug Handle State Natural Reserve</name>
    <description>
<![CDATA[
<h4>Stop: Caspar</h4>
<b>12 min walk</b><br>
Served by MTA 60, MTA 65
<ul><li>Weekday: Every 1–2 hours</li><li>Weekend: 3 trips a day</li></ul>
]]>
    </description>
    <styleUrl>#bus</styleUrl>
    <Point>
      <coordinates>-123.8162706,39.3725219,0</coordinates>
    </Point>
  </Placemark>

  <Placemark>
    <name>Kahle Park</name>
    <description>
<![CDATA[
<h4>Stop: SR 207/Market St</h4>
<b>1 min walk</b><br>
Served by TTD 22
<ul><li>7 days a week: 5 trips a day</li></ul>
]]>
    </description>
    <styleUrl>#bus</styleUrl>
    <Point>
      <coordinates>-119.9316213,38.9686454,0</coordinates>
    </Point>
  </Placemark>

  <Placemark>
    <name>Keyesville Special Recreation Management Area</name>
    <description>
<![CDATA[
<h4>Stop: Hwy. 155 at Keysville Rd. (769818)</h4>
<b>0 min walk</b><br>
Served by Kern Transit 220
<ul><li>Weekday: 2 trips a day</li><li>Saturday: 2 trips a day</li><li>Sunday: No service</li></ul>
]]>
    </description>
    <styleUrl>#bus</styleUrl>
    <Point>
      <coordinates>-118.48409693297327,35.641023454476176,0</coordinates>
    </Point>
  </Placemark>

  <Placemark>
    <name>King Mountain Preserve: Citron Fire Road</name>
    <description>
<![CDATA[
<h4>Stop: Magnolia Ave &amp; Skylark Dr</h4>
<b>12 min walk</b><br>
Served by Marin Transit 22
<ul><li>7 days a week: Every 1–2 hours</li></ul>
<h4>Stop: Magnolia Av &amp; Ward St</h4>
<b>8 min walk</b><br>
Served by Marin Transit 22
<ul><li>Weekday: Every 30–45 minutes</li><li>Weekend: About hourly</li></ul>
]]>
    </description>
    <styleUrl>#bus</styleUrl>
    <Point>
      <coordinates>-122.5445774,37.9412542,0</coordinates>
    </Point>
  </Placemark>

  <Placemark>
    <name>Lagoon Valley Park / Peña Adobe Regional Park</name>
    <description>
<![CDATA[
<h4>Stop: Alamo Dr. at Marshall Rd.</h4>
<b>12 min walk</b><br>
Served by City Coach 5
<ul><li>Weekday: About hourly</li><li>Saturday: About hourly</li><li>Sunday: No service</li></ul>
]]>
    </description>
    <styleUrl>#bus</styleUrl>
    <Point>
      <coordinates>-122.0034494,38.3434583,0</coordinates>
    </Point>
  </Placemark>

  <Placemark>
    <name>Laguna de Santa Rosa Trail</name>
    <description>
<![CDATA[
<h4>Stop: Hwy 12 &amp; Morris St</h4>
<b>9 min walk</b><br>
Served by SCT 20
<ul><li>Weekday: Every 1–2 hours</li><li>Weekend: 9 trips a day</li></ul>
]]>
    </description>
    <styleUrl>#bus</styleUrl>
    <Point>
      <coordinates>-122.8117633,38.4060436,0</coordinates>
    </Point>
  </Placemark>

  <Placemark>
    <name>Lake Chabot Regional Park: Crest Ave</name>
    <description>
<![CDATA[
<h4>Stop: Miramar Av &amp; Rolando Av</h4>
<b>14 min walk</b><br>
Served by AC Transit 28
<ul><li>7 days a week: About hourly</li></ul>
]]>
    </description>
    <styleUrl>#bus</styleUrl>
    <Point>
      <coordinates>-122.1061277,37.7098093,0</coordinates>
    </Point>
  </Placemark>

  <Placemark>
    <name>Lake Chabot Regional Park: Proctor Trail</name>
    <description>
<![CDATA[
<h4>Stop: Redwood Rd &amp; Seven Hills Rd</h4>
<b>14 min walk</b><br>
Served by AC Transit 28
<ul><li>7 days a week: About hourly</li></ul>
]]>
    </description>
    <styleUrl>#bus</styleUrl>
    <Point>
      <coordinates>-122.07404395705174,37.71880203801655,0</coordinates>
    </Point>
  </Placemark>

  <Placemark>
    <name>Lake Chabot Regional Park: West Shore Trail</name>
    <description>
<![CDATA[
<h4>Stop: MacArthur Blvd &amp; Estudillo Av</h4>
<b>10 min walk</b><br>
Served by AC Transit 34, AC Transit 35
<ul><li>Weekday: Every 20–30 minutes</li><li>Weekend: Every 30–45 minutes</li></ul>
]]>
    </description>
    <styleUrl>#bus</styleUrl>
    <Point>
      <coordinates>-122.1312949,37.7313952,0</coordinates>
    </Point>
  </Placemark>

  <Placemark>
    <name>Lam Watah Nature Trail to Nevada Beach</name>
    <description>
<![CDATA[
<h4>Stop: Kingsbury Transit Center</h4>
<b>2 min walk</b><br>
Served by TTD 22, TTD 55
<ul><li>7 days a week: Every 30–45 minutes</li></ul>
]]>
    </description>
    <styleUrl>#bus</styleUrl>
    <Point>
      <coordinates>-119.935885,38.9708608,0</coordinates>
    </Point>
  </Placemark>

  <Placemark>
    <name>Las Trampas to Mt Diablo Regional Trail</name>
    <description>
<![CDATA[
<h4>Stop: Danville Blvd and Hemme Ave</h4>
<b>3 min walk</b><br>
Served by CC 21, CC 321
<ul><li>Weekday: Every 30–45 minutes</li><li>Weekend: About hourly</li></ul>
]]>
    </description>
    <styleUrl>#bus</styleUrl>
    <Point>
      <coordinates>-122.0237825,37.8410791,0</coordinates>
    </Point>
  </Placemark>

  <Placemark>
    <name>Las Trampas Wilderness Regional Preserve: Madrone Trailhead</name>
    <description>
<![CDATA[
<h4>Stop: Danville Blvd and Camille Ave</h4>
<b>10 min walk</b><br>
Served by CC 21, CC 321
<ul><li>Weekday: Every 30–45 minutes</li><li>Weekend: About hourly</li></ul>
]]>
    </description>
    <styleUrl>#bus</styleUrl>
    <Point>
      <coordinates>-122.0260879,37.8320622,0</coordinates>
    </Point>
  </Placemark>

  <Placemark>
    <name>Las Trampas Wilderness Regional Preserve: Remington</name>
    <description>
<![CDATA[
<h4>Stop: San Ramon Valley Blvd and Livery-Mercantile</h4>
<b>10 min walk</b><br>
Served by CC 21, CC 321
<ul><li>Weekday: About hourly</li><li>Weekend: Every 1–2 hours</li></ul>
]]>
    </description>
    <styleUrl>#bus</styleUrl>
    <Point>
      <coordinates>-122.0030099,37.8104814,0</coordinates>
    </Point>
  </Placemark>

  <Placemark>
    <name>Las Trampas Wilderness Regional Preserve: Ringtail Cat Staging Area</name>
    <description>
<![CDATA[
<h4>Stop: Danville Blvd and Hemme Ave</h4>
<b>9 min walk</b><br>
Served by CC 21, CC 321
<ul><li>Weekday: Every 30–45 minutes</li><li>Weekend: About hourly</li></ul>
]]>
    </description>
    <styleUrl>#bus</styleUrl>
    <Point>
      <coordinates>-122.0323545,37.8368145,0</coordinates>
    </Point>
  </Placemark>

  <Placemark>
    <name>Lassen National Forest / Pacific Crest Trail: Chester Trailhead</name>
    <description>
<![CDATA[
<h4>Stop: Pacific Crest Trail</h4>
Request stop - call ahead for service
<br>
<b>0 min walk</b><br>
Served by Lassen Rural Bus West County
<ul><li>Weekday: 2 trips a day</li><li>Saturday: 2 trips a day</li><li>Sunday: No service</li></ul>
]]>
    </description>
    <styleUrl>#bus</styleUrl>
    <Point>
      <coordinates>-121.33897618306716,40.26154399909674,0</coordinates>
    </Point>
  </Placemark>

  <Placemark>
    <name>Lassen National Forest: Road 30N05</name>
    <description>
<![CDATA[
<h4>Stop: Coppervale Ski</h4>
<b>6 min walk</b><br>
Served by Lassen Rural Bus West County
<ul><li>Weekday: 5 trips a day</li><li>Saturday: 4 trips a day</li><li>Sunday: No service</li></ul>
]]>
    </description>
    <styleUrl>#bus</styleUrl>
    <Point>
      <coordinates>-120.89976387513025,40.34942403705906,0</coordinates>
    </Point>
  </Placemark>

  <Placemark>
    <name>Lassen National Forest: Road 30N29</name>
    <description>
<![CDATA[
<h4>Stop: Fredonyer Summit</h4>
<b>0 min walk</b><br>
Served by Lassen Rural Bus West County
<ul><li>Weekday: 6 trips a day</li><li>Saturday: 4 trips a day</li><li>Sunday: No service</li></ul>
]]>
    </description>
    <styleUrl>#bus</styleUrl>
    <Point>
      <coordinates>-120.8652375764902,40.36157545299325,0</coordinates>
    </Point>
  </Placemark>

  <Placemark>
    <name>Leona Canyon Open Space Regional Preserve: Merritt College Trailhead</name>
    <description>
<![CDATA[
<h4>Stop: Campus Dr &amp; Merritt College</h4>
<b>11 min walk</b><br>
Served by AC Transit 54
<ul><li>Weekday: Frequent service</li><li>Weekend: Every 20–30 minutes</li></ul>
]]>
    </description>
    <styleUrl>#bus</styleUrl>
    <Point>
      <coordinates>-122.16367034954959,37.787674476734935,0</coordinates>
    </Point>
  </Placemark>

  <Placemark>
    <name>Leona Heights Park: Merritt College Trailhead</name>
    <description>
<![CDATA[
<h4>Stop: Campus Dr &amp; Merritt College</h4>
<b>3 min walk</b><br>
Served by AC Transit 54
<ul><li>Weekday: Frequent service</li><li>Weekend: Every 20–30 minutes</li></ul>
]]>
    </description>
    <styleUrl>#bus</styleUrl>
    <Point>
      <coordinates>-122.16814135944074,37.79093258544199,0</coordinates>
    </Point>
  </Placemark>

  <Placemark>
    <name>Loma Alta Preserve: Glen Fire Road Trailhead</name>
    <description>
<![CDATA[
<h4>Stop: Sir Francis Drake Blvd &amp; Olema Rd</h4>
<b>10 min walk</b><br>
Served by Marin Transit 228, Marin Transit 23, Marin Transit 68
<ul><li>7 days a week: Every 30–45 minutes</li></ul>
]]>
    </description>
    <styleUrl>#bus</styleUrl>
    <Point>
      <coordinates>-122.6046557,38.005469,0</coordinates>
    </Point>
  </Placemark>

  <Placemark>
    <name>Loma Verde Preserve: Chicken Shack Fire Road</name>
    <description>
<![CDATA[
<h4>Stop: Alameda del Prado Bus Pad</h4>
<b>7 min walk</b><br>
Served by Marin Transit 57, Marin Transit 71
<ul><li>Weekday: Frequent service</li><li>Weekend: Every 20–30 minutes</li></ul>
]]>
    </description>
    <styleUrl>#bus</styleUrl>
    <Point>
      <coordinates>-122.5340888,38.0481693,0</coordinates>
    </Point>
  </Placemark>

  <Placemark>
    <name>Lone Pine</name>
    <description>
<![CDATA[
A hub for Eastern Sierra recreation. Private shuttle services to trailheads can be found on <a href="https://climber.org/data/shuttles.html">Climber.org.</a>
<br>
<h4>Stop: Lone Pine - McDonald&#x27;s, 601 S. Main Street</h4>
Served by Eastern Sierra 395 Route North, Eastern Sierra 395 Route South, Eastern Sierra LPX
<ul><li>Weekday: 8 trips a day</li><li>Weekend: 4 trips a day</li></ul>
]]>
    </description>
    <styleUrl>#bus</styleUrl>
    <Point>
      <coordinates>-118.06243,36.60242,0</coordinates>
    </Point>
  </Placemark>

  <Placemark>
    <name>Los Gatos Creek County Park</name>
    <description>
<![CDATA[
<h4>Stop: Winchester Station</h4>
<b>15 min walk</b><br>
Served by VTA Green Line
<ul><li>7 days a week: Frequent service</li></ul>
]]>
    </description>
    <styleUrl>#bus</styleUrl>
    <Point>
      <coordinates>-121.948472222222,37.2728333333333,0</coordinates>
    </Point>
  </Placemark>

  <Placemark>
    <name>Los Padres National Forest: Frazier Park Trailhead</name>
    <description>
<![CDATA[
<h4>Stop: Post Office/Monterey Trail (760830)</h4>
<b>13 min walk</b><br>
Served by Kern Transit 130
<ul><li>Weekday: 7 trips a day</li><li>Saturday: 4 trips a day</li><li>Sunday: No service</li></ul>
]]>
    </description>
    <styleUrl>#bus</styleUrl>
    <Point>
      <coordinates>-118.9403185792254,34.823819852792006,0</coordinates>
    </Point>
  </Placemark>

  <Placemark>
    <name>Lower Bidwell Park: Chico Creek Nature Center</name>
    <description>
<![CDATA[
<h4>Stop: E 8th St &amp; Forest</h4>
<b>0 min walk</b><br>
Served by B-Line 5
<ul><li>Weekday: Frequent service</li><li>Saturday: Frequent service</li><li>Sunday: No service</li></ul>
]]>
    </description>
    <styleUrl>#bus</styleUrl>
    <Point>
      <coordinates>-121.80595699193307,39.74622633601991,0</coordinates>
    </Point>
  </Placemark>

  <Placemark>
    <name>Lower Bidwell Park: One Mile Area at Mangrove Ave</name>
    <description>
<![CDATA[
<h4>Stop: Vallombrosa &amp; Memorial</h4>
<b>3 min walk</b><br>
Served by B-Line 2
<ul><li>Weekday: Frequent service</li><li>Saturday: Frequent service</li><li>Sunday: No service</li></ul>
]]>
    </description>
    <styleUrl>#bus</styleUrl>
    <Point>
      <coordinates>-121.83513134313486,39.73331427674721,0</coordinates>
    </Point>
  </Placemark>

  <Placemark>
    <name>Lucas Valley Preserve: Queenstone Fire Road Trailhead</name>
    <description>
<![CDATA[
<h4>Stop: Las Gallinas Av &amp; Miller Creek Rd</h4>
<b>14 min walk</b><br>
Served by Marin Transit 57
<ul><li>Weekday: Every 1–2 hours</li><li>Weekend: No service</li></ul>
<h4>Stop: Marinwood Bus Pad</h4>
<b>20 min walk</b><br>
Served by Marin Transit 49, Marin Transit 71
<ul><li>7 days a week: Frequent service</li></ul>
]]>
    </description>
    <styleUrl>#bus</styleUrl>
    <Point>
      <coordinates>-122.5499154,38.0341713,0</coordinates>
    </Point>
  </Placemark>

  <Placemark>
    <name>Mammoth Lakes</name>
    <description>
<![CDATA[
Mammoth Lakes has good internal shuttle systems in the winter and summer. <a href="https://www.visitmammoth.com/travel-info/getting-around/">See Visit Mammoth for more information</a>
<br>
<h4>Stop: Mammoth Lakes Park &amp; Ride</h4>
Served by YARTS Mammoth Lakes HWY 120E/395 (SEASONAL SERVICE)
<ul><li>7 days a week: 4 trips a day</li></ul>
<h4>Stop: Old Mammoth Rd / Tavern Rd</h4>
Served by Eastern Sierra Evening Trolley, Eastern Sierra Late Night Trolley, Eastern Sierra Red Line
<ul><li>7 days a week: Every 20–30 minutes</li></ul>
]]>
    </description>
    <styleUrl>#bus</styleUrl>
    <Point>
      <coordinates>-118.96607,37.6445,0</coordinates>
    </Point>
  </Placemark>

  <Placemark>
    <name>Marin Headlands: Orchard Trailhead</name>
    <description>
<![CDATA[
<h4>Stop: Marin City Hub-Donahue St &amp; Terners Dr</h4>
<b>10 min walk</b><br>
Served by 120, GGT 130, GGT 150, Marin Transit 17, Marin Transit 22, Marin Transit 36, Marin Transit 61, Marin Transit 71
<ul><li>7 days a week: Frequent service</li></ul>
]]>
    </description>
    <styleUrl>#bus</styleUrl>
    <Point>
      <coordinates>-122.5098264,37.8668617,0</coordinates>
    </Point>
  </Placemark>

  <Placemark>
    <name>Marin Headlands: Pacheco Fire Road</name>
    <description>
<![CDATA[
<h4>Stop: Marin City Hub-Donahue St &amp; Terners Dr</h4>
<b>10 min walk</b><br>
Served by 120, GGT 130, GGT 150, Marin Transit 17, Marin Transit 22, Marin Transit 36, Marin Transit 61, Marin Transit 71
<ul><li>7 days a week: Frequent service</li></ul>
]]>
    </description>
    <styleUrl>#bus</styleUrl>
    <Point>
      <coordinates>-122.5148894,37.869854,0</coordinates>
    </Point>
  </Placemark>

  <Placemark>
    <name>Marin Headlands: Panoramic Hwy &amp; Sequoia Valley Rd</name>
    <description>
<![CDATA[
<h4>Stop: Panoramic Hwy &amp; Sequoia Valley Rd</h4>
<b>0 min walk</b><br>
Served by Marin Transit 61
<ul><li>Weekday: 6 trips a day</li><li>Weekend: 7 trips a day</li></ul>
]]>
    </description>
    <styleUrl>#bus</styleUrl>
    <Point>
      <coordinates>-122.5570173,37.8933802,0</coordinates>
    </Point>
  </Placemark>

  <Placemark>
    <name>Marin Headlands: SCA Trail</name>
    <description>
<![CDATA[
<h4>Stop: Hwy 101 &amp; Alexander Ave</h4>
<b>11 min walk</b><br>
Served by 120, GGT 130
<ul><li>Weekday: Every 30–45 minutes</li><li>Weekend: About hourly</li></ul>
]]>
    </description>
    <styleUrl>#bus</styleUrl>
    <Point>
      <coordinates>-122.4823853,37.8321963,0</coordinates>
    </Point>
  </Placemark>

  <Placemark>
    <name>Marina Sand Dunes</name>
    <description>
<![CDATA[
<h4>Stop: Del Monte /  Palm</h4>
<b>10 min walk</b><br>
Served by 17, 18, 20
<ul><li>7 days a week: Frequent service</li></ul>
]]>
    </description>
    <styleUrl>#bus</styleUrl>
    <Point>
      <coordinates>-121.80949550613795,36.683076520255,0</coordinates>
    </Point>
  </Placemark>

  <Placemark>
    <name>Marina State Beach</name>
    <description>
<![CDATA[
<h4>Stop: Reservation /  Marina Landing</h4>
<b>10 min walk</b><br>
Served by 17, 18
<ul><li>7 days a week: Frequent service</li></ul>
]]>
    </description>
    <styleUrl>#bus</styleUrl>
    <Point>
      <coordinates>-121.80833724828602,36.69823297596744,0</coordinates>
    </Point>
  </Placemark>

  <Placemark>
    <name>Maurice Thorner Memorial Preserve</name>
    <description>
<![CDATA[
<h4>Stop: Sir Francis Drake Blvd &amp; Lagunitas School Rd</h4>
<b>7 min walk</b><br>
Served by Marin Transit 68
<ul><li>Weekday: About hourly</li><li>Weekend: Every 1–2 hours</li></ul>
]]>
    </description>
    <styleUrl>#bus</styleUrl>
    <Point>
      <coordinates>-122.673275,38.0178003,0</coordinates>
    </Point>
  </Placemark>

  <Placemark>
    <name>Maxwell Farms Regional Park</name>
    <description>
<![CDATA[
<h4>Stop: Verano Ave (outside FAHA)</h4>
<b>0 min walk</b><br>
Served by SCT 30, SCT 30X, SCT 34
<ul><li>Weekday: Every 1–2 hours</li><li>Weekend: 8 trips a day</li></ul>
]]>
    </description>
    <styleUrl>#bus</styleUrl>
    <Point>
      <coordinates>-122.4808773,38.302843,0</coordinates>
    </Point>
  </Placemark>

  <Placemark>
    <name>McLaughlin Eastshore State Park: Brickyard Cove</name>
    <description>
<![CDATA[
<h4>Stop: University Av &amp; W Frontage Rd</h4>
<b>0 min walk</b><br>
Served by AC Transit 51B
<ul><li>Weekday: Frequent service</li><li>Weekend: Every 20–30 minutes</li></ul>
]]>
    </description>
    <styleUrl>#bus</styleUrl>
    <Point>
      <coordinates>-122.3049814,37.8654913,0</coordinates>
    </Point>
  </Placemark>

  <Placemark>
    <name>Mendocino Headlands State Park: Bluffs</name>
    <description>
<![CDATA[
<h4>Stop: Main St &amp; Lansing St</h4>
<b>5 min walk</b><br>
Served by MTA 60, MTA 65
<ul><li>Weekday: 8 trips a day</li><li>Weekend: 2 trips a day</li></ul>
]]>
    </description>
    <styleUrl>#bus</styleUrl>
    <Point>
      <coordinates>-123.8062341,39.3089706,0</coordinates>
    </Point>
  </Placemark>

  <Placemark>
    <name>Milagra Ridge: Milagra Overlook Trail</name>
    <description>
<![CDATA[
<h4>Stop: Oceana Blvd &amp; Milagra Dr</h4>
<b>4 min walk</b><br>
Served by SamTrans 110
<ul><li>7 days a week: Every 20–30 minutes</li></ul>
]]>
    </description>
    <styleUrl>#bus</styleUrl>
    <Point>
      <coordinates>-122.4913775,37.6441497,0</coordinates>
    </Point>
  </Placemark>

  <Placemark>
    <name>Miller/Knox Regional Shoreline: Ferry Point Tunnel</name>
    <description>
<![CDATA[
<h4>Stop: S Garrard Blvd &amp; W Cutting Blvd</h4>
<b>8 min walk</b><br>
Served by AC Transit 72M
<ul><li>7 days a week: Frequent service</li></ul>
<h4>Stop: Tewksbury Ave &amp; Castro St</h4>
<b>11 min walk</b><br>
Served by GGT 580
<ul><li>7 days a week: Every 30–45 minutes</li></ul>
]]>
    </description>
    <styleUrl>#bus</styleUrl>
    <Point>
      <coordinates>-122.3845836,37.9231044,0</coordinates>
    </Point>
  </Placemark>

  <Placemark>
    <name>Miramar Beach</name>
    <description>
<![CDATA[
<h4>Stop: Hwy 1 &amp; Medio Ave</h4>
<b>5 min walk</b><br>
Served by SamTrans 117
<ul><li>7 days a week: Every 30–45 minutes</li></ul>
]]>
    </description>
    <styleUrl>#bus</styleUrl>
    <Point>
      <coordinates>-122.4601688,37.4932367,0</coordinates>
    </Point>
  </Placemark>

  <Placemark>
    <name>Mission Peak Regional Preserve: Spring Valley Trail</name>
    <description>
<![CDATA[
<h4>Stop: Ohlone College-Key D</h4>
<b>3 min walk</b><br>
Served by AC Transit 210, AC Transit 211
<ul><li>7 days a week: Frequent service</li></ul>
]]>
    </description>
    <styleUrl>#bus</styleUrl>
    <Point>
      <coordinates>-121.9083064,37.530034,0</coordinates>
    </Point>
  </Placemark>

  <Placemark>
    <name>Mission Trails Preserve: 11th Ave</name>
    <description>
<![CDATA[
<h4>Stop: San Carlos /  11th</h4>
<b>8 min walk</b><br>
Served by 91
<ul><li>7 days a week: Frequent service</li></ul>
]]>
    </description>
    <styleUrl>#bus</styleUrl>
    <Point>
      <coordinates>-121.91813540948479,36.54813045082063,0</coordinates>
    </Point>
  </Placemark>

  <Placemark>
    <name>Mission Trails Preserve: Mountain View Ave</name>
    <description>
<![CDATA[
<h4>Stop: Ocean Ave /  Santa Fe St</h4>
<b>8 min walk</b><br>
Served by 5
<ul><li>7 days a week: Frequent service</li></ul>
]]>
    </description>
    <styleUrl>#bus</styleUrl>
    <Point>
      <coordinates>-121.91578828212624,36.55188759497089,0</coordinates>
    </Point>
  </Placemark>

  <Placemark>
    <name>Mission Trails Preserve: Rio Road</name>
    <description>
<![CDATA[
<h4>Stop: Rio Road /  Lasuen</h4>
<b>2 min walk</b><br>
Served by 91
<ul><li>7 days a week: Frequent service</li></ul>
]]>
    </description>
    <styleUrl>#bus</styleUrl>
    <Point>
      <coordinates>-121.9182680916972,36.54297403901247,0</coordinates>
    </Point>
  </Placemark>

  <Placemark>
    <name>Montara State Beach</name>
    <description>
<![CDATA[
<h4>Stop: Main St &amp; 4th St</h4>
<b>5 min walk</b><br>
Served by SamTrans 117
<ul><li>7 days a week: Every 30–45 minutes</li></ul>
]]>
    </description>
    <styleUrl>#bus</styleUrl>
    <Point>
      <coordinates>-122.5143345,37.5453906,0</coordinates>
    </Point>
  </Placemark>

  <Placemark>
    <name>Monte Rio Redwoods Regional Park and Open Space Preserve: Main St</name>
    <description>
<![CDATA[
<h4>Stop: Monte Rio (Creekside Park)</h4>
<b>11 min walk</b><br>
Served by SCT 20, SCT 20X, SCT 28
<ul><li>Weekday: About hourly</li><li>Saturday: About hourly</li><li>Sunday: Every 1–2 hours</li></ul>
]]>
    </description>
    <styleUrl>#bus</styleUrl>
    <Point>
      <coordinates>-123.0081056,38.4559363,0</coordinates>
    </Point>
  </Placemark>

  <Placemark>
    <name>Montini Open Space Preserve: Sonoma Overlook Trail</name>
    <description>
<![CDATA[
<h4>Stop: Sonoma Plaza</h4>
<b>11 min walk</b><br>
Served by SCT 30, SCT 30X, SCT 32, SCT 34, SCT 40
<ul><li>Weekday: Frequent service</li><li>Saturday: Every 20–30 minutes</li><li>Sunday: Every 1–2 hours</li></ul>
]]>
    </description>
    <styleUrl>#bus</styleUrl>
    <Point>
      <coordinates>-122.4572497,38.2996142,0</coordinates>
    </Point>
  </Placemark>

  <Placemark>
    <name>Mori Point</name>
    <description>
<![CDATA[
<h4>Stop: Hwy 1 &amp; Westport Dr</h4>
<b>5 min walk</b><br>
Served by SamTrans 110, SamTrans PCX
<ul><li>Weekday: Frequent service</li><li>Weekend: Every 20–30 minutes</li></ul>
]]>
    </description>
    <styleUrl>#bus</styleUrl>
    <Point>
      <coordinates>-122.4860094,37.6184095,0</coordinates>
    </Point>
  </Placemark>

  <Placemark>
    <name>Morro Dunes Ecological Reserve: Broderson Ave</name>
    <description>
<![CDATA[
<h4>Stop: Los Osos Valley Rd &amp; Pine</h4>
<b>10 min walk</b><br>
Served by SLORTA 12N, SLORTA 12S
<ul><li>Weekday: Every 1–2 hours</li><li>Saturday: Every 1–2 hours</li><li>Sunday: 6 trips a day</li></ul>
]]>
    </description>
    <styleUrl>#bus</styleUrl>
    <Point>
      <coordinates>-120.84320334201092,35.30840912031579,0</coordinates>
    </Point>
  </Placemark>

  <Placemark>
    <name>Mount Burdell Preserve: Dwarf Oak Trail Trailhead</name>
    <description>
<![CDATA[
<h4>Stop: San Marin High School</h4>
<b>7 min walk</b><br>
Served by Marin Transit 49
<ul><li>Weekday: Every 20–30 minutes</li><li>Weekend: About hourly</li></ul>
]]>
    </description>
    <styleUrl>#bus</styleUrl>
    <Point>
      <coordinates>-122.61383539348763,38.11945069799096,0</coordinates>
    </Point>
  </Placemark>

  <Placemark>
    <name>Mount Burdell Preserve: Sereno Way</name>
    <description>
<![CDATA[
<h4>Stop: San Marin Dr &amp; Sereno Way</h4>
<b>3 min walk</b><br>
Served by Marin Transit 49
<ul><li>Weekday: Every 20–30 minutes</li><li>Weekend: About hourly</li></ul>
]]>
    </description>
    <styleUrl>#bus</styleUrl>
    <Point>
      <coordinates>-122.58661481179873,38.12541901733801,0</coordinates>
    </Point>
  </Placemark>

  <Placemark>
    <name>Mount Tamalpais State Park: Bootjack Parking Lot</name>
    <description>
<![CDATA[
<h4>Stop: 895 Panoramic Hwy Bootjack Parking Lot</h4>
<b>0 min walk</b><br>
Served by Marin Transit 61
<ul><li>Weekday: 6 trips a day</li><li>Weekend: 7 trips a day</li></ul>
]]>
    </description>
    <styleUrl>#bus</styleUrl>
    <Point>
      <coordinates>-122.60179,37.90913,0</coordinates>
    </Point>
  </Placemark>

  <Placemark>
    <name>Mount Tamalpais State Park: Hog Back Rd</name>
    <description>
<![CDATA[
<h4>Stop: Panoramic Hwy &amp; Edgewood Av</h4>
<b>1 min walk</b><br>
Served by Marin Transit 61
<ul><li>7 days a week: Every 1–2 hours</li></ul>
]]>
    </description>
    <styleUrl>#bus</styleUrl>
    <Point>
      <coordinates>-122.5774005,37.9109706,0</coordinates>
    </Point>
  </Placemark>

  <Placemark>
    <name>Mount Tamalpais State Park: Matt Davis Trailhead</name>
    <description>
<![CDATA[
<h4>Stop: Shoreline Hwy &amp; Calle del Mar</h4>
<b>4 min walk</b><br>
Served by Marin Transit 61
<ul><li>7 days a week: Every 1–2 hours</li></ul>
]]>
    </description>
    <styleUrl>#bus</styleUrl>
    <Point>
      <coordinates>-122.6373713,37.8996871,0</coordinates>
    </Point>
  </Placemark>

  <Placemark>
    <name>Mount Tamalpais State Park: Panoramic Trail</name>
    <description>
<![CDATA[
<h4>Stop: Panoramic Hwy &amp; Ridge Av</h4>
<b>0 min walk</b><br>
Served by Marin Transit 61
<ul><li>7 days a week: Every 1–2 hours</li></ul>
]]>
    </description>
    <styleUrl>#bus</styleUrl>
    <Point>
      <coordinates>-122.567703,37.901028,0</coordinates>
    </Point>
  </Placemark>

  <Placemark>
    <name>Mount Tamalpais State Park: Pantoll Campground</name>
    <description>
<![CDATA[
<h4>Stop: Panoramic Hwy &amp; Pan Toll Ranger Station</h4>
<b>0 min walk</b><br>
Served by Marin Transit 61
<ul><li>7 days a week: Every 1–2 hours</li></ul>
]]>
    </description>
    <styleUrl>#bus</styleUrl>
    <Point>
      <coordinates>-122.6038858,37.9039927,0</coordinates>
    </Point>
  </Placemark>

  <Placemark>
    <name>Mount Tamalpais State Park: Willow Camp Fire Road</name>
    <description>
<![CDATA[
<h4>Stop: Shoreline Hwy &amp; Calle del Mar</h4>
<b>12 min walk</b><br>
Served by Marin Transit 61
<ul><li>7 days a week: Every 1–2 hours</li></ul>
]]>
    </description>
    <styleUrl>#bus</styleUrl>
    <Point>
      <coordinates>-122.642347,37.9045837,0</coordinates>
    </Point>
  </Placemark>

  <Placemark>
    <name>Mount Wanda / Carquinez Strait Regional Shoreline: Hulet Hornbeck Trail</name>
    <description>
<![CDATA[
<h4>Stop: Alhambra Ave and J St</h4>
<b>10 min walk</b><br>
Served by CC 16, CC 316, CC 98X, WestCat 30Z
<ul><li>Weekday: Every 20–30 minutes</li><li>Weekend: 9 trips a day</li></ul>
]]>
    </description>
    <styleUrl>#bus</styleUrl>
    <Point>
      <coordinates>-122.1339536,37.9907851,0</coordinates>
    </Point>
  </Placemark>

  <Placemark>
    <name>Mount Wanda: Main Fire Trail</name>
    <description>
<![CDATA[
<h4>Stop: Alhambra Ave and Alhambra Way</h4>
<b>3 min walk</b><br>
Served by CC 16
<ul><li>Weekday: About hourly</li><li>Weekend: No service</li></ul>
<h4>Stop: Alhambra Ave and Walnut Ave</h4>
WARNING: dangerous crossing; check Street View for options
<br>
<b>4 min walk</b><br>
Served by CC 16, CC 316, CC 98X
<ul><li>Weekday: Frequent service</li><li>Weekend: About hourly</li></ul>
]]>
    </description>
    <styleUrl>#bus</styleUrl>
    <Point>
      <coordinates>-122.1302039,37.9894421,0</coordinates>
    </Point>
  </Placemark>

  <Placemark>
    <name>Muir Woods National Monument: Panoramic Trail</name>
    <description>
<![CDATA[
<h4>Stop: Panoramic Hwy &amp; Park Av</h4>
<b>6 min walk</b><br>
Served by Marin Transit 61
<ul><li>7 days a week: Every 1–2 hours</li></ul>
]]>
    </description>
    <styleUrl>#bus</styleUrl>
    <Point>
      <coordinates>-122.5731924,37.9054954,0</coordinates>
    </Point>
  </Placemark>

  <Placemark>
    <name>Mussel Rock Park</name>
    <description>
<![CDATA[
<h4>Stop: Palmetto Ave &amp; Westline Dr</h4>
<b>11 min walk</b><br>
Served by SamTrans 110, SamTrans 112
<ul><li>7 days a week: Every 30–45 minutes</li></ul>
]]>
    </description>
    <styleUrl>#bus</styleUrl>
    <Point>
      <coordinates>-122.4944364,37.6667702,0</coordinates>
    </Point>
  </Placemark>

  <Placemark>
    <name>Natalie Coffin Greene Park: Ross Trail</name>
    <description>
<![CDATA[
<h4>Stop: Sir Francis Drake Blvd &amp; La Cuesta Dr</h4>
<b>14 min walk</b><br>
Served by Marin Transit 22, Marin Transit 228
<ul><li>Weekday: Frequent service</li><li>Weekend: Every 20–30 minutes</li></ul>
]]>
    </description>
    <styleUrl>#bus</styleUrl>
    <Point>
      <coordinates>-122.5687424,37.961793,0</coordinates>
    </Point>
  </Placemark>

  <Placemark>
    <name>Natural Bridges State Beach</name>
    <description>
<![CDATA[
<h4>Stop: Natural Bridges Dr &amp; Delaware Ave</h4>
<b>1 min walk</b><br>
Served by Santa Cruz METRO 20, Santa Cruz METRO 40
<ul><li>Weekday: Frequent service</li><li>Weekend: Every 30–45 minutes</li></ul>
]]>
    </description>
    <styleUrl>#bus</styleUrl>
    <Point>
      <coordinates>-122.05700166342326,36.95434158628155,0</coordinates>
    </Point>
  </Placemark>

  <Placemark>
    <name>Niles Community Park</name>
    <description>
<![CDATA[
<h4>Stop: 37395 Niles Blvd</h4>
<b>6 min walk</b><br>
Served by AC Transit 216
<ul><li>7 days a week: Every 1–2 hours</li></ul>
]]>
    </description>
    <styleUrl>#bus</styleUrl>
    <Point>
      <coordinates>-121.9805998,37.5749379,0</coordinates>
    </Point>
  </Placemark>

  <Placemark>
    <name>North Tahoe Regional Park</name>
    <description>
<![CDATA[
<h4>Stop: Hwy 28 at Estates Dr</h4>
<b>13 min walk</b><br>
Served by TART ML, TART NS89
<ul><li>7 days a week: About hourly</li></ul>
]]>
    </description>
    <styleUrl>#bus</styleUrl>
    <Point>
      <coordinates>-120.057442,39.2456852,0</coordinates>
    </Point>
  </Placemark>

  <Placemark>
    <name>Oat Hill Mine Trailhead</name>
    <description>
<![CDATA[
<h4>Stop: Hwy 29 at Brannan St</h4>
<b>12 min walk</b><br>
Served by VINE Transit 10
<ul><li>7 days a week: Every 1–2 hours</li></ul>
]]>
    </description>
    <styleUrl>#bus</styleUrl>
    <Point>
      <coordinates>-122.5771534,38.5892346,0</coordinates>
    </Point>
  </Placemark>

  <Placemark>
    <name>Old Moraga Ranch Trail</name>
    <description>
<![CDATA[
<h4>Stop: St Mary&#x27;S College</h4>
<b>11 min walk</b><br>
Served by CC 6
<ul><li>Weekday: Every 30–45 minutes</li><li>Weekend: Every 1–2 hours</li></ul>
]]>
    </description>
    <styleUrl>#bus</styleUrl>
    <Point>
      <coordinates>-122.1038666,37.8371166,0</coordinates>
    </Point>
  </Placemark>

  <Placemark>
    <name>Old St Hilary&#x27;s: Fishbits&#x27; Trail Trailhead</name>
    <description>
<![CDATA[
<h4>Stop: Tiburon Blvd &amp; Lyford Dr</h4>
<b>15 min walk</b><br>
Served by Marin Transit 219
<ul><li>7 days a week: Every 30–45 minutes</li></ul>
]]>
    </description>
    <styleUrl>#bus</styleUrl>
    <Point>
      <coordinates>-122.4569511,37.8830713,0</coordinates>
    </Point>
  </Placemark>

  <Placemark>
    <name>Olympic Valley Western States Connector Trail</name>
    <description>
<![CDATA[
<h4>Stop: Olympic Valley Rd at 7-11 Driveway (Shelter)</h4>
<b>7 min walk</b><br>
Served by TART Hwy89, TART NS89
<ul><li>7 days a week: About hourly</li></ul>
]]>
    </description>
    <styleUrl>#bus</styleUrl>
    <Point>
      <coordinates>-120.2035984,39.2038693,0</coordinates>
    </Point>
  </Placemark>

  <Placemark>
    <name>Orinda Oaks Park</name>
    <description>
<![CDATA[
Access to Mulholland Ridge Open Space
<br>
<h4>Stop: Moraga Way and Ivy Dr</h4>
<b>0 min walk</b><br>
Served by CC 6
<ul><li>Weekday: Every 30–45 minutes</li><li>Weekend: Every 1–2 hours</li></ul>
]]>
    </description>
    <styleUrl>#bus</styleUrl>
    <Point>
      <coordinates>-122.1531976,37.8552629,0</coordinates>
    </Point>
  </Placemark>

  <Placemark>
    <name>Oyster Bay Regional Shoreline</name>
    <description>
<![CDATA[
<h4>Stop: Marina Blvd &amp; Neptune Dr</h4>
<b>15 min walk</b><br>
Served by AC Transit 35
<ul><li>Weekday: About hourly</li><li>Weekend: Every 1–2 hours</li></ul>
]]>
    </description>
    <styleUrl>#bus</styleUrl>
    <Point>
      <coordinates>-122.1923339,37.7094493,0</coordinates>
    </Point>
  </Placemark>

  <Placemark>
    <name>O’Hair Park</name>
    <description>
<![CDATA[
<h4>Stop: San Marin High School</h4>
<b>5 min walk</b><br>
Served by Marin Transit 49
<ul><li>Weekday: Every 20–30 minutes</li><li>Weekend: About hourly</li></ul>
]]>
    </description>
    <styleUrl>#bus</styleUrl>
    <Point>
      <coordinates>-122.61027415846851,38.116391997358186,0</coordinates>
    </Point>
  </Placemark>

  <Placemark>
    <name>Pacific Crest Trail: Hwy 58</name>
    <description>
<![CDATA[
<h4>Stop: Cameron Canyon Rd. at Hwy. 58 WB (781698)</h4>
<b>2 min walk</b><br>
Served by Kern Transit 100
<ul><li>Weekday: 6 trips a day</li><li>Saturday: 3 trips a day</li><li>Sunday: No service</li></ul>
]]>
    </description>
    <styleUrl>#bus</styleUrl>
    <Point>
      <coordinates>-118.29280227265066,35.100126296024044,0</coordinates>
    </Point>
  </Placemark>

  <Placemark>
    <name>Painted Rock</name>
    <description>
<![CDATA[
<h4>Stop: Moraga Rd and Rheem Blvd</h4>
<b>8 min walk</b><br>
Served by CC 6
<ul><li>Weekday: About hourly</li><li>Weekend: 6 trips a day</li></ul>
]]>
    </description>
    <styleUrl>#bus</styleUrl>
    <Point>
      <coordinates>-122.1217492,37.8584554,0</coordinates>
    </Point>
  </Placemark>

  <Placemark>
    <name>Palo Corona Regional Park: Front Ranch Unit</name>
    <description>
<![CDATA[
Access permit required - <a href="https://www.mprpd.org/access-permits">apply on Monterey Peninsula Regional Park District website</a>
<br>
<h4>Stop: Crossroads Shopping Center</h4>
<b>13 min walk</b><br>
Served by 24, 91
<ul><li>7 days a week: Frequent service</li></ul>
]]>
    </description>
    <styleUrl>#bus</styleUrl>
    <Point>
      <coordinates>-121.91605208224004,36.53232833868278,0</coordinates>
    </Point>
  </Placemark>

  <Placemark>
    <name>Palo Corona Regional Park: Main Entrance</name>
    <description>
<![CDATA[
<h4>Stop: Carmel Valley Rd / Village Park Rd (East)</h4>
<b>8 min walk</b><br>
Served by 24
<ul><li>7 days a week: Frequent service</li></ul>
]]>
    </description>
    <styleUrl>#bus</styleUrl>
    <Point>
      <coordinates>-121.88898004158065,36.5407899818466,0</coordinates>
    </Point>
  </Placemark>

  <Placemark>
    <name>Palo Corona Regional Park: South Bank Trail</name>
    <description>
<![CDATA[
<h4>Stop: Carmel Valley Rd / Congregation Beth Israel (East)</h4>
<b>13 min walk</b><br>
Served by 24
<ul><li>7 days a week: Frequent service</li></ul>
]]>
    </description>
    <styleUrl>#bus</styleUrl>
    <Point>
      <coordinates>-121.87089532285424,36.533960952233876,0</coordinates>
    </Point>
  </Placemark>

  <Placemark>
    <name>Pedro Point Headlands: Devil&#x27;s Slide</name>
    <description>
<![CDATA[
<h4>Stop: Devil&#x27;s Slide Tunnel Stop</h4>
<b>0 min walk</b><br>
Served by SamTrans 117
<ul><li>7 days a week: Every 30–45 minutes</li></ul>
]]>
    </description>
    <styleUrl>#bus</styleUrl>
    <Point>
      <coordinates>-122.515805,37.569983,0</coordinates>
    </Point>
  </Placemark>

  <Placemark>
    <name>Pinto Lake County Park: Green Valley Rd</name>
    <description>
<![CDATA[
<h4>Stop: Green Valley Rd &amp; Rancho Todos Santos Rd</h4>
<b>1 min walk</b><br>
Served by Santa Cruz METRO 72, Santa Cruz METRO 72W, Santa Cruz METRO 75
<ul><li>Weekday: Every 20–30 minutes</li><li>Weekend: About hourly</li></ul>
]]>
    </description>
    <styleUrl>#bus</styleUrl>
    <Point>
      <coordinates>-121.76514230339471,36.9639144470478,0</coordinates>
    </Point>
  </Placemark>

  <Placemark>
    <name>Pismo Preserve</name>
    <description>
<![CDATA[
<h4>Stop: Lighthouse Inn North</h4>
<b>9 min walk</b><br>
Served by SLORTA 21
<ul><li>7 days a week: Every 1–2 hours</li></ul>
]]>
    </description>
    <styleUrl>#bus</styleUrl>
    <Point>
      <coordinates>-120.65295903473675,35.15141430555438,0</coordinates>
    </Point>
  </Placemark>

  <Placemark>
    <name>Pismo State Beach: Dune Trail at Grand Ave</name>
    <description>
<![CDATA[
<h4>Stop: Highway 1 &amp; Le Sage</h4>
<b>6 min walk</b><br>
Served by SLORTA 21, SLORTA 24
<ul><li>7 days a week: About hourly</li></ul>
]]>
    </description>
    <styleUrl>#bus</styleUrl>
    <Point>
      <coordinates>-120.63286175193302,35.12212126799793,0</coordinates>
    </Point>
  </Placemark>

  <Placemark>
    <name>Pismo State Beach: Monarch Butterfly Grove</name>
    <description>
<![CDATA[
<h4>Stop: Dolliver @ Butterfly Tree</h4>
<b>0 min walk</b><br>
Served by SLORTA 24
<ul><li>7 days a week: Every 1–2 hours</li></ul>
]]>
    </description>
    <styleUrl>#bus</styleUrl>
    <Point>
      <coordinates>-120.63206737451615,35.12859875016037,0</coordinates>
    </Point>
  </Placemark>

  <Placemark>
    <name>Pismo State Beach: North Beach Campground</name>
    <description>
<![CDATA[
<h4>Stop: Dolliver &amp; Frady</h4>
<b>4 min walk</b><br>
Served by SLORTA 21
<ul><li>7 days a week: Every 1–2 hours</li></ul>
]]>
    </description>
    <styleUrl>#bus</styleUrl>
    <Point>
      <coordinates>-120.63392283776219,35.13227334991267,0</coordinates>
    </Point>
  </Placemark>

  <Placemark>
    <name>Pismo State Beach: Oceano Dunes Visitor Center</name>
    <description>
<![CDATA[
<h4>Stop: Oceano Airport</h4>
<b>6 min walk</b><br>
Served by SLORTA 27, SLORTA 28
<ul><li>Weekday: Every 30–45 minutes</li><li>Weekend: Every 1–2 hours</li></ul>
]]>
    </description>
    <styleUrl>#bus</styleUrl>
    <Point>
      <coordinates>-120.6269160161799,35.10648283521968,0</coordinates>
    </Point>
  </Placemark>

  <Placemark>
    <name>Pogonip: Harvey West Trail</name>
    <description>
<![CDATA[
<h4>Stop: Dubois &amp; Harvey West Blvd</h4>
<b>2 min walk</b><br>
Served by Santa Cruz METRO 4, Santa Cruz METRO 4W
<ul><li>Weekday: About hourly</li><li>Weekend: Every 1–2 hours</li></ul>
]]>
    </description>
    <styleUrl>#bus</styleUrl>
    <Point>
      <coordinates>-122.03969131065729,36.984862173454914,0</coordinates>
    </Point>
  </Placemark>

  <Placemark>
    <name>Pogonip: Spring Box Trailhead</name>
    <description>
<![CDATA[
<h4>Stop: Hagar Dr (UCSC - Bookstore, Cowell &amp; Stevenson)</h4>
<b>10 min walk</b><br>
Served by Santa Cruz METRO 11, Santa Cruz METRO 16, Santa Cruz METRO 18, Santa Cruz METRO 19, Santa Cruz METRO 20
<ul><li>7 days a week: Frequent service</li></ul>
]]>
    </description>
    <styleUrl>#bus</styleUrl>
    <Point>
      <coordinates>-122.05019456764101,36.99691582466033,0</coordinates>
    </Point>
  </Placemark>

  <Placemark>
    <name>Point Pinole Regional Shoreline</name>
    <description>
<![CDATA[
<h4>Stop: Point Pinole Business Park</h4>
<b>6 min walk</b><br>
Served by AC Transit 71
<ul><li>Weekday: Every 20–30 minutes</li><li>Weekend: About hourly</li></ul>
]]>
    </description>
    <styleUrl>#bus</styleUrl>
    <Point>
      <coordinates>-122.3527031,37.9998107,0</coordinates>
    </Point>
  </Placemark>

  <Placemark>
    <name>Point Reyes National Seashore: Bear Valley Trailhead</name>
    <description>
<![CDATA[
<h4>Stop: Bear Valley Visitor Center</h4>
<b>0 min walk</b><br>
Served by Marin Transit 68
<ul><li>7 days a week: Every 1–2 hours</li></ul>
]]>
    </description>
    <styleUrl>#bus</styleUrl>
    <Point>
      <coordinates>-122.7997964,38.0396499,0</coordinates>
    </Point>
  </Placemark>

  <Placemark>
    <name>Poly Canyon</name>
    <description>
<![CDATA[
<h4>Stop: Cal Poly Performing Arts Center</h4>
<b>16 min walk</b><br>
Served by SLORTA 10S, SLORTA 9N, SLORTA 9S
<ul><li>Weekday: Every 1–2 hours</li><li>Weekend: 1 trip a day</li></ul>
<h4>Stop: Performing Arts Center (Cal Poly)</h4>
<b>9 min walk</b><br>
Served by 10867637
<ul><li>Weekday: About hourly</li><li>Weekend: No service</li></ul>
]]>
    </description>
    <styleUrl>#bus</styleUrl>
    <Point>
      <coordinates>-120.65672185202887,35.30843240561113,0</coordinates>
    </Point>
  </Placemark>

  <Placemark>
    <name>Quarry Park</name>
    <description>
<![CDATA[
<h4>Stop: Plaza Alhambra &amp; Coronado St</h4>
<b>8 min walk</b><br>
Served by SamTrans 117
<ul><li>7 days a week: Every 30–45 minutes</li></ul>
]]>
    </description>
    <styleUrl>#bus</styleUrl>
    <Point>
      <coordinates>-122.4626109,37.5035177,0</coordinates>
    </Point>
  </Placemark>

  <Placemark>
    <name>Ragle Ranch Park</name>
    <description>
<![CDATA[
<h4>Stop: Ragle Park - Ragle Rd &amp; Covert Ln</h4>
<b>0 min walk</b><br>
Served by SCT 24
<ul><li>Weekday: Every 1–2 hours</li><li>Saturday: Every 1–2 hours</li><li>Sunday: No service</li></ul>
<h4>Stop: Healdsburg Ave &amp; Murphy Ave</h4>
<b>14 min walk</b><br>
Served by SCT 20, SCT 24, SCT 26
<ul><li>Weekday: Every 30–45 minutes</li><li>Saturday: About hourly</li><li>Sunday: Every 1–2 hours</li></ul>
]]>
    </description>
    <styleUrl>#bus</styleUrl>
    <Point>
      <coordinates>-122.8458676,38.4044738,0</coordinates>
    </Point>
  </Placemark>

  <Placemark>
    <name>Rancho Corral de Tierra: Almeria Trail</name>
    <description>
<![CDATA[
<h4>Stop: Ave Alhambra &amp; Vallejo St</h4>
<b>11 min walk</b><br>
Served by SamTrans 117
<ul><li>Weekday: About hourly</li><li>Weekend: Every 1–2 hours</li></ul>
]]>
    </description>
    <styleUrl>#bus</styleUrl>
    <Point>
      <coordinates>-122.4788951,37.5114502,0</coordinates>
    </Point>
  </Placemark>

  <Placemark>
    <name>Rancho Corral de Tierra: Farallone Cutoff</name>
    <description>
<![CDATA[
<h4>Stop: 2nd St &amp; Main St</h4>
<b>5 min walk</b><br>
Served by 120, GGT 130, SamTrans 117
<ul><li>Weekday: Frequent service</li><li>Weekend: Every 20–30 minutes</li></ul>
]]>
    </description>
    <styleUrl>#bus</styleUrl>
    <Point>
      <coordinates>-122.5118061,37.5453737,0</coordinates>
    </Point>
  </Placemark>

  <Placemark>
    <name>Redwood National and State Parks / Prairie Creek Redwoods State Park: Prairie Creek Visitor Center</name>
    <description>
<![CDATA[
<h4>Stop: Prairie Creek Redwoods SP Visitor Ctr-NB</h4>
Cathedral Trees Trail: 0min; Prairie Creek Visitor Center: 3min; Elk Prairie Campground: 11min
<br>
<b>0 min walk</b><br>
Served by Redwood Coast Transit 20
<ul><li>Weekday: 2 trips a day</li><li>Saturday: 2 trips a day</li><li>Sunday: No service</li></ul>
]]>
    </description>
    <styleUrl>#bus</styleUrl>
    <Point>
      <coordinates>-124.020887,41.3637877,0</coordinates>
    </Point>
  </Placemark>

  <Placemark>
    <name>Redwood National and State Parks: Hidden Beach Trailhead</name>
    <description>
<![CDATA[
<h4>Stop: Trees of Mystery - NB</h4>
<b>2 min walk</b><br>
Served by Redwood Coast Transit 20
<ul><li>Weekday: 3 trips a day</li><li>Saturday: 3 trips a day</li><li>Sunday: No service</li></ul>
]]>
    </description>
    <styleUrl>#bus</styleUrl>
    <Point>
      <coordinates>-124.0880579,41.5842877,0</coordinates>
    </Point>
  </Placemark>

  <Placemark>
    <name>Redwood National and State Parks: Howland Hill Trailhead</name>
    <description>
<![CDATA[
<h4>Stop: Howland Hill &amp; Mathews Street Elk Valley Rancheria</h4>
<b>12 min walk</b><br>
Served by Redwood Coast Transit 4
<ul><li>Weekday: Every 1–2 hours</li><li>Saturday: 9 trips a day</li><li>Sunday: No service</li></ul>
]]>
    </description>
    <styleUrl>#bus</styleUrl>
    <Point>
      <coordinates>-124.1476892,41.7567163,0</coordinates>
    </Point>
  </Placemark>

  <Placemark>
    <name>Redwood National and State Parks: Yurok Loop Trail</name>
    <description>
<![CDATA[
<h4>Stop: Wilson Creek Beach Rest Area</h4>
<b>0 min walk</b><br>
Served by Redwood Coast Transit 20
<ul><li>Weekday: 6 trips a day</li><li>Saturday: 6 trips a day</li><li>Sunday: No service</li></ul>
]]>
    </description>
    <styleUrl>#bus</styleUrl>
    <Point>
      <coordinates>-124.0997769,41.594556,0</coordinates>
    </Point>
  </Placemark>

  <Placemark>
    <name>Reservoir Canyon Natural Reserve: San Luis Dr</name>
    <description>
<![CDATA[
<h4>Stop: Monterey at Grand</h4>
<b>14 min walk</b><br>
Served by trolley
<ul><li>Weekday: 5 trips a day</li><li>Saturday: Every 1–2 hours</li><li>Sunday: No service</li></ul>
]]>
    </description>
    <styleUrl>#bus</styleUrl>
    <Point>
      <coordinates>-120.64387121987247,35.29219447315818,0</coordinates>
    </Point>
  </Placemark>

  <Placemark>
    <name>Reservoir Canyon Natural Reserve: Sydney St</name>
    <description>
<![CDATA[
<h4>Stop: Johnson at Sydney</h4>
<b>10 min walk</b><br>
Served by 10866892
<ul><li>7 days a week: Every 1–2 hours</li></ul>
]]>
    </description>
    <styleUrl>#bus</styleUrl>
    <Point>
      <coordinates>-120.6399179221336,35.274283063011815,0</coordinates>
    </Point>
  </Placemark>

  <Placemark>
    <name>Ring Mountain Preserve: Reed Ranch Rd</name>
    <description>
<![CDATA[
<h4>Stop: Tiburon Blvd &amp; Reed Ranch Rd</h4>
<b>15 min walk</b><br>
Served by Marin Transit 219
<ul><li>Weekday: About hourly</li><li>Weekend: Every 1–2 hours</li></ul>
]]>
    </description>
    <styleUrl>#bus</styleUrl>
    <Point>
      <coordinates>-122.489834,37.901564,0</coordinates>
    </Point>
  </Placemark>

  <Placemark>
    <name>Rip Van Winkle Open Space Preserve</name>
    <description>
<![CDATA[
<h4>Stop: Sinex / 17 Mile Drive</h4>
<b>8 min walk</b><br>
Served by 2
<ul><li>7 days a week: Frequent service</li></ul>
]]>
    </description>
    <styleUrl>#bus</styleUrl>
    <Point>
      <coordinates>-121.93177446454064,36.61337958505668,0</coordinates>
    </Point>
  </Placemark>

  <Placemark>
    <name>Sacramento River Trail: Downtown Redding</name>
    <description>
<![CDATA[
<h4>Stop: Court St at 11th St</h4>
<b>10 min walk</b><br>
Served by RABA 11, RABA 14
<ul><li>Weekday: About hourly</li><li>Saturday: 9 trips a day</li><li>Sunday: No service</li></ul>
]]>
    </description>
    <styleUrl>#bus</styleUrl>
    <Point>
      <coordinates>-122.40182782667961,40.59142306674058,0</coordinates>
    </Point>
  </Placemark>

  <Placemark>
    <name>Samuel P Taylor State Park</name>
    <description>
<![CDATA[
<h4>Stop: Sir Francis Drake Blvd &amp; Samuel P Taylor Park</h4>
<b>0 min walk</b><br>
Served by Marin Transit 68
<ul><li>Weekday: 9 trips a day</li><li>Weekend: 7 trips a day</li></ul>
]]>
    </description>
    <styleUrl>#bus</styleUrl>
    <Point>
      <coordinates>-122.729507,38.019627,0</coordinates>
    </Point>
  </Placemark>

  <Placemark>
    <name>San Bruno Mountain State Park: Juncus Ravine Trail</name>
    <description>
<![CDATA[
<h4>Stop: Chestnut Ave &amp; Hillside Blvd</h4>
<b>4 min walk</b><br>
Served by South City Shuttle BLUE
<ul><li>Weekday: About hourly</li><li>Weekend: No service</li></ul>
<h4>Stop: Grand Ave &amp; Chestnut Ave</h4>
<b>18 min walk</b><br>
Served by SamTrans 130
<ul><li>7 days a week: Frequent service</li></ul>
]]>
    </description>
    <styleUrl>#bus</styleUrl>
    <Point>
      <coordinates>-122.4250187,37.6681001,0</coordinates>
    </Point>
  </Placemark>

  <Placemark>
    <name>San Bruno Mountain State Park: Royce Way</name>
    <description>
<![CDATA[
<h4>Stop: Colma</h4>
<b>23 min walk</b><br>
Served by BART Red, BART Yellow
<ul><li>7 days a week: Frequent service</li></ul>
<h4>Stop: Orange St &amp; Chester St</h4>
<b>5 min walk</b><br>
Served by SamTrans 130
<ul><li>7 days a week: Frequent service</li></ul>
]]>
    </description>
    <styleUrl>#bus</styleUrl>
    <Point>
      <coordinates>-122.4541179,37.6920739,0</coordinates>
    </Point>
  </Placemark>

  <Placemark>
    <name>San Francisco Bay Trail: Marina Park</name>
    <description>
<![CDATA[
<h4>Stop: Aurora Dr &amp; Fairway Dr</h4>
<b>8 min walk</b><br>
Served by AC Transit 35
<ul><li>Weekday: Every 20–30 minutes</li><li>Weekend: Every 30–45 minutes</li></ul>
]]>
    </description>
    <styleUrl>#bus</styleUrl>
    <Point>
      <coordinates>-122.1851602,37.6926164,0</coordinates>
    </Point>
  </Placemark>

  <Placemark>
    <name>San Pedro Mountain Preserve: Corkscrew Trail</name>
    <description>
<![CDATA[
<h4>Stop: Vendola Dr &amp; Estancia Way</h4>
<b>5 min walk</b><br>
Served by Marin Transit 233
<ul><li>Weekday: Every 1–2 hours</li><li>Weekend: 9 trips a day</li></ul>
]]>
    </description>
    <styleUrl>#bus</styleUrl>
    <Point>
      <coordinates>-122.506385138335,38.0126508057111,0</coordinates>
    </Point>
  </Placemark>

  <Placemark>
    <name>San Pedro Mountain Preserve: San Pablo Ave</name>
    <description>
<![CDATA[
<h4>Stop: Civic Center Dr &amp; N San Pedro Rd</h4>
<b>9 min walk</b><br>
Served by Marin Transit 233, Marin Transit 35, Marin Transit 49
<ul><li>7 days a week: Frequent service</li></ul>
<h4>Stop: N San Pedro Rd Bus Pad</h4>
<b>16 min walk</b><br>
Served by Marin Transit 245, Marin Transit 71
<ul><li>7 days a week: Frequent service</li></ul>
]]>
    </description>
    <styleUrl>#bus</styleUrl>
    <Point>
      <coordinates>-122.5283665,37.9946109,0</coordinates>
    </Point>
  </Placemark>

  <Placemark>
    <name>San Pedro Mountain Preserve: Woodoaks Trailhead</name>
    <description>
<![CDATA[
<h4>Stop: Civic Center Dr &amp; N San Pedro Rd</h4>
<b>14 min walk</b><br>
Served by Marin Transit 233, Marin Transit 35, Marin Transit 49
<ul><li>7 days a week: Frequent service</li></ul>
<h4>Stop: N San Pedro Rd &amp; Woodoaks Dr</h4>
<b>2 min walk</b><br>
Served by Marin Transit 233
<ul><li>Weekday: Every 1–2 hours</li><li>Weekend: 9 trips a day</li></ul>
]]>
    </description>
    <styleUrl>#bus</styleUrl>
    <Point>
      <coordinates>-122.5204723,38.0015823,0</coordinates>
    </Point>
  </Placemark>

  <Placemark>
    <name>San Pedro Valley Park: Montara Mountain Trail</name>
    <description>
<![CDATA[
<h4>Stop: Oddstad Blvd &amp; Terra Nova Blvd</h4>
<b>8 min walk</b><br>
Served by SamTrans 110
<ul><li>Weekday: Every 30–45 minutes</li><li>Weekend: About hourly</li></ul>
]]>
    </description>
    <styleUrl>#bus</styleUrl>
    <Point>
      <coordinates>-122.475943,37.5786938,0</coordinates>
    </Point>
  </Placemark>

  <Placemark>
    <name>San Pedro Valley Park: Weiler Ranch Rd Trail</name>
    <description>
<![CDATA[
<h4>Stop: Oddstad Blvd &amp; Terra Nova Blvd</h4>
<b>3 min walk</b><br>
Served by SamTrans 110
<ul><li>Weekday: Every 30–45 minutes</li><li>Weekend: About hourly</li></ul>
]]>
    </description>
    <styleUrl>#bus</styleUrl>
    <Point>
      <coordinates>-122.4754495,37.5815847,0</coordinates>
    </Point>
  </Placemark>

  <Placemark>
    <name>Sandholdt Beach</name>
    <description>
<![CDATA[
<h4>Stop: Highway 1 /  Dolan Road</h4>
<b>10 min walk</b><br>
Served by 28
<ul><li>7 days a week: Frequent service</li></ul>
]]>
    </description>
    <styleUrl>#bus</styleUrl>
    <Point>
      <coordinates>-121.78882780473506,36.79957858313588,0</coordinates>
    </Point>
  </Placemark>

  <Placemark>
    <name>Santa Venetia Marsh Preserve</name>
    <description>
<![CDATA[
<h4>Stop: N San Pedro Rd &amp; La Pasada Way</h4>
<b>11 min walk</b><br>
Served by Marin Transit 233
<ul><li>Weekday: Every 1–2 hours</li><li>Weekend: 9 trips a day</li></ul>
]]>
    </description>
    <styleUrl>#bus</styleUrl>
    <Point>
      <coordinates>-122.5153775,38.0182099,0</coordinates>
    </Point>
  </Placemark>

  <Placemark>
    <name>Shadow Cliffs Regional Recreation Area</name>
    <description>
<![CDATA[
<h4>Stop: Stanley Blvd &amp; Shadow Cliffs EB</h4>
<b>0 min walk</b><br>
Served by Wheels 10R
<ul><li>Weekday: Frequent service</li><li>Saturday: Frequent service</li><li>Sunday: Every 30–45 minutes</li></ul>
]]>
    </description>
    <styleUrl>#bus</styleUrl>
    <Point>
      <coordinates>-121.841661,37.6692998,0</coordinates>
    </Point>
  </Placemark>

  <Placemark>
    <name>Sierra National Forest: Big Sandy Road Trailhead</name>
    <description>
<![CDATA[
<h4>Stop: Tenaya Lodge</h4>
<b>5 min walk</b><br>
Served by YARTS Fresno HWY 41 (SEASONAL SERVICE)
<ul><li>Weekday: 4 trips a day</li><li>Saturday: 6 trips a day</li><li>Sunday: 4 trips a day</li></ul>
]]>
    </description>
    <styleUrl>#bus</styleUrl>
    <Point>
      <coordinates>-119.63567200580933,37.471823641416954,0</coordinates>
    </Point>
  </Placemark>

  <Placemark>
    <name>Skyline Watershed Ridge Trail</name>
    <description>
<![CDATA[
OPENING SOON - <a href="https://www.sfpuc.gov/construction-contracts/construction-projects/Southern-Skyline-Boulevard-Ridge-Trail-Extension ">CHECK CONSTRUCTION PROGRESS ON SF WATER WEBSITE</a>.<br><br>DAY-USE PERMIT REQUIRED: apply on SF Water website.
<br>
<h4>Stop: Hwy 92  &amp; Skyline Blvd</h4>
USE CAUTION WHEN CROSSING: Be patient crossing Hwy 92. Traffic can be heavy and you may have to wait. There is no signal and no marked crosswalk.
<br>
<b>2 min walk</b><br>
Served by SamTrans 294
<ul><li>7 days a week: Every 1–2 hours</li></ul>
]]>
    </description>
    <styleUrl>#bus</styleUrl>
    <Point>
      <coordinates>-122.367801,37.4945095,0</coordinates>
    </Point>
  </Placemark>

  <Placemark>
    <name>Skyline Wilderness Park</name>
    <description>
<![CDATA[
<h4>Stop: Imola Ave at Navarre St</h4>
<b>12 min walk</b><br>
Served by VINE Transit D
<ul><li>Weekday: Every 1–2 hours</li><li>Saturday: Every 1–2 hours</li><li>Sunday: No service</li></ul>
]]>
    </description>
    <styleUrl>#bus</styleUrl>
    <Point>
      <coordinates>-122.2491687,38.2796237,0</coordinates>
    </Point>
  </Placemark>

  <Placemark>
    <name>Skyline Wilderness Park: River-to-Ridge Trailhead</name>
    <description>
<![CDATA[
<h4>Stop: Soscol Ave at Magnolia Dr</h4>
<b>11 min walk</b><br>
Served by VINE Transit 10, VINE Transit 11
<ul><li>Weekday: Every 1–2 hours</li><li>Saturday: Every 1–2 hours</li><li>Sunday: About hourly</li></ul>
]]>
    </description>
    <styleUrl>#bus</styleUrl>
    <Point>
      <coordinates>-122.2716902,38.270009,0</coordinates>
    </Point>
  </Placemark>

  <Placemark>
    <name>Sonoma Coast State Park: Islands in the Sky Trailhead</name>
    <description>
<![CDATA[
<h4>Stop: Duncans Mills/Moscow Rd (Westbound)</h4>
<b>14 min walk</b><br>
Served by SCT 28
<ul><li>Weekday: 3 trips a day</li><li>Saturday: 3 trips a day</li><li>Sunday: No service</li></ul>
]]>
    </description>
    <styleUrl>#bus</styleUrl>
    <Point>
      <coordinates>-123.0504132,38.4493669,0</coordinates>
    </Point>
  </Placemark>

  <Placemark>
    <name>Sonoma Valley Regional Park: Arnold Dr</name>
    <description>
<![CDATA[
<h4>Stop: Arnold Dr</h4>
<b>4 min walk</b><br>
Served by SCT 30
<ul><li>7 days a week: Every 1–2 hours</li></ul>
]]>
    </description>
    <styleUrl>#bus</styleUrl>
    <Point>
      <coordinates>-122.5218648,38.3523732,0</coordinates>
    </Point>
  </Placemark>

  <Placemark>
    <name>Sonoma Valley Regional Park: Carmel Ave</name>
    <description>
<![CDATA[
<h4>Stop: Arnold Dr &amp; Warm Springs Rd</h4>
<b>5 min walk</b><br>
Served by SCT 30
<ul><li>7 days a week: 8 trips a day</li></ul>
]]>
    </description>
    <styleUrl>#bus</styleUrl>
    <Point>
      <coordinates>-122.5240739,38.3606091,0</coordinates>
    </Point>
  </Placemark>

  <Placemark>
    <name>South Hills Natural Reserve: Stoneridge Trailhead</name>
    <description>
<![CDATA[
<h4>Stop: Broad at Sweeney (Brickyard)</h4>
<b>9 min walk</b><br>
Served by 10866826, 10866892
<ul><li>Weekday: About hourly</li><li>Weekend: Every 1–2 hours</li></ul>
]]>
    </description>
    <styleUrl>#bus</styleUrl>
    <Point>
      <coordinates>-120.65571544485765,35.261685465439186,0</coordinates>
    </Point>
  </Placemark>

  <Placemark>
    <name>South San Francisco Sign Hill: Trailhead (East)</name>
    <description>
<![CDATA[
<h4>Stop: South San Francisco</h4>
<b>18 min walk</b><br>
Served by Caltrain Express, Caltrain Limited, Caltrain Local Weekday, Caltrain Local Weekend
<ul><li>Weekday: Every 20–30 minutes</li><li>Weekend: Every 30–45 minutes</li></ul>
<h4>Stop: Grand Ave &amp; Spruce Ave</h4>
<b>9 min walk</b><br>
Served by SamTrans 130, SamTrans 141, South City Shuttle BLUE, South City Shuttle GREEN
<ul><li>7 days a week: Frequent service</li></ul>
]]>
    </description>
    <styleUrl>#bus</styleUrl>
    <Point>
      <coordinates>-122.411634,37.661148,0</coordinates>
    </Point>
  </Placemark>

  <Placemark>
    <name>South San Francisco Sign Hill: Trailhead (Poplar Ave)</name>
    <description>
<![CDATA[
<h4>Stop: Grand Ave &amp; Magnolia Ave</h4>
<b>12 min walk</b><br>
Served by SamTrans 130, South City Shuttle BLUE, South City Shuttle GREEN
<ul><li>7 days a week: Frequent service</li></ul>
]]>
    </description>
    <styleUrl>#bus</styleUrl>
    <Point>
      <coordinates>-122.4198116,37.662436,0</coordinates>
    </Point>
  </Placemark>

  <Placemark>
    <name>South San Francisco Sign Hill: Trailhead (West)</name>
    <description>
<![CDATA[
<h4>Stop: Grand Ave &amp; Chestnut Ave</h4>
<b>28 min walk</b><br>
Served by SamTrans 130
<ul><li>7 days a week: Frequent service</li></ul>
<h4>Stop: Chestnut Ave &amp; Hillside Blvd</h4>
<b>12 min walk</b><br>
Served by South City Shuttle BLUE
<ul><li>Weekday: About hourly</li><li>Weekend: No service</li></ul>
]]>
    </description>
    <styleUrl>#bus</styleUrl>
    <Point>
      <coordinates>-122.4220188,37.6651212,0</coordinates>
    </Point>
  </Placemark>

  <Placemark>
    <name>Spring Lake Regional Park: Carissa Ave</name>
    <description>
<![CDATA[
<h4>Stop: Summerfield Rd at Carissa Ave</h4>
<b>9 min walk</b><br>
Served by SR 8
<ul><li>Weekday: About hourly</li><li>Saturday: Every 1–2 hours</li><li>Sunday: 7 trips a day</li></ul>
]]>
    </description>
    <styleUrl>#bus</styleUrl>
    <Point>
      <coordinates>-122.6533698,38.437107,0</coordinates>
    </Point>
  </Placemark>

  <Placemark>
    <name>Spring Lake Regional Park: Parktrail Dr</name>
    <description>
<![CDATA[
<h4>Stop: Summerfield Rd at Shade Tree Ln</h4>
<b>11 min walk</b><br>
Served by SR 8
<ul><li>Weekday: About hourly</li><li>Saturday: Every 1–2 hours</li><li>Sunday: 7 trips a day</li></ul>
]]>
    </description>
    <styleUrl>#bus</styleUrl>
    <Point>
      <coordinates>-122.6523578,38.4407844,0</coordinates>
    </Point>
  </Placemark>

  <Placemark>
    <name>Spring Lake Regional Park: Stonehenge Dr</name>
    <description>
<![CDATA[
<h4>Stop: Summerfield Rd at Hoen Ave</h4>
<b>14 min walk</b><br>
Served by SR 8
<ul><li>Weekday: About hourly</li><li>Saturday: Every 1–2 hours</li><li>Sunday: 7 trips a day</li></ul>
]]>
    </description>
    <styleUrl>#bus</styleUrl>
    <Point>
      <coordinates>-122.6516128,38.4450221,0</coordinates>
    </Point>
  </Placemark>

  <Placemark>
    <name>St. Joseph&#x27;s Hill Preserve: Flume Trail / Los Gatos Creek Trail</name>
    <description>
<![CDATA[
<h4>Stop: Los Gatos-Saratoga &amp; Village Lane</h4>
Weekday service closer to trailhead at Main & Santa Cruz
<br>
<b>14 min walk</b><br>
Served by VTA 27
<ul><li>Weekday: Every 30–45 minutes</li><li>Saturday: About hourly</li><li>Sunday: Every 1–2 hours</li></ul>
]]>
    </description>
    <styleUrl>#bus</styleUrl>
    <Point>
      <coordinates>-121.981698,37.2213726,0</coordinates>
    </Point>
  </Placemark>

  <Placemark>
    <name>Standish-Hickey State Recreation Area</name>
    <description>
<![CDATA[
<h4>Stop: Hwy 101 - Leggett (Peg House)</h4>
Also served by Gold Runner 7
<br>
<b>5 min walk</b><br>
Served by HTA NSE101
<ul><li>Weekday: 8 trips a day</li><li>Saturday: 4 trips a day</li><li>Sunday: No service</li></ul>
]]>
    </description>
    <styleUrl>#bus</styleUrl>
    <Point>
      <coordinates>-123.7267195,39.8776688,0</coordinates>
    </Point>
  </Placemark>

  <Placemark>
    <name>Stanislaus National Forest: Buck Meadow Trailhead</name>
    <description>
<![CDATA[
<h4>Stop: Buck Meadows Lodge</h4>
<b>5 min walk</b><br>
Served by YARTS Sonora HWY 120 (SEASONAL SERVICE)
<ul><li>7 days a week: 4 trips a day</li></ul>
]]>
    </description>
    <styleUrl>#bus</styleUrl>
    <Point>
      <coordinates>-120.05532526905793,37.81862238944313,0</coordinates>
    </Point>
  </Placemark>

  <Placemark>
    <name>Stanislaus National Forest: Rush Creek Trail</name>
    <description>
<![CDATA[
<h4>Stop: Rush Creek Lodge</h4>
<b>11 min walk</b><br>
Served by YARTS Sonora HWY 120 (SEASONAL SERVICE)
<ul><li>7 days a week: 6 trips a day</li></ul>
]]>
    </description>
    <styleUrl>#bus</styleUrl>
    <Point>
      <coordinates>-119.87712858956183,37.81504986813284,0</coordinates>
    </Point>
  </Placemark>

  <Placemark>
    <name>Stoneman Trailhead</name>
    <description>
<![CDATA[
<h4>Stop: West Leland Rd &amp; John Henry Johnson Pky</h4>
<b>7 min walk</b><br>
Served by Tri Delta 370
<ul><li>Weekday: Frequent service</li><li>Weekend: Every 20–30 minutes</li></ul>
]]>
    </description>
    <styleUrl>#bus</styleUrl>
    <Point>
      <coordinates>-121.9200858,38.0092867,0</coordinates>
    </Point>
  </Placemark>

  <Placemark>
    <name>Sue-meg State Park</name>
    <description>
<![CDATA[
<h4>Stop: Sue-Meg Park</h4>
<b>0 min walk</b><br>
Served by Redwood Coast Transit 20
<ul><li>Weekday: 4 trips a day</li><li>Saturday: 4 trips a day</li><li>Sunday: No service</li></ul>
]]>
    </description>
    <styleUrl>#bus</styleUrl>
    <Point>
      <coordinates>-124.1554365,41.1347056,0</coordinates>
    </Point>
  </Placemark>

  <Placemark>
    <name>Sunrise Recreation Area</name>
    <description>
<![CDATA[
<h4>Stop: SUNRISE BLVD &amp; GOLD COUNTRY BLVD (NB)</h4>
<b>11 min walk</b><br>
Served by SacRT 124, SacRT 21
<ul><li>Weekday: Every 30–45 minutes</li><li>Saturday: About hourly</li><li>Sunday: Every 1–2 hours</li></ul>
]]>
    </description>
    <styleUrl>#bus</styleUrl>
    <Point>
      <coordinates>-121.26392260673289,38.63468205593356,0</coordinates>
    </Point>
  </Placemark>

  <Placemark>
    <name>Sunset Beach River Park</name>
    <description>
<![CDATA[
<h4>Stop: River Rd &amp; Westside Rd</h4>
<b>8 min walk</b><br>
Served by SCT 20, SCT 20X
<ul><li>Weekday: About hourly</li><li>Weekend: Every 1–2 hours</li></ul>
]]>
    </description>
    <styleUrl>#bus</styleUrl>
    <Point>
      <coordinates>-122.9349363,38.5020377,0</coordinates>
    </Point>
  </Placemark>

  <Placemark>
    <name>Susanville Ranch Park</name>
    <description>
<![CDATA[
<h4>Stop: Susanville Ranch Park</h4>
<b>0 min walk</b><br>
Served by Lassen Rural Bus Susanville City Route
<ul><li>Weekday: Every 1–2 hours</li><li>Saturday: 8 trips a day</li><li>Sunday: No service</li></ul>
]]>
    </description>
    <styleUrl>#bus</styleUrl>
    <Point>
      <coordinates>-120.66746485373355,40.43226821745118,0</coordinates>
    </Point>
  </Placemark>

  <Placemark>
    <name>Sweeney Ridge: Baquiano Trailhead</name>
    <description>
<![CDATA[
<h4>Stop: Crespi Dr &amp; Fassler Ave</h4>
<b>8 min walk</b><br>
Served by SamTrans 110
<ul><li>Weekday: Every 30–45 minutes</li><li>Weekend: About hourly</li></ul>
]]>
    </description>
    <styleUrl>#bus</styleUrl>
    <Point>
      <coordinates>-122.4786584,37.5994629,0</coordinates>
    </Point>
  </Placemark>

  <Placemark>
    <name>Sweeney Ridge: Mori Ridge</name>
    <description>
<![CDATA[
<h4>Stop: Hwy 1 &amp; Westport Dr</h4>
To get between the bus stop and Mori Ridge Rd, use neighborhood connector trail at Cullen Dr & Lundy Way.
<br>
<b>12 min walk</b><br>
Served by SamTrans 110, SamTrans PCX
<ul><li>Weekday: Frequent service</li><li>Weekend: Every 20–30 minutes</li></ul>
]]>
    </description>
    <styleUrl>#bus</styleUrl>
    <Point>
      <coordinates>-122.483295,37.6173132,0</coordinates>
    </Point>
  </Placemark>

  <Placemark>
    <name>Sweeney Ridge: Notch Trail</name>
    <description>
<![CDATA[
<h4>Stop: Skyline College Transit Ctr</h4>
<b>4 min walk</b><br>
Served by SamTrans 121, SamTrans 141, SamTrans SKY
<ul><li>7 days a week: Frequent service</li></ul>
]]>
    </description>
    <styleUrl>#bus</styleUrl>
    <Point>
      <coordinates>-122.4650602,37.6284175,0</coordinates>
    </Point>
  </Placemark>

  <Placemark>
    <name>Tahoe East Shore Trail</name>
    <description>
<![CDATA[
<h4>Stop: Tunnel Creek Bonanza (Depart)</h4>
<b>5 min walk</b><br>
Served by TART ML
<ul><li>7 days a week: Every 1–2 hours</li></ul>
]]>
    </description>
    <styleUrl>#bus</styleUrl>
    <Point>
      <coordinates>-119.9307997,39.2338146,0</coordinates>
    </Point>
  </Placemark>

  <Placemark>
    <name>Tahoe National Forest: Agate Rd</name>
    <description>
<![CDATA[
<h4>Stop: Hwy 28 at Agate Rd</h4>
<b>13 min walk</b><br>
Served by TART ML, TART NS89
<ul><li>7 days a week: About hourly</li></ul>
]]>
    </description>
    <styleUrl>#bus</styleUrl>
    <Point>
      <coordinates>-120.0763506,39.239167,0</coordinates>
    </Point>
  </Placemark>

  <Placemark>
    <name>Tahoe National Forest: Cambridge Dr</name>
    <description>
<![CDATA[
<h4>Stop: Hwy 267 and Cambridge Dr</h4>
<b>5 min walk</b><br>
Served by TART Hwy267
<ul><li>7 days a week: Every 1–2 hours</li></ul>
]]>
    </description>
    <styleUrl>#bus</styleUrl>
    <Point>
      <coordinates>-120.0298735,39.2490605,0</coordinates>
    </Point>
  </Placemark>

  <Placemark>
    <name>Tahoe National Forest: Carnelian Woods Ave</name>
    <description>
<![CDATA[
<h4>Stop: Hwy 28 at Carnelian Woods (Shelter)</h4>
<b>11 min walk</b><br>
Served by TART ML, TART NS89
<ul><li>7 days a week: About hourly</li></ul>
]]>
    </description>
    <styleUrl>#bus</styleUrl>
    <Point>
      <coordinates>-120.080805,39.2332083,0</coordinates>
    </Point>
  </Placemark>

  <Placemark>
    <name>Tahoe National Forest: Forest Road 15N65</name>
    <description>
<![CDATA[
<h4>Stop: Hwy 28 at Basecamp</h4>
<b>12 min walk</b><br>
Served by TART ML, TART NS89
<ul><li>7 days a week: About hourly</li></ul>
]]>
    </description>
    <styleUrl>#bus</styleUrl>
    <Point>
      <coordinates>-120.1426395,39.1766392,0</coordinates>
    </Point>
  </Placemark>

  <Placemark>
    <name>Tahoe National Forest: Grand Ave</name>
    <description>
<![CDATA[
<h4>Stop: Hwy 89 at Grand Ave</h4>
<b>9 min walk</b><br>
Served by TART ML
<ul><li>7 days a week: About hourly</li></ul>
]]>
    </description>
    <styleUrl>#bus</styleUrl>
    <Point>
      <coordinates>-120.17042,39.107303,0</coordinates>
    </Point>
  </Placemark>

  <Placemark>
    <name>Tahoe National Forest: Granite Chief Trail</name>
    <description>
<![CDATA[
<h4>Stop: Olympic Valley Clock Tower</h4>
<b>0 min walk</b><br>
Served by TART Hwy89, TART NS89
<ul><li>7 days a week: About hourly</li></ul>
]]>
    </description>
    <styleUrl>#bus</styleUrl>
    <Point>
      <coordinates>-120.2358442,39.198811,0</coordinates>
    </Point>
  </Placemark>

  <Placemark>
    <name>Tahoe National Forest: McKinney Ct</name>
    <description>
<![CDATA[
<h4>Stop: Hwy 89 at McKinney Rubicon Springs Rd</h4>
<b>13 min walk</b><br>
Served by TART ML
<ul><li>7 days a week: Every 1–2 hours</li></ul>
]]>
    </description>
    <styleUrl>#bus</styleUrl>
    <Point>
      <coordinates>-120.1435629,39.0639309,0</coordinates>
    </Point>
  </Placemark>

  <Placemark>
    <name>Tahoe National Forest: Meadow Rd</name>
    <description>
<![CDATA[
<h4>Stop: Hwy 89 at Ellis Rd</h4>
<b>7 min walk</b><br>
Served by TART ML
<ul><li>7 days a week: Every 1–2 hours</li></ul>
]]>
    </description>
    <styleUrl>#bus</styleUrl>
    <Point>
      <coordinates>-120.1548206,39.0739184,0</coordinates>
    </Point>
  </Placemark>

  <Placemark>
    <name>Tahoe National Forest: Pinedrop Ln</name>
    <description>
<![CDATA[
<h4>Stop: Hwy 267 and Cambridge Dr</h4>
<b>7 min walk</b><br>
Served by TART Hwy267
<ul><li>7 days a week: Every 1–2 hours</li></ul>
]]>
    </description>
    <styleUrl>#bus</styleUrl>
    <Point>
      <coordinates>-120.0348182,39.2480884,0</coordinates>
    </Point>
  </Placemark>

  <Placemark>
    <name>Tahoe National Forest: Powerline Trail</name>
    <description>
<![CDATA[
<h4>Stop: Herbert Ave/Red Lake Rd (Kelly Ridge)</h4>
<b>11 min walk</b><br>
Served by TTD 55
<ul><li>7 days a week: About hourly</li></ul>
]]>
    </description>
    <styleUrl>#bus</styleUrl>
    <Point>
      <coordinates>-119.9498505,38.932448,0</coordinates>
    </Point>
  </Placemark>

  <Placemark>
    <name>Tahoe National Forest: Road 16N87</name>
    <description>
<![CDATA[
<h4>Stop: Hwy 28 at Deer St WB</h4>
<b>11 min walk</b><br>
Served by TART Hwy267, TART ML, TART NS89
<ul><li>7 days a week: Every 30–45 minutes</li></ul>
]]>
    </description>
    <styleUrl>#bus</styleUrl>
    <Point>
      <coordinates>-120.0269673,39.2435463,0</coordinates>
    </Point>
  </Placemark>

  <Placemark>
    <name>Tahoe National Forest: Sans Souci Terrace</name>
    <description>
<![CDATA[
<h4>Stop: Hwy 89 at Homewood Sign</h4>
<b>0 min walk</b><br>
Served by TART ML
<ul><li>7 days a week: Every 1–2 hours</li></ul>
]]>
    </description>
    <styleUrl>#bus</styleUrl>
    <Point>
      <coordinates>-120.1614744,39.0864884,0</coordinates>
    </Point>
  </Placemark>

  <Placemark>
    <name>Tahoe National Forest: Shirley Canyon Trailhead</name>
    <description>
<![CDATA[
<h4>Stop: Olympic Valley Clock Tower</h4>
<b>11 min walk</b><br>
Served by TART Hwy89, TART NS89
<ul><li>7 days a week: About hourly</li></ul>
]]>
    </description>
    <styleUrl>#bus</styleUrl>
    <Point>
      <coordinates>-120.241292,39.1985221,0</coordinates>
    </Point>
  </Placemark>

  <Placemark>
    <name>Tahoe National Forest: Stateline Fire Lookout Trailhead</name>
    <description>
<![CDATA[
<h4>Stop: HWY 28 Crystal Bay Club (Shelter) - Depart</h4>
<b>15 min walk</b><br>
Served by TART ML
<ul><li>7 days a week: Every 1–2 hours</li></ul>
]]>
    </description>
    <styleUrl>#bus</styleUrl>
    <Point>
      <coordinates>-120.004102,39.2373857,0</coordinates>
    </Point>
  </Placemark>

  <Placemark>
    <name>Tahoe National Forest: Stewart Way</name>
    <description>
<![CDATA[
<h4>Stop: Hwy 267 and Stewart Way</h4>
<b>3 min walk</b><br>
Served by TART Hwy267
<ul><li>7 days a week: About hourly</li></ul>
]]>
    </description>
    <styleUrl>#bus</styleUrl>
    <Point>
      <coordinates>-120.0373117,39.2536893,0</coordinates>
    </Point>
  </Placemark>

  <Placemark>
    <name>Tahoe National Forest: Sugar Pine Rd</name>
    <description>
<![CDATA[
<h4>Stop: Hwy 89 Timberland Dr Lakeside</h4>
<b>13 min walk</b><br>
Served by TART ML
<ul><li>7 days a week: Every 1–2 hours</li></ul>
]]>
    </description>
    <styleUrl>#bus</styleUrl>
    <Point>
      <coordinates>-120.169359,39.1286322,0</coordinates>
    </Point>
  </Placemark>

  <Placemark>
    <name>Tahoe National Forest: Sweetwater Rd</name>
    <description>
<![CDATA[
<h4>Stop: Tunnel Creek Bonanza (Depart)</h4>
<b>9 min walk</b><br>
Served by TART ML
<ul><li>7 days a week: Every 1–2 hours</li></ul>
]]>
    </description>
    <styleUrl>#bus</styleUrl>
    <Point>
      <coordinates>-119.9257162,39.2395759,0</coordinates>
    </Point>
  </Placemark>

  <Placemark>
    <name>Tahoe National Forest: Tahoe City to Paige Meadows Trail</name>
    <description>
<![CDATA[
<h4>Stop: Hwy 89 at Granlibakken</h4>
<b>13 min walk</b><br>
Served by TART ML
<ul><li>7 days a week: Every 1–2 hours</li></ul>
]]>
    </description>
    <styleUrl>#bus</styleUrl>
    <Point>
      <coordinates>-120.151262,39.1572879,0</coordinates>
    </Point>
  </Placemark>

  <Placemark>
    <name>Tahoe National Forest: Tallac St</name>
    <description>
<![CDATA[
<h4>Stop: Hwy 28 at Center St</h4>
<b>6 min walk</b><br>
Served by TART ML, TART NS89
<ul><li>7 days a week: About hourly</li></ul>
]]>
    </description>
    <styleUrl>#bus</styleUrl>
    <Point>
      <coordinates>-120.0862156,39.2276891,0</coordinates>
    </Point>
  </Placemark>

  <Placemark>
    <name>Tahoe National Forest: Thunder Mountain Trail</name>
    <description>
<![CDATA[
<h4>Stop: Village at Palisades Tahoe - East</h4>
<b>5 min walk</b><br>
Served by TART Hwy89, TART NS89
<ul><li>Weekday: About hourly</li><li>Weekend: 9 trips a day</li></ul>
]]>
    </description>
    <styleUrl>#bus</styleUrl>
    <Point>
      <coordinates>-120.2362215,39.1950948,0</coordinates>
    </Point>
  </Placemark>

  <Placemark>
    <name>Tahoe National Forest: Waddle Ranch-Elizabethtown Meadows Trailhead</name>
    <description>
<![CDATA[
<h4>Stop: Sawmill Heights</h4>
<b>14 min walk</b><br>
Served by TART Hwy267
<ul><li>7 days a week: About hourly</li></ul>
]]>
    </description>
    <styleUrl>#bus</styleUrl>
    <Point>
      <coordinates>-120.1037182,39.2869219,0</coordinates>
    </Point>
  </Placemark>

  <Placemark>
    <name>Tahoe National Forest: Woodchuck Dr</name>
    <description>
<![CDATA[
<h4>Stop: Hwy 28 at Ridgewood Rd</h4>
<b>13 min walk</b><br>
Served by TART ML, TART NS89
<ul><li>7 days a week: About hourly</li></ul>
]]>
    </description>
    <styleUrl>#bus</styleUrl>
    <Point>
      <coordinates>-120.0953307,39.2164531,0</coordinates>
    </Point>
  </Placemark>

  <Placemark>
    <name>Tahoe Rim Trail: Tahoe City North Trailhead</name>
    <description>
<![CDATA[
<h4>Stop: Tahoe City Transit Center - Depart</h4>
<b>14 min walk</b><br>
Served by TART Hwy89, TART ML, TART NS89
<ul><li>7 days a week: Every 30–45 minutes</li></ul>
]]>
    </description>
    <styleUrl>#bus</styleUrl>
    <Point>
      <coordinates>-120.1488247,39.1692532,0</coordinates>
    </Point>
  </Placemark>

  <Placemark>
    <name>Tahoe Rim Trail: Tahoe City South</name>
    <description>
<![CDATA[
<h4>Stop: Tahoe City Transit Center - Depart</h4>
<b>6 min walk</b><br>
Served by TART Hwy89, TART ML, TART NS89
<ul><li>7 days a week: Every 30–45 minutes</li></ul>
]]>
    </description>
    <styleUrl>#bus</styleUrl>
    <Point>
      <coordinates>-120.1484779,39.1630773,0</coordinates>
    </Point>
  </Placemark>

  <Placemark>
    <name>Tahoe River Bike Trail</name>
    <description>
<![CDATA[
<h4>Stop: Hwy 89 at Alpine Meadows Rd (River Ranch)</h4>
<b>0 min walk</b><br>
Served by TART Hwy89, TART NS89
<ul><li>7 days a week: About hourly</li></ul>
]]>
    </description>
    <styleUrl>#bus</styleUrl>
    <Point>
      <coordinates>-120.195148,39.1869587,0</coordinates>
    </Point>
  </Placemark>

  <Placemark>
    <name>Terra Linda/Sleepy Hollow Preserve: Sleepy Hollow Ridge</name>
    <description>
<![CDATA[
<h4>Stop: Manuel T Freitas Pkwy &amp; Montecillo Rd</h4>
<b>14 min walk</b><br>
Served by Marin Transit 245, Marin Transit 57
<ul><li>Weekday: About hourly</li><li>Weekend: Every 1–2 hours</li></ul>
]]>
    </description>
    <styleUrl>#bus</styleUrl>
    <Point>
      <coordinates>-122.5687621,38.0071604,0</coordinates>
    </Point>
  </Placemark>

  <Placemark>
    <name>The &quot;P&quot; / Chapin Peak</name>
    <description>
<![CDATA[
<h4>Stop: Cal Poly Performing Arts Center</h4>
<b>5 min walk</b><br>
Served by SLORTA 10S, SLORTA 9N, SLORTA 9S
<ul><li>Weekday: Every 1–2 hours</li><li>Weekend: 1 trip a day</li></ul>
<h4>Stop: Performing Arts Center (Cal Poly)</h4>
<b>5 min walk</b><br>
Served by 10867637
<ul><li>Weekday: About hourly</li><li>Weekend: No service</li></ul>
]]>
    </description>
    <styleUrl>#bus</styleUrl>
    <Point>
      <coordinates>-120.65520272221296,35.30214412746561,0</coordinates>
    </Point>
  </Placemark>

  <Placemark>
    <name>Tiburon Open Space</name>
    <description>
<![CDATA[
<h4>Stop: Tiburon Blvd &amp; Gilmartin Dr</h4>
<b>12 min walk</b><br>
Served by Marin Transit 219
<ul><li>7 days a week: Every 30–45 minutes</li></ul>
]]>
    </description>
    <styleUrl>#bus</styleUrl>
    <Point>
      <coordinates>-122.4716289,37.8905981,0</coordinates>
    </Point>
  </Placemark>

  <Placemark>
    <name>Trinidad Head Trail</name>
    <description>
<![CDATA[
<h4>Stop: Main St &amp; View Ave - Trinidad NB Stop</h4>
<b>14 min walk</b><br>
Served by HTA RTS
<ul><li>Weekday: Every 1–2 hours</li><li>Saturday: 4 trips a day</li><li>Sunday: No service</li></ul>
<h4>Stop: Trinidad Park and Ride</h4>
<b>19 min walk</b><br>
Served by Redwood Coast Transit 20
<ul><li>Weekday: 4 trips a day</li><li>Saturday: 4 trips a day</li><li>Sunday: No service</li></ul>
]]>
    </description>
    <styleUrl>#bus</styleUrl>
    <Point>
      <coordinates>-124.1486732,41.0570704,0</coordinates>
    </Point>
  </Placemark>

  <Placemark>
    <name>Trione-Annadel State Park: Cobblestone Trailhead</name>
    <description>
<![CDATA[
<h4>Stop: Hwy 12 &amp; Los Alamos</h4>
<b>9 min walk</b><br>
Served by SCT 30, SCT 30X, SCT 34
<ul><li>Weekday: About hourly</li><li>Weekend: Every 1–2 hours</li></ul>
]]>
    </description>
    <styleUrl>#bus</styleUrl>
    <Point>
      <coordinates>-122.6386565,38.456596,0</coordinates>
    </Point>
  </Placemark>

  <Placemark>
    <name>Truckee Regional Park</name>
    <description>
<![CDATA[
<h4>Stop: Brockway Rd at Regional Park (Bus Shelter)</h4>
<b>0 min walk</b><br>
Served by TART Hwy267, TART TLR
<ul><li>7 days a week: About hourly</li></ul>
]]>
    </description>
    <styleUrl>#bus</styleUrl>
    <Point>
      <coordinates>-120.17706659626221,39.32634988758886,0</coordinates>
    </Point>
  </Placemark>

  <Placemark>
    <name>Tunnel Creek Trailhead</name>
    <description>
<![CDATA[
<h4>Stop: Tunnel Creek Bonanza (Depart)</h4>
<b>4 min walk</b><br>
Served by TART ML
<ul><li>7 days a week: Every 1–2 hours</li></ul>
]]>
    </description>
    <styleUrl>#bus</styleUrl>
    <Point>
      <coordinates>-119.9300442,39.234694,0</coordinates>
    </Point>
  </Placemark>

  <Placemark>
    <name>UCSC Campus Natural Reserve: Chinquapin Road Trailhead</name>
    <description>
<![CDATA[
<h4>Stop: McLaughlin Dr (UCSC - Crown &amp; Merrill College)</h4>
<b>7 min walk</b><br>
Served by Santa Cruz METRO 16, Santa Cruz METRO 18, Santa Cruz METRO 20
<ul><li>Weekday: Frequent service</li><li>Weekend: Every 30–45 minutes</li></ul>
]]>
    </description>
    <styleUrl>#bus</styleUrl>
    <Point>
      <coordinates>-122.05579863839273,37.0022567954563,0</coordinates>
    </Point>
  </Placemark>

  <Placemark>
    <name>UCSC Campus Natural Reserve: Heller Drive Trailhead</name>
    <description>
<![CDATA[
<h4>Stop: Heller Dr &amp; McLaughlin Dr (UCSC - Kresge College)</h4>
<b>8 min walk</b><br>
Served by Santa Cruz METRO 11, Santa Cruz METRO 16, Santa Cruz METRO 18, Santa Cruz METRO 19, Santa Cruz METRO 20
<ul><li>7 days a week: Frequent service</li></ul>
]]>
    </description>
    <styleUrl>#bus</styleUrl>
    <Point>
      <coordinates>-122.06596748079254,37.00332152476744,0</coordinates>
    </Point>
  </Placemark>

  <Placemark>
    <name>UCSC Campus Natural Reserve: Red Hill Road Trailhead</name>
    <description>
<![CDATA[
<h4>Stop: McLaughlin Dr (UCSC - Science Hill)</h4>
<b>5 min walk</b><br>
Served by Santa Cruz METRO 11, Santa Cruz METRO 16, Santa Cruz METRO 18, Santa Cruz METRO 19, Santa Cruz METRO 20
<ul><li>7 days a week: Frequent service</li></ul>
]]>
    </description>
    <styleUrl>#bus</styleUrl>
    <Point>
      <coordinates>-122.06199325352348,37.00191626290102,0</coordinates>
    </Point>
  </Placemark>

  <Placemark>
    <name>UCSC Campus Natural Reserve: Twin Gates</name>
    <description>
<![CDATA[
<h4>Stop: Empire Grade (at Mile 1306)</h4>
<b>8 min walk</b><br>
Served by Santa Cruz METRO 41
<ul><li>Weekday: Every 1–2 hours</li><li>Weekend: 4 trips a day</li></ul>
]]>
    </description>
    <styleUrl>#bus</styleUrl>
    <Point>
      <coordinates>-122.07921703221024,37.01783822002666,0</coordinates>
    </Point>
  </Placemark>

  <Placemark>
    <name>Unnamed Trail</name>
    <description>
<![CDATA[
<h4>Stop: Hwy 28 at Pino Grande Ave (Lakeside)</h4>
<b>4 min walk</b><br>
Served by TART ML, TART NS89
<ul><li>7 days a week: About hourly</li></ul>
]]>
    </description>
    <styleUrl>#bus</styleUrl>
    <Point>
      <coordinates>-120.0389591,39.2396805,0</coordinates>
    </Point>
  </Placemark>

  <Placemark>
    <name>Van Sickle Bi-State Park: Chonokis Road Trail</name>
    <description>
<![CDATA[
<h4>Stop: Stateline Transit Center</h4>
<b>15 min walk</b><br>
Served by TTD 22, TTD 50, TTD 55
<ul><li>7 days a week: Every 20–30 minutes</li></ul>
<h4>Stop: Stateline Transit Center</h4>
<b>15 min walk</b><br>
Served by El Dorado Transit Sac/SLT Connecting Bus
<ul><li>7 days a week: 2 trips a day</li></ul>
]]>
    </description>
    <styleUrl>#bus</styleUrl>
    <Point>
      <coordinates>-119.9434234,38.9502941,0</coordinates>
    </Point>
  </Placemark>

  <Placemark>
    <name>Van Sickle Bi-State Park: Main Entrance</name>
    <description>
<![CDATA[
<h4>Stop: Stateline Transit Center</h4>
<b>12 min walk</b><br>
Served by TTD 22, TTD 50, TTD 55
<ul><li>7 days a week: Every 20–30 minutes</li></ul>
<h4>Stop: Stateline Transit Center</h4>
<b>12 min walk</b><br>
Served by El Dorado Transit Sac/SLT Connecting Bus
<ul><li>7 days a week: 2 trips a day</li></ul>
]]>
    </description>
    <styleUrl>#bus</styleUrl>
    <Point>
      <coordinates>-119.9385113,38.9541186,0</coordinates>
    </Point>
  </Placemark>

  <Placemark>
    <name>Van Sickle Bi-State Park: Meadow Dr</name>
    <description>
<![CDATA[
<h4>Stop: SR 207/Market St</h4>
<b>11 min walk</b><br>
Served by TTD 22
<ul><li>7 days a week: 5 trips a day</li></ul>
]]>
    </description>
    <styleUrl>#bus</styleUrl>
    <Point>
      <coordinates>-119.9254479,38.9652906,0</coordinates>
    </Point>
  </Placemark>

  <Placemark>
    <name>Vargas Plateau Regional Park: Cliff Trail</name>
    <description>
<![CDATA[
<h4>Stop: Walnut Av &amp; Mission Blvd</h4>
<b>12 min walk</b><br>
Served by AC Transit 211
<ul><li>Weekday: Every 30–45 minutes</li><li>Weekend: About hourly</li></ul>
<h4>Stop: Walnut Av &amp; Overacker Av</h4>
<b>14 min walk</b><br>
Served by AC Transit 211
<ul><li>Weekday: Every 30–45 minutes</li><li>Weekend: About hourly</li></ul>
]]>
    </description>
    <styleUrl>#bus</styleUrl>
    <Point>
      <coordinates>-121.9554595,37.5698629,0</coordinates>
    </Point>
  </Placemark>

  <Placemark>
    <name>Venice State Beach</name>
    <description>
<![CDATA[
<h4>Stop: Hwy 1 &amp; Ruisseau Francais Ave</h4>
<b>5 min walk</b><br>
Served by SamTrans 117
<ul><li>7 days a week: Every 30–45 minutes</li></ul>
]]>
    </description>
    <styleUrl>#bus</styleUrl>
    <Point>
      <coordinates>-122.4498331,37.482123,0</coordinates>
    </Point>
  </Placemark>

  <Placemark>
    <name>Ward Creek Park</name>
    <description>
<![CDATA[
<h4>Stop: Hwy 89 at Ward Ave</h4>
<b>4 min walk</b><br>
Served by TART ML
<ul><li>7 days a week: Every 1–2 hours</li></ul>
]]>
    </description>
    <styleUrl>#bus</styleUrl>
    <Point>
      <coordinates>-120.1580162,39.1324046,0</coordinates>
    </Point>
  </Placemark>

  <Placemark>
    <name>Water Dog Lake South Trailhead</name>
    <description>
<![CDATA[
<h4>Stop: Continentals Way &amp; Lyall Way</h4>
<b>6 min walk</b><br>
Served by SamTrans 260
<ul><li>Weekday: About hourly</li><li>Weekend: Every 1–2 hours</li></ul>
]]>
    </description>
    <styleUrl>#bus</styleUrl>
    <Point>
      <coordinates>-122.300484,37.5107123,0</coordinates>
    </Point>
  </Placemark>

  <Placemark>
    <name>Wildcat Canyon Regional Park: Alvarado Staging Area</name>
    <description>
<![CDATA[
<h4>Stop: San Pablo Av &amp; Mc Bryde Av</h4>
<b>14 min walk</b><br>
Served by AC Transit 72
<ul><li>7 days a week: Frequent service</li></ul>
]]>
    </description>
    <styleUrl>#bus</styleUrl>
    <Point>
      <coordinates>-122.32226288123009,37.95133855907841,0</coordinates>
    </Point>
  </Placemark>

  <Placemark>
    <name>Wildcat Canyon Regional Park: North Arlington Boulevard</name>
    <description>
<![CDATA[
<h4>Stop: San Pablo Dam Rd &amp; Contra Costa Av</h4>
<b>13 min walk</b><br>
Served by AC Transit 70
<ul><li>Weekday: About hourly</li><li>Weekend: Every 1–2 hours</li></ul>
]]>
    </description>
    <styleUrl>#bus</styleUrl>
    <Point>
      <coordinates>-122.3242959,37.9538931,0</coordinates>
    </Point>
  </Placemark>

  <Placemark>
    <name>Wildcat Canyon Regional Park: Rifle Range Road Trailhead</name>
    <description>
<![CDATA[
<h4>Stop: Arlington Blvd &amp; Rifle Range Rd</h4>
<b>13 min walk</b><br>
Served by AC Transit 7
<ul><li>Weekday: About hourly</li><li>Weekend: Every 1–2 hours</li></ul>
]]>
    </description>
    <styleUrl>#bus</styleUrl>
    <Point>
      <coordinates>-122.2959367,37.9324669,0</coordinates>
    </Point>
  </Placemark>

  <Placemark>
    <name>Wilder Ranch State Park: Twin Gates</name>
    <description>
<![CDATA[
<h4>Stop: Empire Grade (at Mile 1306)</h4>
<b>8 min walk</b><br>
Served by Santa Cruz METRO 41
<ul><li>Weekday: Every 1–2 hours</li><li>Weekend: 4 trips a day</li></ul>
]]>
    </description>
    <styleUrl>#bus</styleUrl>
    <Point>
      <coordinates>-122.07959410712358,37.01757179655354,0</coordinates>
    </Point>
  </Placemark>

  <Placemark>
    <name>Yosemite National Park: Hodgdon Meadow</name>
    <description>
<![CDATA[
<h4>Stop: Big Oak Flat Park Entrance Gate</h4>
<b>10 min walk</b><br>
Served by YARTS Sonora HWY 120 (SEASONAL SERVICE)
<ul><li>7 days a week: 4 trips a day</li></ul>
]]>
    </description>
    <styleUrl>#bus</styleUrl>
    <Point>
      <coordinates>-119.86711461972058,37.80000276709465,0</coordinates>
    </Point>
  </Placemark>

  <Placemark>
    <name>Yosemite National Park: Mariposa Grove</name>
    <description>
<![CDATA[
<h4>Stop: Mariposa Grove</h4>
Served by YARTS Fresno HWY 41 (SEASONAL SERVICE)
<ul><li>Weekday: 4 trips a day</li><li>Saturday: 6 trips a day</li><li>Sunday: 4 trips a day</li></ul>
]]>
    </description>
    <styleUrl>#bus</styleUrl>
    <Point>
      <coordinates>-119.63006655365783,37.50676480094009,0</coordinates>
    </Point>
  </Placemark>

  <Placemark>
    <name>Yosemite National Park: Tuolumne Grove Trailhead</name>
    <description>
<![CDATA[
<h4>Stop: Crane Flat Gas Station</h4>
<b>13 min walk</b><br>
Served by YARTS Mammoth Lakes HWY 120E/395 (SEASONAL SERVICE), YARTS Sonora HWY 120 (SEASONAL SERVICE)
<ul><li>7 days a week: 8 trips a day</li></ul>
]]>
    </description>
    <styleUrl>#bus</styleUrl>
    <Point>
      <coordinates>-119.8058760342014,37.75825642638535,0</coordinates>
    </Point>
  </Placemark>

  <Placemark>
    <name>Yosemite National Park: Tuolumne Meadows Store</name>
    <description>
<![CDATA[
Access to various trails around the Tuolumne Meadows basin
<br>
<h4>Stop: Tuolumne Meadows Store</h4>
Served by YARTS Mammoth Lakes HWY 120E/395 (SEASONAL SERVICE)
<ul><li>7 days a week: 4 trips a day</li></ul>
]]>
    </description>
    <styleUrl>#bus</styleUrl>
    <Point>
      <coordinates>-119.35783,37.87367,0</coordinates>
    </Point>
  </Placemark>

  <Placemark>
    <name>Yosemite National Park: Tuolumne Meadows Visitor Center</name>
    <description>
<![CDATA[
Access to various trails around the Tuolumne Meadows basin
<br>
<h4>Stop: Tuolumne Meadows Visitors Ctr.</h4>
Served by YARTS Mammoth Lakes HWY 120E/395 (SEASONAL SERVICE)
<ul><li>7 days a week: 4 trips a day</li></ul>
]]>
    </description>
    <styleUrl>#bus</styleUrl>
    <Point>
      <coordinates>-119.37348,37.8723,0</coordinates>
    </Point>
  </Placemark>

  <Placemark>
    <name>Yosemite National Park: Wawona Store</name>
    <description>
<![CDATA[
<h4>Stop: Wawona Store</h4>
Served by YARTS Fresno HWY 41 (SEASONAL SERVICE)
<ul><li>Weekday: 4 trips a day</li><li>Saturday: 6 trips a day</li><li>Sunday: 4 trips a day</li></ul>
]]>
    </description>
    <styleUrl>#bus</styleUrl>
    <Point>
      <coordinates>-119.6580115333265,37.5377234206834,0</coordinates>
    </Point>
  </Placemark>

  <Placemark>
    <name>Yosemite National Park: White Wolf Lodge</name>
    <description>
<![CDATA[
<h4>Stop: White Wolf Lodge</h4>
<b>0 min walk</b><br>
Served by YARTS Mammoth Lakes HWY 120E/395 (SEASONAL SERVICE)
<ul><li>7 days a week: 4 trips a day</li></ul>
]]>
    </description>
    <styleUrl>#bus</styleUrl>
    <Point>
      <coordinates>-119.64903,37.86971,0</coordinates>
    </Point>
  </Placemark>

  <Placemark>
    <name>Yosemite National Park: Yosemite Valley</name>
    <description>
<![CDATA[
The entire Yosemite Valley is very transit-friendly. Check YARTS and Yosemite Valley shuttle maps for which stops to use for which trailheads.
<br>
<h4>Stop: Yosemite Village</h4>
Served by YARTS Fresno HWY 41 (SEASONAL SERVICE), YARTS Mammoth Lakes HWY 120E/395 (SEASONAL SERVICE), YARTS Merced HWY 140, YARTS Sonora HWY 120 (SEASONAL SERVICE)
<ul><li>7 days a week: Every 30–45 minutes</li></ul>
]]>
    </description>
    <styleUrl>#bus</styleUrl>
    <Point>
      <coordinates>-119.58692,37.74775,0</coordinates>
    </Point>
  </Placemark>
</Document></kml>
